1791101875 avail_mb=7310 python3:37MB python:36MB python3:30MB multipathd:26MB 
1791101880 avail_mb=7310 python3:37MB python:36MB python3:30MB multipathd:26MB 
1791101885 avail_mb=7310 python3:37MB python:36MB python3:30MB multipathd:26MB 
1791101890 avail_mb=7308 python3:37MB python:36MB python3:30MB multipathd:26MB 
1791101895 avail_mb=7308 python3:37MB python:36MB python3:30MB multipathd:26MB 
1791101900 avail_mb=7308 python3:37MB python:36MB python3:30MB multipathd:26MB 
1791101905 avail_mb=7308 python3:37MB python:36MB python3:30MB multipathd:26MB 
1791101910 avail_mb=7308 python3:37MB python:36MB python3:30MB multipathd:26MB 
1791101915 avail_mb=7308 python:69MB python3:37MB python3:30MB multipathd:26MB 
1791101920 avail_mb=5185 python:3286MB python3:37MB python3:30MB multipathd:26MB 
1791101925 avail_mb=5578 python:1575MB python3:37MB python3:30MB multipathd:26MB 
1791101930 avail_mb=5680 python:1581MB python3:37MB python3:30MB multipathd:26MB 
1791101935 avail_mb=5766 python:1594MB python3:37MB python3:30MB multipathd:26MB 
1791101940 avail_mb=5826 python:1613MB python3:37MB python3:30MB multipathd:26MB 
1791101945 avail_mb=5825 python:1619MB python3:37MB python3:30MB multipathd:26MB 
1791101950 avail_mb=5817 python:1633MB python3:37MB python3:30MB multipathd:26MB 
1791101955 avail_mb=5801 python:1649MB python3:37MB python3:30MB nodeagent:28MB 
1791101960 avail_mb=5800 python:1650MB python3:37MB python3:30MB nodeagent:28MB 
1791101965 avail_mb=5799 python:1651MB python3:37MB python3:30MB nodeagent:28MB 
1791101970 avail_mb=5773 python:1683MB python3:37MB python3:30MB nodeagent:28MB 
1791101975 avail_mb=5766 python:1687MB python3:37MB python3:30MB nodeagent:28MB 
1791101980 avail_mb=5760 python:1696MB python3:37MB python3:30MB nodeagent:28MB 
1791101986 avail_mb=5759 python:1701MB python3:37MB python3:30MB nodeagent:28MB 
1791101991 avail_mb=5735 python:1724MB python3:37MB python3:30MB nodeagent:28MB 
1791101996 avail_mb=5728 python:1735MB python3:37MB python3:30MB nodeagent:28MB 
1791102001 avail_mb=5728 python:1741MB python3:37MB python3:30MB nodeagent:28MB 
1791102006 avail_mb=5719 python:1751MB python3:37MB python3:30MB nodeagent:28MB 
1791102011 avail_mb=5715 python:1753MB python3:37MB python3:30MB nodeagent:28MB 
1791102016 avail_mb=5707 python:1761MB python3:37MB python3:30MB nodeagent:28MB 
1791102021 avail_mb=5703 python:1769MB python3:37MB python3:30MB nodeagent:28MB 
1791102026 avail_mb=5695 python:1777MB python3:37MB python3:30MB nodeagent:28MB 
1791102031 avail_mb=5690 python:1780MB python3:37MB python3:30MB nodeagent:28MB 
1791102036 avail_mb=5682 python:1785MB python3:37MB python3:30MB nodeagent:28MB 
1791102041 avail_mb=5677 python:1794MB python3:37MB python3:30MB nodeagent:28MB 
1791102046 avail_mb=5677 python:1796MB python3:37MB python3:30MB nodeagent:28MB 
1791102051 avail_mb=5672 python:1801MB python3:37MB python3:30MB nodeagent:28MB 
1791102056 avail_mb=5646 python:1824MB python3:37MB python3:30MB nodeagent:28MB 
1791102061 avail_mb=5641 python:1825MB python3:37MB python3:30MB nodeagent:28MB 
1791102066 avail_mb=5638 python:1828MB python3:37MB python3:30MB nodeagent:28MB 
1791102071 avail_mb=5634 python:1832MB python3:37MB python3:30MB nodeagent:28MB 
1791102076 avail_mb=5634 python:1834MB python3:37MB python3:30MB multipathd:26MB 
1791102081 avail_mb=5623 python:1844MB python3:37MB python3:30MB multipathd:26MB 
1791102086 avail_mb=5623 python:1847MB python3:37MB python3:30MB multipathd:26MB 
1791102091 avail_mb=5619 python:1856MB python3:37MB python3:30MB multipathd:26MB 
1791102096 avail_mb=5615 python:1860MB python3:37MB python3:30MB multipathd:26MB 
1791102101 avail_mb=5580 python:1874MB python3:37MB python3:30MB multipathd:26MB 
1791102106 avail_mb=5590 python:1847MB python3:37MB python3:30MB multipathd:26MB 
1791102111 avail_mb=5586 python:1843MB python3:37MB python3:30MB multipathd:26MB 
1791102116 avail_mb=5590 python:1846MB python3:37MB python3:30MB multipathd:26MB 
1791102121 avail_mb=5582 python:1865MB python3:37MB python3:30MB multipathd:26MB 
1791102126 avail_mb=5582 python:1865MB python3:37MB python3:30MB multipathd:26MB 
1791102131 avail_mb=5582 python:1865MB python3:37MB python3:30MB multipathd:26MB 
1791102136 avail_mb=5582 python:1876MB python3:37MB python3:30MB multipathd:26MB 
1791102141 avail_mb=5574 python:1887MB python3:37MB python3:30MB multipathd:26MB 
1791102146 avail_mb=5574 python:1894MB python3:37MB python3:30MB multipathd:26MB 
1791102152 avail_mb=5570 python:1896MB python3:37MB python3:30MB multipathd:26MB 
1791102157 avail_mb=5577 python:1872MB python3:37MB python3:30MB multipathd:26MB 
1791102162 avail_mb=5575 python:1881MB python3:37MB python3:30MB multipathd:26MB 
1791102167 avail_mb=5574 python:1888MB python3:37MB python3:30MB multipathd:26MB 
1791102172 avail_mb=5553 python:1888MB python3:37MB python3:30MB multipathd:26MB 
1791102177 avail_mb=5550 python:1892MB python3:37MB python3:30MB multipathd:26MB 
1791102182 avail_mb=5551 python:1893MB python3:37MB python3:30MB multipathd:26MB 
1791102187 avail_mb=5546 python:1900MB python3:37MB python3:30MB multipathd:26MB 
1791102192 avail_mb=5544 python:1906MB python3:37MB python3:30MB multipathd:26MB 
1791102197 avail_mb=5539 python:1906MB python3:37MB python3:30MB multipathd:26MB 
1791102202 avail_mb=5539 python:1906MB python3:37MB python3:30MB multipathd:26MB 
1791102207 avail_mb=5535 python:1906MB python3:37MB python3:30MB multipathd:26MB 
1791102212 avail_mb=5535 python:1906MB python3:37MB python3:30MB multipathd:26MB 
1791102217 avail_mb=5531 python:1909MB python3:37MB python3:30MB multipathd:26MB 
1791102222 avail_mb=5523 python:1915MB python3:37MB python3:30MB multipathd:26MB 
1791102227 avail_mb=5519 python:1915MB python3:37MB python3:30MB multipathd:26MB 
1791102232 avail_mb=5519 python:1924MB python3:37MB python3:30MB multipathd:26MB 
1791102237 avail_mb=5515 python:1925MB python3:37MB python3:30MB multipathd:26MB 
1791102242 avail_mb=5515 python:1925MB python3:37MB python3:30MB multipathd:26MB 
1791102247 avail_mb=5515 python:1925MB python3:37MB python3:30MB multipathd:26MB 
1791102252 avail_mb=5515 python:1925MB python3:37MB python3:30MB multipathd:26MB 
1791102257 avail_mb=5511 python:1931MB python3:37MB python3:30MB multipathd:26MB 
1791102262 avail_mb=5511 python:1931MB python3:37MB python3:30MB multipathd:26MB 
1791102267 avail_mb=5503 python:1931MB python3:37MB python3:30MB multipathd:26MB 
1791102272 avail_mb=5503 python:1937MB python3:37MB python3:30MB multipathd:26MB 
1791102277 avail_mb=5499 python:1939MB python3:37MB python3:30MB multipathd:26MB 
1791102282 avail_mb=5499 python:1940MB python3:37MB python3:30MB multipathd:26MB 
1791102287 avail_mb=5499 python:1944MB python3:37MB python3:30MB multipathd:26MB 
1791102292 avail_mb=5495 python:1946MB python3:37MB python3:30MB multipathd:26MB 
1791102297 avail_mb=5487 python:1948MB python3:37MB python3:30MB multipathd:26MB 
1791102302 avail_mb=5487 python:1957MB python3:37MB python3:30MB multipathd:26MB 
1791102307 avail_mb=5483 python:1959MB python3:37MB python3:30MB multipathd:26MB 
1791102312 avail_mb=5483 python:1964MB python3:37MB python3:30MB multipathd:26MB 
1791102318 avail_mb=5479 python:1964MB python3:37MB python3:30MB multipathd:26MB 
1791102323 avail_mb=5502 python:1941MB python3:37MB python3:30MB multipathd:26MB 
1791102328 avail_mb=5498 python:1942MB python3:37MB python3:30MB multipathd:26MB 
1791102333 avail_mb=5498 python:1943MB python3:37MB python3:30MB multipathd:26MB 
1791102338 avail_mb=5494 python:1931MB python3:37MB python3:30MB multipathd:26MB 
1791102343 avail_mb=5486 python:1942MB python3:37MB python3:30MB multipathd:26MB 
1791102348 avail_mb=5476 python:1945MB python3:37MB python3:30MB multipathd:26MB 
1791102353 avail_mb=5467 python:1945MB python3:37MB python3:30MB multipathd:26MB 
1791102358 avail_mb=5467 python:1949MB python3:37MB python3:30MB multipathd:26MB 
1791102363 avail_mb=5455 python:1962MB python3:37MB python3:30MB multipathd:26MB 
1791102368 avail_mb=5454 python:1974MB python3:37MB python3:30MB multipathd:26MB 
1791102373 avail_mb=5552 python:1904MB python3:37MB python3:30MB multipathd:26MB 
1791102378 avail_mb=5540 python:1927MB python3:37MB python3:30MB multipathd:26MB 
1791102383 avail_mb=5521 python:1945MB python3:37MB python3:30MB multipathd:26MB 
1791102388 avail_mb=5500 python:1966MB python3:37MB python3:30MB multipathd:26MB 
1791102393 avail_mb=5490 python:1971MB python3:37MB python3:30MB multipathd:26MB 
1791102398 avail_mb=5490 python:1981MB python3:37MB python3:30MB multipathd:26MB 
1791102403 avail_mb=5471 python:1991MB python3:37MB python3:30MB multipathd:26MB 
1791102408 avail_mb=5471 python:1991MB python3:37MB python3:30MB multipathd:26MB 
1791102413 avail_mb=5454 python:2001MB python3:37MB python3:30MB multipathd:26MB 
1791102418 avail_mb=5425 python:2002MB python3:37MB python3:30MB multipathd:26MB 
1791102423 avail_mb=5425 python:2002MB python3:37MB python3:30MB multipathd:26MB 
1791102428 avail_mb=5421 python:2009MB python3:37MB python3:30MB multipathd:26MB 
1791102433 avail_mb=5421 python:2009MB python3:37MB python3:30MB multipathd:26MB 
1791102438 avail_mb=5420 python:2009MB python3:37MB python3:30MB multipathd:26MB 
1791102443 avail_mb=5420 python:2022MB python3:37MB python3:30MB multipathd:26MB 
1791102448 avail_mb=5417 python:2031MB python3:37MB python3:30MB multipathd:26MB 
1791102453 avail_mb=5411 python:2024MB python3:37MB python3:30MB multipathd:26MB 
1791102459 avail_mb=5411 python:2024MB python3:37MB python3:30MB multipathd:26MB 
1791102464 avail_mb=5411 python:2027MB python3:37MB python3:30MB multipathd:26MB 
1791102469 avail_mb=5403 python:2033MB python3:37MB python3:30MB multipathd:26MB 
1791102474 avail_mb=5403 python:2040MB python3:37MB python3:30MB multipathd:26MB 
1791102479 avail_mb=5403 python:2040MB python3:37MB python3:30MB multipathd:26MB 
1791102484 avail_mb=5399 python:2040MB python3:37MB python3:30MB multipathd:26MB 
1791102489 avail_mb=5399 python:2040MB python3:37MB python3:30MB multipathd:26MB 
1791102494 avail_mb=5399 python:2040MB python3:37MB python3:30MB multipathd:26MB 
1791102499 avail_mb=5399 python:2040MB python3:37MB python3:30MB multipathd:26MB 
1791102504 avail_mb=5399 python:2040MB python3:37MB python3:30MB multipathd:26MB 
1791102509 avail_mb=5397 python:2040MB python3:37MB python3:30MB multipathd:26MB 
1791102514 avail_mb=5397 python:2040MB python3:37MB python3:30MB multipathd:26MB 
1791102519 avail_mb=5397 python:2040MB python3:37MB python3:30MB multipathd:26MB 
1791102524 avail_mb=5396 python:2041MB python3:37MB python3:30MB multipathd:26MB 
1791102529 avail_mb=5398 python:2041MB python3:37MB python3:30MB multipathd:26MB 
1791102534 avail_mb=5394 python:2042MB python3:37MB python3:30MB multipathd:26MB 
1791102539 avail_mb=5396 python:2047MB python3:37MB python3:30MB multipathd:26MB 
1791102544 avail_mb=5395 python:2047MB python3:37MB python3:30MB multipathd:26MB 
1791102549 avail_mb=5392 python:2047MB python3:37MB python3:30MB multipathd:26MB 
1791102554 avail_mb=5392 python:2047MB python3:37MB python3:30MB multipathd:26MB 
1791102559 avail_mb=5392 python:2047MB python3:37MB python3:30MB multipathd:26MB 
1791102564 avail_mb=5377 python:2047MB python3:37MB python3:30MB multipathd:26MB 
1791102569 avail_mb=5379 python:2047MB python3:37MB python3:30MB multipathd:26MB 
1791102574 avail_mb=5380 python:2047MB python3:37MB python3:30MB multipathd:26MB 
1791102579 avail_mb=5380 python:2047MB python3:37MB python3:30MB multipathd:26MB 
1791102584 avail_mb=5381 python:2047MB python3:37MB python3:30MB multipathd:26MB 
1791102589 avail_mb=5381 python:2047MB python3:37MB python3:30MB multipathd:26MB 
1791102594 avail_mb=5382 python:2047MB python3:37MB python3:30MB multipathd:26MB 
1791102599 avail_mb=5382 python:2047MB python3:37MB python3:30MB multipathd:26MB 
1791102604 avail_mb=5382 python:2047MB python3:37MB python3:30MB multipathd:26MB 
1791102609 avail_mb=5382 python:2047MB python3:37MB python3:30MB multipathd:26MB 
1791102614 avail_mb=5382 python:2047MB python3:37MB python3:30MB multipathd:26MB 
1791102619 avail_mb=5377 python:2053MB python3:37MB python3:30MB multipathd:26MB 
1791102624 avail_mb=5377 python:2053MB python3:37MB python3:30MB multipathd:26MB 
1791102629 avail_mb=5373 python:2055MB python3:37MB python3:30MB multipathd:26MB 
1791102634 avail_mb=5373 python:2055MB python3:37MB python3:30MB multipathd:26MB 
1791102639 avail_mb=5369 python:2057MB python3:37MB python3:30MB multipathd:26MB 
1791102644 avail_mb=5369 python:2058MB python3:37MB python3:30MB multipathd:26MB 
1791102649 avail_mb=5365 python:2057MB python3:37MB python3:30MB multipathd:26MB 
1791102654 avail_mb=5365 python:2057MB python3:37MB python3:30MB multipathd:26MB 
1791102659 avail_mb=5365 python:2057MB python3:37MB python3:30MB multipathd:26MB 
1791102664 avail_mb=5365 python:2057MB python3:37MB python3:30MB multipathd:26MB 
1791102669 avail_mb=5365 python:2059MB python3:37MB python3:30MB multipathd:26MB 
1791102674 avail_mb=5365 python:2060MB python3:37MB python3:30MB multipathd:26MB 
1791102679 avail_mb=5365 python:2060MB python3:37MB python3:30MB multipathd:26MB 
1791102684 avail_mb=5360 python:2060MB python3:37MB landscape-sysin:32MB python3:30MB 
1791102690 avail_mb=5381 python:2060MB python3:37MB python3:30MB multipathd:26MB 
1791102695 avail_mb=5381 python:2060MB python3:37MB python3:30MB multipathd:26MB 
1791102700 avail_mb=5381 python:2060MB python3:37MB python3:30MB multipathd:26MB 
1791102705 avail_mb=5381 python:2063MB python3:37MB python3:30MB multipathd:26MB 
1791102710 avail_mb=5381 python:2066MB python3:37MB python3:30MB multipathd:26MB 
1791102715 avail_mb=5376 python:2071MB python3:37MB python3:30MB multipathd:26MB 
1791102720 avail_mb=5376 python:2072MB python3:37MB python3:30MB multipathd:26MB 
1791102725 avail_mb=5372 python:2076MB python3:37MB python3:30MB multipathd:26MB 
1791102730 avail_mb=5372 python:2077MB python3:37MB python3:30MB multipathd:26MB 
1791102735 avail_mb=5372 python:2077MB python3:37MB python3:30MB multipathd:26MB 
1791102740 avail_mb=5371 python:2077MB python3:37MB python3:30MB multipathd:26MB 
1791102745 avail_mb=5371 python:2079MB python3:37MB python3:30MB multipathd:26MB 
1791102750 avail_mb=5359 python:2084MB python3:37MB python3:30MB multipathd:26MB 
1791102755 avail_mb=5661 python:1738MB python3:37MB python3:30MB multipathd:26MB 
1791102760 avail_mb=5625 python:1785MB python3:37MB python3:30MB multipathd:26MB 
1791102765 avail_mb=5620 python:1791MB python3:37MB python3:30MB multipathd:26MB 
1791102770 avail_mb=5593 python:1802MB python3:37MB python3:30MB multipathd:26MB 
1791102775 avail_mb=5593 python:1810MB python3:37MB python3:30MB multipathd:26MB 
1791102780 avail_mb=5568 python:1826MB python3:37MB python3:30MB multipathd:26MB 
1791102785 avail_mb=5559 python:1838MB python3:37MB python3:30MB multipathd:26MB 
1791102790 avail_mb=5544 python:1852MB python3:37MB python3:30MB multipathd:26MB 
1791102795 avail_mb=5534 python:1858MB python3:37MB python3:30MB multipathd:26MB 
1791102800 avail_mb=5530 python:1860MB python3:37MB python3:30MB multipathd:26MB 
1791102805 avail_mb=5526 python:1870MB python3:37MB python3:30MB multipathd:26MB 
1791102810 avail_mb=5492 python:1877MB python3:37MB python3:30MB multipathd:26MB 
1791102815 avail_mb=4491 python:3831MB python3:37MB python3:30MB multipathd:26MB 
1791102820 avail_mb=5680 python:1529MB python3:37MB python3:30MB multipathd:26MB 
1791102825 avail_mb=5692 python:1569MB python3:37MB python3:30MB multipathd:26MB 
1791102830 avail_mb=5713 python:1583MB python3:37MB python3:30MB multipathd:26MB 
1791102835 avail_mb=5711 python:1589MB python3:37MB python3:30MB multipathd:26MB 
1791102840 avail_mb=5704 python:1594MB python3:37MB python3:30MB multipathd:26MB 
1791102845 avail_mb=5704 python:1594MB python3:37MB python3:30MB multipathd:26MB 
1791102850 avail_mb=5700 python:1600MB python3:37MB python3:30MB multipathd:26MB 
1791102855 avail_mb=5700 python:1601MB python3:37MB python3:30MB multipathd:26MB 
1791102860 avail_mb=5698 python:1603MB python3:37MB python3:30MB multipathd:26MB 
1791102865 avail_mb=5698 python:1603MB python3:37MB python3:30MB multipathd:26MB 
1791102870 avail_mb=5695 python:1613MB python3:37MB python3:30MB multipathd:26MB 
1791102875 avail_mb=5695 python:1613MB python3:37MB python3:30MB multipathd:26MB 
1791102880 avail_mb=5690 python:1621MB python3:37MB python3:30MB multipathd:26MB 
1791102885 avail_mb=5689 python:1621MB python3:37MB python3:30MB multipathd:26MB 
1791102890 avail_mb=5686 python:1623MB python3:37MB python3:30MB multipathd:26MB 
1791102895 avail_mb=5682 python:1628MB python3:37MB python3:30MB multipathd:26MB 
1791102901 avail_mb=5677 python:1633MB python3:37MB python3:30MB multipathd:26MB 
1791102906 avail_mb=5672 python:1636MB python3:37MB python3:30MB multipathd:26MB 
1791102911 avail_mb=5673 python:1643MB python3:37MB python3:30MB multipathd:26MB 
1791102916 avail_mb=5668 python:1645MB python3:37MB python3:30MB multipathd:26MB 
1791102921 avail_mb=5668 python:1645MB python3:37MB python3:30MB multipathd:26MB 
1791102926 avail_mb=5668 python:1645MB python3:37MB python3:30MB multipathd:26MB 
1791102931 avail_mb=5667 python:1647MB python3:37MB python3:30MB multipathd:26MB 
1791102936 avail_mb=5667 python:1647MB python3:37MB python3:30MB multipathd:26MB 
1791102941 avail_mb=5663 python:1648MB python3:37MB python3:30MB multipathd:26MB 
1791102946 avail_mb=5659 python:1651MB python3:37MB python3:30MB multipathd:26MB 
1791102951 avail_mb=3538 python:3810MB python3:37MB python3:30MB multipathd:26MB 
1791102956 avail_mb=5362 python:1903MB python3:37MB python3:30MB multipathd:26MB 
1791102961 avail_mb=5344 python:1921MB python3:37MB python3:30MB multipathd:26MB 
1791102966 avail_mb=5342 python:1926MB python3:37MB python3:30MB multipathd:26MB 
1791102971 avail_mb=5323 python:1941MB python3:37MB python3:30MB multipathd:26MB 
1791102976 avail_mb=5323 python:1942MB python3:37MB python3:30MB multipathd:26MB 
1791102981 avail_mb=5327 python:1925MB python3:37MB python3:30MB multipathd:26MB 
1791102986 avail_mb=5310 python:1941MB python3:37MB python3:30MB multipathd:26MB 
1791102991 avail_mb=5305 python:1952MB python3:37MB python3:30MB multipathd:26MB 
1791102996 avail_mb=5287 python:1962MB python3:37MB python3:30MB multipathd:26MB 
1791103001 avail_mb=5248 python:1970MB python3:37MB python3:30MB multipathd:26MB 
1791103006 avail_mb=5236 python:1970MB python3:37MB python3:30MB multipathd:26MB 
1791103011 avail_mb=5236 python:1975MB python3:37MB python3:30MB multipathd:26MB 
1791103016 avail_mb=5234 python:1975MB python3:37MB python3:30MB multipathd:26MB 
1791103021 avail_mb=5237 python:1976MB python3:37MB python3:30MB multipathd:26MB 
1791103026 avail_mb=5218 python:1994MB python3:37MB python3:30MB multipathd:26MB 
1791103031 avail_mb=5214 python:2005MB python3:37MB python3:30MB multipathd:26MB 
1791103036 avail_mb=5201 python:2015MB python3:37MB python3:30MB multipathd:26MB 
1791103041 avail_mb=5201 python:2021MB python3:37MB python3:30MB multipathd:26MB 
1791103046 avail_mb=5189 python:2031MB python3:37MB python3:30MB multipathd:26MB 
1791103051 avail_mb=5189 python:2035MB python3:37MB python3:30MB multipathd:26MB 
1791103056 avail_mb=5176 python:2039MB python3:37MB python3:30MB multipathd:26MB 
1791103061 avail_mb=5193 python:2040MB python3:37MB python3:30MB multipathd:26MB 
1791103066 avail_mb=5176 python:2044MB python3:37MB python3:30MB multipathd:26MB 
1791103071 avail_mb=5176 python:2049MB python3:37MB python3:30MB multipathd:26MB 
1791103076 avail_mb=5156 python:2058MB python3:37MB python3:30MB multipathd:26MB 
1791103081 avail_mb=5156 python:2064MB python3:37MB python3:30MB multipathd:26MB 
1791103086 avail_mb=5154 python:2066MB python3:37MB python3:30MB multipathd:26MB 
1791103091 avail_mb=5154 python:2068MB python3:37MB python3:30MB multipathd:26MB 
1791103096 avail_mb=5152 python:2069MB python3:37MB python3:30MB multipathd:26MB 
1791103101 avail_mb=5182 python:2051MB python3:37MB python3:30MB multipathd:26MB 
1791103106 avail_mb=5182 python:2054MB python3:37MB python3:30MB multipathd:26MB 
1791103112 avail_mb=5182 python:2054MB python3:37MB python3:30MB multipathd:26MB 
1791103117 avail_mb=5178 python:2056MB python3:37MB python3:30MB multipathd:26MB 
1791103122 avail_mb=5178 python:2056MB python3:37MB python3:30MB multipathd:26MB 
1791103127 avail_mb=5158 python:2062MB python3:37MB python3:30MB multipathd:26MB 
1791103132 avail_mb=5157 python:2064MB python3:37MB python3:30MB multipathd:26MB 
1791103137 avail_mb=5157 python:2064MB python3:37MB python3:30MB multipathd:26MB 
1791103142 avail_mb=5153 python:2072MB python3:37MB python3:30MB multipathd:26MB 
1791103147 avail_mb=5152 python:2076MB python3:37MB python3:30MB multipathd:26MB 
1791103152 avail_mb=5151 python:2076MB python3:37MB python3:30MB multipathd:26MB 
1791103157 avail_mb=5153 python:2078MB python3:37MB python3:30MB multipathd:26MB 
1791103162 avail_mb=5149 python:2082MB python3:37MB python3:30MB multipathd:26MB 
1791103167 avail_mb=5137 python:2084MB python3:37MB python3:30MB multipathd:26MB 
1791103172 avail_mb=5136 python:2086MB python3:37MB python3:30MB multipathd:26MB 
1791103177 avail_mb=5136 python:2086MB python3:37MB python3:30MB multipathd:26MB 
1791103182 avail_mb=5136 python:2086MB python3:37MB python3:30MB multipathd:26MB 
1791103187 avail_mb=5132 python:2086MB python3:37MB python3:30MB multipathd:26MB 
1791103192 avail_mb=5125 python:2104MB python3:37MB python3:30MB multipathd:26MB 
1791103197 avail_mb=5117 python:2107MB python3:37MB python3:30MB multipathd:26MB 
1791103202 avail_mb=5117 python:2107MB python3:37MB python3:30MB multipathd:26MB 
1791103207 avail_mb=5105 python:2108MB python3:37MB python3:30MB multipathd:26MB 
1791103212 avail_mb=5105 python:2116MB python3:37MB python3:30MB multipathd:26MB 
1791103217 avail_mb=5106 python:2118MB python3:37MB python3:30MB multipathd:26MB 
1791103222 avail_mb=5102 python:2120MB python3:37MB python3:30MB multipathd:26MB 
1791103227 avail_mb=5102 python:2122MB python3:37MB python3:30MB multipathd:26MB 
1791103232 avail_mb=5098 python:2130MB python3:37MB python3:30MB multipathd:26MB 
1791103237 avail_mb=5090 python:2138MB python3:37MB python3:30MB multipathd:26MB 
1791103242 avail_mb=5119 python:2095MB python3:37MB python3:30MB multipathd:26MB 
1791103247 avail_mb=5115 python:2099MB python3:37MB python3:30MB multipathd:26MB 
1791103252 avail_mb=5111 python:2104MB python3:37MB python3:30MB multipathd:26MB 
1791103257 avail_mb=5086 python:2117MB python3:37MB python3:30MB multipathd:26MB 
1791103262 avail_mb=5341 python:1741MB python3:37MB python3:30MB multipathd:26MB 
1791103267 avail_mb=5345 python:1812MB python3:37MB python3:30MB multipathd:26MB 
1791103272 avail_mb=5341 python:1817MB python3:37MB python3:30MB multipathd:26MB 
1791103277 avail_mb=5336 python:1836MB python3:37MB python3:30MB multipathd:26MB 
1791103282 avail_mb=5336 python:1844MB python3:37MB python3:30MB multipathd:26MB 
1791103287 avail_mb=5327 python:1864MB python3:37MB python3:30MB multipathd:26MB 
1791103292 avail_mb=5311 python:1885MB python3:37MB python3:30MB multipathd:26MB 
1791103298 avail_mb=5300 python:1902MB python3:37MB python3:30MB multipathd:26MB 
1791103303 avail_mb=5290 python:1910MB python3:37MB python3:30MB multipathd:26MB 
1791103308 avail_mb=5290 python:1912MB python3:37MB python3:30MB multipathd:26MB 
1791103313 avail_mb=5286 python:1918MB python3:37MB python3:30MB multipathd:26MB 
1791103318 avail_mb=5252 python:1920MB python3:37MB python3:30MB multipathd:26MB 
1791103323 avail_mb=4980 python:3043MB python3:37MB python3:30MB multipathd:26MB 
1791103328 avail_mb=5840 python:1290MB python3:37MB python3:30MB multipathd:26MB 
1791103333 avail_mb=5835 python:1299MB python3:37MB python3:30MB multipathd:26MB 
1791103338 avail_mb=5835 python:1307MB python3:37MB python3:30MB multipathd:26MB 
1791103343 avail_mb=5834 python:1308MB python3:37MB python3:30MB multipathd:26MB 
1791103348 avail_mb=5833 python:1309MB python3:37MB python3:30MB multipathd:26MB 
1791103353 avail_mb=5833 python:1309MB python3:37MB python3:30MB multipathd:26MB 
1791103358 avail_mb=5833 python:1309MB python3:37MB python3:30MB multipathd:26MB 
1791103363 avail_mb=5828 python:1316MB python3:37MB python3:30MB multipathd:26MB 
1791103368 avail_mb=5827 python:1316MB python3:37MB python3:30MB multipathd:26MB 
1791103373 avail_mb=5823 python:1318MB python3:37MB python3:30MB multipathd:26MB 
1791103378 avail_mb=5823 python:1318MB python3:37MB python3:30MB multipathd:26MB 
1791103383 avail_mb=5823 python:1319MB python3:37MB python3:30MB multipathd:26MB 
1791103388 avail_mb=5823 python:1324MB python3:37MB python3:30MB multipathd:26MB 
1791103393 avail_mb=5823 python:1324MB python3:37MB python3:30MB multipathd:26MB 
1791103398 avail_mb=5823 python:1325MB python3:37MB python3:30MB multipathd:26MB 
1791103403 avail_mb=5819 python:1327MB python3:37MB python3:30MB multipathd:26MB 
1791103408 avail_mb=5819 python:1328MB python3:37MB python3:30MB multipathd:26MB 
1791103413 avail_mb=5817 python:1328MB python3:37MB python3:30MB multipathd:26MB 
1791103418 avail_mb=5817 python:1328MB python3:37MB python3:30MB multipathd:26MB 
1791103423 avail_mb=5817 python:1328MB python3:37MB python3:30MB multipathd:26MB 
1791103428 avail_mb=5817 python:1328MB python3:37MB python3:30MB multipathd:26MB 
1791103433 avail_mb=5813 python:1332MB python3:37MB python3:30MB multipathd:26MB 
1791103438 avail_mb=5801 python:1332MB python3:37MB python3:30MB multipathd:26MB 
1791103443 avail_mb=5798 python:1332MB python3:37MB python3:30MB multipathd:26MB 
1791103448 avail_mb=5426 python:1741MB python3:37MB python3:30MB multipathd:26MB 
1791103453 avail_mb=5387 python:1783MB python3:37MB python3:30MB multipathd:26MB 
1791103458 avail_mb=5375 python:1801MB python3:37MB python3:30MB multipathd:26MB 
1791103463 avail_mb=5363 python:1808MB python3:37MB python3:30MB multipathd:26MB 
1791103468 avail_mb=5362 python:1809MB python3:37MB python3:30MB multipathd:26MB 
1791103473 avail_mb=5362 python:1811MB python3:37MB python3:30MB nodeagent:28MB 
1791103478 avail_mb=5352 python:1823MB python3:37MB python3:30MB nodeagent:28MB 
1791103483 avail_mb=5348 python:1823MB python3:37MB python3:30MB nodeagent:28MB 
1791103488 avail_mb=5348 python:1823MB python3:37MB python3:30MB nodeagent:28MB 
1791103493 avail_mb=5343 python:1831MB python3:37MB python3:30MB nodeagent:28MB 
1791103498 avail_mb=5339 python:1833MB python3:37MB python3:30MB nodeagent:28MB 
1791103503 avail_mb=5331 python:1834MB python3:37MB python3:30MB nodeagent:28MB 
1791103508 avail_mb=5313 python:1841MB python3:37MB python3:30MB nodeagent:28MB 
1791103514 avail_mb=5285 python:1842MB python3:37MB python3:30MB nodeagent:28MB 
1791103519 avail_mb=5355 python:1774MB python3:37MB python3:30MB nodeagent:28MB 
1791103524 avail_mb=5343 python:1798MB python3:37MB python3:30MB nodeagent:28MB 
1791103529 avail_mb=5337 python:1807MB python3:37MB python3:30MB nodeagent:28MB 
1791103534 avail_mb=5321 python:1819MB python3:37MB python3:30MB nodeagent:28MB 
1791103539 avail_mb=5322 python:1816MB python3:37MB python3:30MB nodeagent:28MB 
1791103544 avail_mb=5316 python:1826MB python3:37MB python3:30MB nodeagent:28MB 
1791103549 avail_mb=5289 python:1848MB python3:37MB python3:30MB nodeagent:28MB 
1791103554 avail_mb=5285 python:1856MB python3:37MB python3:30MB nodeagent:28MB 
1791103559 avail_mb=5281 python:1859MB python3:37MB python3:30MB nodeagent:28MB 
1791103564 avail_mb=5265 python:1871MB python3:37MB python3:30MB nodeagent:28MB 
1791103569 avail_mb=5256 python:1886MB python3:37MB python3:30MB nodeagent:28MB 
1791103574 avail_mb=5211 python:1897MB python3:37MB python3:30MB nodeagent:28MB 
1791103579 avail_mb=5772 python:1302MB python3:37MB python3:30MB nodeagent:28MB 
1791103584 avail_mb=5845 python:1278MB python3:37MB python3:30MB nodeagent:28MB 
1791103589 avail_mb=5843 python:1280MB python3:37MB python3:30MB nodeagent:28MB 
1791103594 avail_mb=5838 python:1290MB python3:37MB python3:30MB nodeagent:28MB 
1791103599 avail_mb=5834 python:1292MB python3:37MB python3:30MB nodeagent:28MB 
1791103604 avail_mb=5834 python:1292MB python3:37MB python3:30MB nodeagent:28MB 
1791103609 avail_mb=5833 python:1293MB python3:37MB python3:30MB nodeagent:28MB 
1791103614 avail_mb=5833 python:1294MB python3:37MB python3:30MB nodeagent:28MB 
1791103619 avail_mb=5831 python:1299MB python3:37MB python3:30MB nodeagent:28MB 
1791103624 avail_mb=5831 python:1299MB python3:37MB python3:30MB nodeagent:28MB 
1791103629 avail_mb=5819 python:1299MB fwupd:45MB python3:37MB python3:30MB 
1791103634 avail_mb=5818 python:1299MB fwupd:45MB python3:37MB python3:30MB 
1791103639 avail_mb=5811 python:1308MB fwupd:45MB python3:37MB python3:30MB 
1791103644 avail_mb=5811 python:1310MB fwupd:45MB python3:37MB python3:30MB 
1791103649 avail_mb=5807 python:1310MB fwupd:45MB python3:37MB python3:30MB 
1791103654 avail_mb=5807 python:1310MB fwupd:45MB python3:37MB python3:30MB 
1791103659 avail_mb=5807 python:1312MB fwupd:45MB python3:37MB python3:30MB 
1791103664 avail_mb=5807 python:1312MB fwupd:45MB python3:37MB python3:30MB 
1791103669 avail_mb=5807 python:1312MB fwupd:45MB python3:37MB python3:30MB 
1791103674 avail_mb=5807 python:1312MB fwupd:45MB python3:37MB python3:30MB 
1791103679 avail_mb=5797 python:1330MB fwupd:45MB python3:37MB python3:30MB 
1791103684 avail_mb=5797 python:1330MB fwupd:45MB python3:37MB python3:30MB 
1791103689 avail_mb=5802 python:1332MB fwupd:45MB python3:37MB python3:30MB 
1791103694 avail_mb=5774 python:1338MB fwupd:45MB python3:37MB python3:30MB 
1791103699 avail_mb=5773 python:1338MB fwupd:45MB python3:37MB python3:30MB 
1791103704 avail_mb=5773 python:1338MB fwupd:45MB python3:37MB python3:30MB 
1791103709 avail_mb=5355 python:1749MB fwupd:45MB python3:37MB python3:30MB 
1791103714 avail_mb=5277 python:1868MB fwupd:45MB python3:37MB python3:30MB 
1791103719 avail_mb=5253 python:1894MB fwupd:45MB python3:37MB python3:30MB 
1791103724 avail_mb=5258 python:1895MB fwupd:45MB python3:37MB python3:30MB 
1791103730 avail_mb=5253 python:1897MB fwupd:45MB python3:37MB python3:30MB 
1791103735 avail_mb=5253 python:1899MB fwupd:45MB python3:37MB python3:30MB 
1791103740 avail_mb=5253 python:1902MB fwupd:45MB python3:37MB python3:30MB 
1791103745 avail_mb=5253 python:1902MB fwupd:45MB python3:37MB python3:30MB 
1791103750 avail_mb=5248 python:1904MB fwupd:45MB python3:37MB python3:30MB 
1791103755 avail_mb=5244 python:1912MB fwupd:45MB python3:37MB python3:30MB 
1791103760 avail_mb=5240 python:1916MB fwupd:45MB python3:37MB python3:30MB 
1791103765 avail_mb=5236 python:1920MB fwupd:45MB python3:37MB python3:30MB 
1791103770 avail_mb=5201 python:1923MB fwupd:45MB python3:37MB python3:30MB 
1791103775 avail_mb=5262 python:1818MB fwupd:45MB python3:37MB python3:30MB 
1791103780 avail_mb=5244 python:1892MB fwupd:45MB python3:37MB python3:30MB 
1791103785 avail_mb=5244 python:1892MB fwupd:45MB python3:37MB python3:30MB 
1791103790 avail_mb=5238 python:1898MB fwupd:45MB python3:37MB python3:30MB 
1791103795 avail_mb=5233 python:1911MB fwupd:45MB python3:37MB python3:30MB 
1791103800 avail_mb=5229 python:1920MB fwupd:45MB python3:37MB python3:30MB 
1791103805 avail_mb=5208 python:1940MB fwupd:45MB python3:37MB python3:30MB 
1791103810 avail_mb=5195 python:1952MB fwupd:45MB python3:37MB python3:30MB 
1791103815 avail_mb=5186 python:1960MB fwupd:45MB python3:37MB python3:30MB 
1791103820 avail_mb=5186 python:1961MB fwupd:45MB python3:37MB python3:30MB 
1791103825 avail_mb=5170 python:1980MB fwupd:45MB python3:37MB python3:30MB 
1791103830 avail_mb=5135 python:1983MB fwupd:45MB python3:37MB python3:30MB 
1791103835 avail_mb=5142 python:1983MB fwupd:45MB python3:37MB python3:30MB 
1791103840 avail_mb=5142 python:1984MB fwupd:45MB python3:37MB python3:30MB 
1791103845 avail_mb=5141 python:1984MB fwupd:45MB python3:37MB python3:30MB 
1791103850 avail_mb=5138 python:1992MB fwupd:45MB python3:37MB python3:30MB 
1791103855 avail_mb=5138 python:1992MB fwupd:45MB python3:37MB python3:30MB 
1791103860 avail_mb=5134 python:1994MB fwupd:45MB python3:37MB python3:30MB 
1791103865 avail_mb=5134 python:1997MB fwupd:45MB python3:37MB python3:30MB 
1791103870 avail_mb=5129 python:2003MB fwupd:45MB python3:37MB python3:30MB 
1791103875 avail_mb=5129 python:2003MB fwupd:45MB python3:37MB python3:30MB 
1791103880 avail_mb=5123 python:2008MB fwupd:45MB python3:37MB python3:30MB 
1791103885 avail_mb=5119 python:2010MB fwupd:45MB python3:37MB python3:30MB 
1791103890 avail_mb=5119 python:2012MB fwupd:45MB python3:37MB python3:30MB 
1791103895 avail_mb=5112 python:2016MB fwupd:45MB python3:37MB python3:30MB 
1791103900 avail_mb=5112 python:2018MB fwupd:45MB python3:37MB python3:30MB 
1791103905 avail_mb=5112 python:2018MB fwupd:45MB python3:37MB python3:30MB 
1791103910 avail_mb=5106 python:2034MB fwupd:45MB python3:37MB python3:30MB 
1791103915 avail_mb=5101 python:2038MB fwupd:45MB python3:37MB python3:30MB 
1791103920 avail_mb=5096 python:2041MB fwupd:45MB python3:37MB python3:30MB 
1791103925 avail_mb=5095 python:2045MB fwupd:45MB python3:37MB python3:30MB 
1791103930 avail_mb=5090 python:2052MB python3:37MB python3:30MB nodeagent:28MB 
1791103935 avail_mb=5090 python:2053MB python3:37MB python3:30MB nodeagent:28MB 
1791103940 avail_mb=5090 python:2054MB python3:37MB python3:30MB nodeagent:28MB 
1791103946 avail_mb=5078 python:2072MB python3:37MB python3:30MB nodeagent:28MB 
1791103951 avail_mb=5058 python:2075MB python3:37MB landscape-sysin:34MB python3:30MB 
1791103956 avail_mb=5046 python:2083MB python3:37MB python3:30MB nodeagent:28MB 
1791103961 avail_mb=5046 python:2085MB python3:37MB python3:30MB nodeagent:28MB 
1791103966 avail_mb=5034 python:2103MB python3:37MB python3:30MB nodeagent:28MB 
1791103971 avail_mb=5034 python:2105MB python3:37MB python3:30MB nodeagent:28MB 
1791103976 avail_mb=5034 python:2112MB python3:37MB python3:30MB nodeagent:28MB 
1791103981 avail_mb=5018 python:2131MB python3:37MB python3:30MB nodeagent:28MB 
1791103986 avail_mb=5018 python:2142MB python3:37MB python3:30MB nodeagent:28MB 
1791103991 avail_mb=5018 python:2142MB python3:37MB python3:30MB nodeagent:28MB 
1791103996 avail_mb=5013 python:2148MB python3:37MB python3:30MB nodeagent:28MB 
1791104001 avail_mb=5007 python:2132MB python3:37MB python3:30MB nodeagent:28MB 
1791104006 avail_mb=5007 python:2132MB python3:37MB python3:30MB nodeagent:28MB 
1791104011 avail_mb=5003 python:2139MB python3:37MB python3:30MB nodeagent:28MB 
1791104016 avail_mb=5004 python:2139MB python3:37MB python3:30MB nodeagent:28MB 
1791104021 avail_mb=5287 python:1790MB python3:37MB python3:30MB nodeagent:28MB 
1791104026 avail_mb=5263 python:1860MB python3:37MB python3:30MB nodeagent:28MB 
1791104031 avail_mb=5259 python:1862MB python3:37MB python3:30MB nodeagent:28MB 
1791104036 avail_mb=5243 python:1869MB python3:37MB python3:30MB nodeagent:28MB 
1791104041 avail_mb=5242 python:1879MB python3:37MB python3:30MB nodeagent:28MB 
1791104046 avail_mb=5212 python:1891MB python3:37MB python3:30MB nodeagent:28MB 
1791104051 avail_mb=5196 python:1900MB python3:37MB python3:30MB nodeagent:28MB 
1791104056 avail_mb=5174 python:1912MB python3:37MB python3:30MB nodeagent:28MB 
1791104061 avail_mb=5173 python:1915MB python3:37MB python3:30MB nodeagent:28MB 
1791104066 avail_mb=5167 python:1920MB python3:37MB python3:30MB nodeagent:28MB 
1791104071 avail_mb=5159 python:1929MB python3:37MB python3:30MB python3:29MB 
1791104076 avail_mb=5151 python:1932MB python3:37MB python3:30MB nodeagent:28MB 
1791104081 avail_mb=5895 python:1186MB python3:37MB python3:30MB nodeagent:28MB 
1791104086 avail_mb=5492 python:1488MB python3:37MB python3:30MB nodeagent:28MB 
1791104091 avail_mb=5491 python:1548MB python3:37MB python3:30MB nodeagent:28MB 
1791104096 avail_mb=5503 python:1559MB python3:37MB python3:30MB nodeagent:28MB 
1791104101 avail_mb=5503 python:1568MB python3:37MB python3:30MB nodeagent:28MB 
1791104106 avail_mb=5502 python:1572MB python3:37MB python3:30MB nodeagent:28MB 
1791104111 avail_mb=5492 python:1574MB python3:37MB python3:30MB nodeagent:28MB 
1791104116 avail_mb=5492 python:1575MB python3:37MB python3:30MB nodeagent:28MB 
1791104121 avail_mb=5492 python:1578MB python3:37MB python3:30MB nodeagent:28MB 
1791104126 avail_mb=5539 python:1539MB python3:37MB python3:30MB nodeagent:28MB 
1791104131 avail_mb=5534 python:1549MB python3:37MB python3:30MB nodeagent:28MB 
1791104137 avail_mb=5532 python:1554MB python3:37MB python3:30MB nodeagent:28MB 
1791104142 avail_mb=5525 python:1572MB python3:37MB python3:30MB nodeagent:28MB 
1791104147 avail_mb=5521 python:1580MB python3:37MB python3:30MB nodeagent:28MB 
1791104152 avail_mb=5520 python:1585MB python3:37MB python3:30MB nodeagent:28MB 
1791104157 avail_mb=5520 python:1586MB python3:37MB python3:30MB nodeagent:28MB 
1791104162 avail_mb=5520 python:1587MB python3:37MB python3:30MB nodeagent:28MB 
1791104167 avail_mb=5509 python:1595MB python3:37MB python3:30MB nodeagent:28MB 
1791104172 avail_mb=5504 python:1598MB python3:37MB python3:30MB nodeagent:28MB 
1791104177 avail_mb=5502 python:1602MB python3:37MB python3:30MB nodeagent:28MB 
1791104182 avail_mb=5499 python:1605MB python3:37MB python3:30MB nodeagent:28MB 
1791104187 avail_mb=5492 python:1613MB python3:37MB python3:30MB nodeagent:28MB 
1791104192 avail_mb=5490 python:1614MB python3:37MB python3:30MB nodeagent:28MB 
1791104197 avail_mb=5489 python:1614MB python3:37MB python3:30MB nodeagent:28MB 
1791104202 avail_mb=5461 python:1614MB python3:37MB python3:30MB nodeagent:28MB 
1791104207 avail_mb=5244 python:1819MB python3:37MB python3:30MB nodeagent:28MB 
1791104212 avail_mb=5151 python:1919MB python3:37MB python3:30MB nodeagent:28MB 
1791104217 avail_mb=5141 python:1929MB python3:37MB python3:30MB nodeagent:28MB 
1791104222 avail_mb=5127 python:1944MB python3:37MB python3:30MB nodeagent:28MB 
1791104227 avail_mb=5122 python:1948MB python3:37MB python3:30MB nodeagent:28MB 
1791104232 avail_mb=5107 python:1966MB python3:37MB python3:30MB nodeagent:28MB 
1791104237 avail_mb=5107 python:1966MB python3:37MB python3:30MB nodeagent:28MB 
1791104242 avail_mb=5103 python:1971MB python3:37MB python3:30MB nodeagent:28MB 
1791104247 avail_mb=5098 python:1978MB python3:37MB python3:30MB nodeagent:28MB 
1791104252 avail_mb=5094 python:1980MB python3:37MB python3:30MB nodeagent:28MB 
1791104257 avail_mb=5094 python:1982MB python3:37MB python3:30MB nodeagent:28MB 
1791104262 avail_mb=5064 python:1982MB python3:37MB python3:30MB nodeagent:28MB 
1791104267 avail_mb=5176 python:1865MB python3:37MB python3:30MB nodeagent:28MB 
1791104272 avail_mb=5133 python:1937MB python3:37MB python3:30MB nodeagent:28MB 
1791104277 avail_mb=5131 python:1935MB python3:37MB python3:30MB nodeagent:28MB 
1791104282 avail_mb=5129 python:1945MB python3:37MB python3:30MB nodeagent:28MB 
1791104287 avail_mb=5121 python:1961MB python3:37MB python3:30MB nodeagent:28MB 
1791104292 avail_mb=5115 python:1973MB python3:37MB python3:30MB nodeagent:28MB 
1791104297 avail_mb=5084 python:2007MB python3:37MB python3:30MB nodeagent:28MB 
1791104302 avail_mb=5079 python:2010MB python3:37MB python3:30MB nodeagent:28MB 
1791104307 avail_mb=5078 python:2012MB python3:37MB python3:30MB nodeagent:28MB 
1791104312 avail_mb=5074 python:2016MB python3:37MB python3:30MB nodeagent:28MB 
1791104317 avail_mb=5062 python:2030MB python3:37MB python3:30MB nodeagent:28MB 
1791104322 avail_mb=5036 python:2031MB python3:37MB landscape-sysin:35MB python3:30MB 
1791104328 avail_mb=5030 python:2037MB python3:37MB python3:30MB nodeagent:28MB 
1791104333 avail_mb=5391 python:1531MB python3:37MB python3:30MB nodeagent:28MB 
1791104338 avail_mb=5402 python:1600MB python3:37MB python3:30MB nodeagent:28MB 
1791104343 avail_mb=5428 python:1612MB python3:37MB python3:30MB nodeagent:28MB 
1791104348 avail_mb=5420 python:1628MB python3:37MB python3:30MB nodeagent:28MB 
1791104353 avail_mb=5418 python:1629MB python3:37MB python3:30MB nodeagent:28MB 
1791104358 avail_mb=5418 python:1630MB python3:37MB python3:30MB nodeagent:28MB 
1791104363 avail_mb=5416 python:1631MB python3:37MB python3:30MB nodeagent:28MB 
1791104368 avail_mb=5411 python:1639MB python3:37MB python3:30MB nodeagent:28MB 
1791104373 avail_mb=5410 python:1644MB python3:37MB python3:30MB nodeagent:28MB 
1791104378 avail_mb=5410 python:1645MB python3:37MB python3:30MB nodeagent:28MB 
1791104383 avail_mb=5408 python:1646MB python3:37MB python3:30MB nodeagent:28MB 
1791104388 avail_mb=5408 python:1648MB python3:37MB python3:30MB nodeagent:28MB 
1791104393 avail_mb=5407 python:1653MB python3:37MB python3:30MB nodeagent:28MB 
1791104398 avail_mb=5405 python:1653MB python3:37MB python3:30MB nodeagent:28MB 
1791104403 avail_mb=5405 python:1654MB python3:37MB python3:30MB nodeagent:28MB 
1791104408 avail_mb=5404 python:1659MB python3:37MB python3:30MB nodeagent:28MB 
1791104413 avail_mb=5403 python:1667MB python3:37MB python3:30MB nodeagent:28MB 
1791104418 avail_mb=5401 python:1667MB python3:37MB python3:30MB nodeagent:28MB 
1791104423 avail_mb=5401 python:1667MB python3:37MB python3:30MB nodeagent:28MB 
1791104428 avail_mb=5401 python:1672MB python3:37MB python3:30MB nodeagent:28MB 
1791104433 avail_mb=5399 python:1675MB python3:37MB python3:30MB nodeagent:28MB 
1791104438 avail_mb=5399 python:1675MB python3:37MB python3:30MB nodeagent:28MB 
1791104443 avail_mb=5399 python:1675MB python3:37MB python3:30MB nodeagent:28MB 
1791104448 avail_mb=5369 python:1675MB python3:37MB python3:30MB nodeagent:28MB 
1791104453 avail_mb=5369 python:1676MB python3:37MB python3:30MB nodeagent:28MB 
1791104458 avail_mb=5370 python:1678MB python3:37MB python3:30MB nodeagent:28MB 
1791104463 avail_mb=5370 python:1683MB python3:37MB python3:30MB nodeagent:28MB 
1791104468 avail_mb=5370 python:1683MB python3:37MB python3:30MB nodeagent:28MB 
1791104473 avail_mb=5370 python:1683MB python3:37MB python3:30MB nodeagent:28MB 
1791104478 avail_mb=5370 python:1686MB python3:37MB python3:30MB nodeagent:28MB 
1791104483 avail_mb=5370 python:1693MB python3:37MB python3:30MB nodeagent:28MB 
1791104488 avail_mb=5366 python:1695MB python3:37MB python3:30MB nodeagent:28MB 
1791104493 avail_mb=5366 python:1695MB python3:37MB python3:30MB nodeagent:28MB 
1791104498 avail_mb=5372 python:1698MB python3:37MB python3:30MB nodeagent:28MB 
1791104503 avail_mb=5372 python:1698MB python3:37MB python3:30MB nodeagent:28MB 
1791104508 avail_mb=5372 python:1698MB python3:37MB python3:30MB nodeagent:28MB 
1791104513 avail_mb=5372 python:1698MB python3:37MB python3:30MB nodeagent:28MB 
1791104518 avail_mb=5365 python:1704MB python3:37MB python3:30MB nodeagent:28MB 
1791104523 avail_mb=6253 python:811MB python3:37MB python3:30MB nodeagent:28MB 
1791104528 avail_mb=5134 python:1891MB python3:37MB python3:30MB nodeagent:28MB 
1791104533 avail_mb=5134 python:1917MB python3:37MB python3:30MB nodeagent:28MB 
1791104538 avail_mb=5127 python:1932MB python3:37MB python3:30MB nodeagent:28MB 
1791104543 avail_mb=5119 python:1946MB python3:37MB python3:30MB nodeagent:28MB 
1791104548 avail_mb=5114 python:1957MB python3:37MB python3:30MB nodeagent:28MB 
1791104553 avail_mb=5102 python:1972MB python3:37MB python3:30MB nodeagent:28MB 
1791104559 avail_mb=5066 python:2009MB python3:37MB python3:30MB nodeagent:28MB 
1791104564 avail_mb=5061 python:2014MB python3:37MB python3:30MB nodeagent:28MB 
1791104569 avail_mb=5057 python:2018MB python3:37MB python3:30MB nodeagent:28MB 
1791104574 avail_mb=5051 python:2024MB python3:37MB python3:30MB nodeagent:28MB 
1791104579 avail_mb=5046 python:2029MB python3:37MB python3:30MB nodeagent:28MB 
1791104584 avail_mb=5013 python:2040MB python3:37MB python3:30MB nodeagent:28MB 
1791104589 avail_mb=3239 python:3871MB python3:37MB python3:30MB nodeagent:28MB 
1791104594 avail_mb=5486 python:1595MB python3:37MB python3:30MB nodeagent:28MB 
1791104599 avail_mb=5490 python:1604MB python3:37MB python3:30MB nodeagent:28MB 
1791104604 avail_mb=5471 python:1629MB python3:37MB python3:30MB nodeagent:28MB 
1791104609 avail_mb=5471 python:1630MB python3:37MB python3:30MB nodeagent:28MB 
1791104614 avail_mb=5470 python:1632MB python3:37MB python3:30MB nodeagent:28MB 
1791104619 avail_mb=5464 python:1641MB python3:37MB python3:30MB nodeagent:28MB 
1791104624 avail_mb=5458 python:1643MB python3:37MB python3:30MB nodeagent:28MB 
1791104629 avail_mb=5458 python:1646MB python3:37MB python3:30MB nodeagent:28MB 
1791104634 avail_mb=5458 python:1647MB python3:37MB python3:30MB nodeagent:28MB 
1791104639 avail_mb=5456 python:1647MB python3:37MB python3:30MB nodeagent:28MB 
1791104644 avail_mb=5448 python:1656MB python3:37MB python3:30MB nodeagent:28MB 
1791104649 avail_mb=5447 python:1657MB python3:37MB python3:30MB nodeagent:28MB 
1791104654 avail_mb=5447 python:1657MB python3:37MB python3:30MB nodeagent:28MB 
1791104659 avail_mb=5442 python:1662MB python3:37MB python3:30MB nodeagent:28MB 
1791104664 avail_mb=5440 python:1663MB python3:37MB python3:30MB nodeagent:28MB 
1791104669 avail_mb=5440 python:1663MB python3:37MB python3:30MB nodeagent:28MB 
1791104674 avail_mb=5432 python:1673MB python3:37MB python3:30MB nodeagent:28MB 
1791104679 avail_mb=5432 python:1675MB python3:37MB python3:30MB nodeagent:28MB 
1791104684 avail_mb=5430 python:1676MB python3:37MB python3:30MB nodeagent:28MB 
1791104689 avail_mb=5429 python:1676MB python3:37MB python3:30MB nodeagent:28MB 
1791104694 avail_mb=5429 python:1678MB python3:37MB python3:30MB nodeagent:28MB 
1791104699 avail_mb=5417 python:1688MB python3:37MB python3:30MB nodeagent:28MB 
1791104704 avail_mb=5431 python:1634MB python3:37MB python3:30MB nodeagent:28MB 
1791104709 avail_mb=5254 python:1793MB python3:37MB python3:30MB nodeagent:28MB 
1791104714 avail_mb=5172 python:1908MB python3:37MB python3:30MB nodeagent:28MB 
1791104719 avail_mb=5160 python:1923MB python3:37MB python3:30MB nodeagent:28MB 
1791104724 avail_mb=5158 python:1927MB python3:37MB python3:30MB nodeagent:28MB 
1791104729 avail_mb=5157 python:1928MB python3:37MB python3:30MB nodeagent:28MB 
1791104734 avail_mb=5153 python:1930MB python3:37MB python3:30MB nodeagent:28MB 
1791104739 avail_mb=5142 python:1943MB python3:37MB python3:30MB nodeagent:28MB 
1791104744 avail_mb=5142 python:1945MB python3:37MB python3:30MB nodeagent:28MB 
1791104749 avail_mb=5140 python:1945MB python3:37MB python3:30MB nodeagent:28MB 
1791104754 avail_mb=5140 python:1946MB python3:37MB python3:30MB nodeagent:28MB 
1791104759 avail_mb=5135 python:1953MB python3:37MB python3:30MB nodeagent:28MB 
1791104764 avail_mb=5131 python:1957MB python3:37MB python3:30MB nodeagent:28MB 
1791104770 avail_mb=5131 python:1958MB python3:37MB python3:30MB nodeagent:28MB 
1791104775 avail_mb=5104 python:1958MB python3:37MB python3:30MB nodeagent:28MB 
1791104780 avail_mb=5178 python:1895MB python3:37MB python3:30MB nodeagent:28MB 
1791104785 avail_mb=5155 python:1922MB python3:37MB python3:30MB nodeagent:28MB 
1791104790 avail_mb=5149 python:1930MB python3:37MB python3:30MB nodeagent:28MB 
1791104795 avail_mb=5122 python:1957MB python3:37MB python3:30MB nodeagent:28MB 
1791104800 avail_mb=5108 python:1977MB python3:37MB python3:30MB nodeagent:28MB 
1791104805 avail_mb=5093 python:1991MB python3:37MB python3:30MB nodeagent:28MB 
1791104810 avail_mb=5072 python:2011MB python3:37MB python3:30MB nodeagent:28MB 
1791104815 avail_mb=5065 python:2015MB python3:37MB python3:30MB nodeagent:28MB 
1791104820 avail_mb=5053 python:2027MB python3:37MB python3:30MB nodeagent:28MB 
1791104825 avail_mb=5047 python:2035MB python3:37MB python3:30MB nodeagent:28MB 
1791104830 avail_mb=5046 python:2036MB python3:37MB python3:30MB nodeagent:28MB 
1791104835 avail_mb=5016 python:2036MB python3:37MB python3:30MB nodeagent:28MB 
1791104840 avail_mb=5666 python:1316MB python3:37MB python3:30MB nodeagent:28MB 
1791104845 avail_mb=5668 python:1344MB python3:37MB python3:30MB nodeagent:28MB 
1791104850 avail_mb=5683 python:1346MB python3:37MB python3:30MB nodeagent:28MB 
1791104855 avail_mb=5677 python:1360MB python3:37MB python3:30MB nodeagent:28MB 
1791104860 avail_mb=5678 python:1360MB python3:37MB python3:30MB nodeagent:28MB 
1791104865 avail_mb=5677 python:1361MB python3:37MB python3:30MB nodeagent:28MB 
1791104870 avail_mb=5677 python:1361MB python3:37MB python3:30MB nodeagent:28MB 
1791104875 avail_mb=5677 python:1362MB python3:37MB python3:30MB nodeagent:28MB 
1791104880 avail_mb=5677 python:1366MB python3:37MB python3:30MB nodeagent:28MB 
1791104885 avail_mb=5677 python:1367MB python3:37MB python3:30MB nodeagent:28MB 
1791104890 avail_mb=5675 python:1368MB python3:37MB python3:30MB nodeagent:28MB 
1791104895 avail_mb=5674 python:1369MB python3:37MB python3:30MB nodeagent:28MB 
1791104900 avail_mb=5666 python:1378MB python3:37MB python3:30MB nodeagent:28MB 
1791104905 avail_mb=5666 python:1378MB python3:37MB python3:30MB nodeagent:28MB 
1791104910 avail_mb=5665 python:1378MB python3:37MB python3:30MB nodeagent:28MB 
1791104915 avail_mb=5665 python:1378MB python3:37MB python3:30MB nodeagent:28MB 
1791104920 avail_mb=5665 python:1378MB python3:37MB python3:30MB nodeagent:28MB 
1791104925 avail_mb=5660 python:1382MB python3:37MB python3:30MB nodeagent:28MB 
1791104930 avail_mb=5660 python:1384MB python3:37MB python3:30MB nodeagent:28MB 
1791104935 avail_mb=5660 python:1384MB python3:37MB python3:30MB nodeagent:28MB 
1791104940 avail_mb=5660 python:1384MB python3:37MB python3:30MB nodeagent:28MB 
1791104945 avail_mb=5660 python:1384MB python3:37MB python3:30MB nodeagent:28MB 
1791104950 avail_mb=5660 python:1385MB python3:37MB python3:30MB nodeagent:28MB 
1791104955 avail_mb=5629 python:1385MB python3:37MB python3:30MB nodeagent:28MB 
1791104960 avail_mb=3762 python:4810MB python3:37MB python3:30MB nodeagent:28MB 
1791104965 avail_mb=5143 python:1902MB python3:37MB python3:30MB nodeagent:28MB 
1791104970 avail_mb=5135 python:1919MB python3:37MB python3:30MB nodeagent:28MB 
1791104975 avail_mb=5125 python:1935MB python3:37MB python3:30MB nodeagent:28MB 
1791104980 avail_mb=5124 python:1936MB python3:37MB python3:30MB nodeagent:28MB 
1791104986 avail_mb=5120 python:1940MB python3:37MB python3:30MB nodeagent:28MB 
1791104991 avail_mb=5098 python:1961MB python3:37MB python3:30MB nodeagent:28MB 
1791104996 avail_mb=5097 python:1961MB python3:37MB python3:30MB nodeagent:28MB 
1791105001 avail_mb=5096 python:1964MB python3:37MB python3:30MB nodeagent:28MB 
1791105006 avail_mb=5088 python:1970MB python3:37MB python3:30MB nodeagent:28MB 
1791105011 avail_mb=5080 python:1978MB python3:37MB python3:30MB nodeagent:28MB 
1791105016 avail_mb=5076 python:1980MB python3:37MB python3:30MB nodeagent:28MB 
1791105021 avail_mb=5072 python:1984MB python3:37MB python3:30MB nodeagent:28MB 
1791105026 avail_mb=5040 python:1984MB python3:37MB python3:30MB nodeagent:28MB 
1791105031 avail_mb=5156 python:1899MB python3:37MB python3:30MB nodeagent:28MB 
1791105036 avail_mb=5126 python:1936MB python3:37MB python3:30MB nodeagent:28MB 
1791105041 avail_mb=5114 python:1951MB python3:37MB python3:30MB nodeagent:28MB 
1791105046 avail_mb=5102 python:1959MB python3:37MB python3:30MB nodeagent:28MB 
1791105051 avail_mb=5090 python:1974MB python3:37MB python3:30MB nodeagent:28MB 
1791105056 avail_mb=5085 python:1981MB python3:37MB python3:30MB nodeagent:28MB 
1791105061 avail_mb=5068 python:1995MB python3:37MB python3:30MB nodeagent:28MB 
1791105066 avail_mb=5067 python:1997MB python3:37MB python3:30MB nodeagent:28MB 
1791105071 avail_mb=5047 python:2017MB python3:37MB python3:30MB nodeagent:28MB 
1791105076 avail_mb=5034 python:2030MB python3:37MB python3:30MB nodeagent:28MB 
1791105081 avail_mb=5022 python:2043MB python3:37MB python3:30MB nodeagent:28MB 
1791105086 avail_mb=4992 python:2046MB python3:37MB python3:30MB nodeagent:28MB 
1791105091 avail_mb=5552 python:1382MB python3:37MB python3:30MB nodeagent:28MB 
1791105096 avail_mb=5577 python:1422MB python3:37MB python3:30MB nodeagent:28MB 
1791105101 avail_mb=5587 python:1429MB python3:37MB python3:30MB nodeagent:28MB 
1791105106 avail_mb=5589 python:1435MB python3:37MB python3:30MB nodeagent:28MB 
1791105111 avail_mb=5587 python:1435MB python3:37MB python3:30MB nodeagent:28MB 
1791105116 avail_mb=5587 python:1436MB python3:37MB python3:30MB nodeagent:28MB 
1791105121 avail_mb=5586 python:1438MB python3:37MB python3:30MB nodeagent:28MB 
1791105126 avail_mb=5582 python:1450MB python3:37MB python3:30MB nodeagent:28MB 
1791105131 avail_mb=5580 python:1450MB python3:37MB python3:30MB nodeagent:28MB 
1791105136 avail_mb=5580 python:1450MB python3:37MB python3:30MB nodeagent:28MB 
1791105141 avail_mb=5578 python:1450MB python3:37MB python3:30MB nodeagent:28MB 
1791105146 avail_mb=5578 python:1452MB python3:37MB python3:30MB nodeagent:28MB 
1791105151 avail_mb=5576 python:1461MB python3:37MB python3:30MB nodeagent:28MB 
1791105156 avail_mb=5574 python:1463MB python3:37MB python3:30MB nodeagent:28MB 
1791105161 avail_mb=5574 python:1463MB python3:37MB python3:30MB nodeagent:28MB 
1791105166 avail_mb=5574 python:1463MB python3:37MB python3:30MB nodeagent:28MB 
1791105171 avail_mb=5573 python:1463MB python3:37MB python3:30MB nodeagent:28MB 
1791105176 avail_mb=5570 python:1467MB python3:37MB python3:30MB nodeagent:28MB 
1791105181 avail_mb=5570 python:1467MB python3:37MB python3:30MB nodeagent:28MB 
1791105187 avail_mb=5569 python:1467MB python3:37MB python3:30MB nodeagent:28MB 
1791105192 avail_mb=5569 python:1467MB python3:37MB python3:30MB nodeagent:28MB 
1791105197 avail_mb=5569 python:1470MB python3:37MB python3:30MB nodeagent:28MB 
1791105202 avail_mb=5567 python:1474MB python3:37MB python3:30MB nodeagent:28MB 
1791105207 avail_mb=5545 python:1475MB python3:37MB python3:30MB nodeagent:28MB 
1791105212 avail_mb=3491 python:3605MB python3:37MB python3:30MB nodeagent:28MB 
1791105217 avail_mb=5149 python:1896MB python3:37MB python3:30MB nodeagent:28MB 
1791105222 avail_mb=5137 python:1912MB python3:37MB python3:30MB nodeagent:28MB 
1791105227 avail_mb=5129 python:1928MB python3:37MB python3:30MB nodeagent:28MB 
1791105232 avail_mb=5125 python:1933MB python3:37MB python3:30MB nodeagent:28MB 
1791105237 avail_mb=5121 python:1937MB python3:37MB python3:30MB nodeagent:28MB 
1791105242 avail_mb=5108 python:1950MB python3:37MB python3:30MB nodeagent:28MB 
1791105247 avail_mb=5102 python:1960MB python3:37MB python3:30MB nodeagent:28MB 
1791105252 avail_mb=5096 python:1967MB python3:37MB python3:30MB nodeagent:28MB 
1791105257 avail_mb=5086 python:1978MB python3:37MB python3:30MB nodeagent:28MB 
1791105262 avail_mb=5137 python:1924MB python3:37MB python3:30MB nodeagent:28MB 
1791105267 avail_mb=5115 python:1945MB python3:37MB python3:30MB nodeagent:28MB 
1791105272 avail_mb=5079 python:1956MB python3:37MB python3:30MB nodeagent:28MB 
1791105277 avail_mb=5790 python:1537MB python3:37MB python3:30MB nodeagent:28MB 
1791105282 avail_mb=5170 python:1907MB python3:37MB python3:30MB nodeagent:28MB 
1791105287 avail_mb=5176 python:1923MB python3:37MB python3:30MB nodeagent:28MB 
1791105292 avail_mb=5165 python:1932MB python3:37MB python3:30MB nodeagent:28MB 
1791105297 avail_mb=5140 python:1954MB python3:37MB python3:30MB nodeagent:28MB 
1791105302 avail_mb=5128 python:1971MB python3:37MB python3:30MB nodeagent:28MB 
1791105307 avail_mb=5115 python:1984MB python3:37MB python3:30MB nodeagent:28MB 
1791105312 avail_mb=5091 python:2011MB python3:37MB python3:30MB nodeagent:28MB 
1791105317 avail_mb=5081 python:2018MB python3:37MB python3:30MB nodeagent:28MB 
1791105322 avail_mb=5077 python:2025MB python3:37MB python3:30MB nodeagent:28MB 
1791105327 avail_mb=5060 python:2039MB python3:37MB python3:30MB nodeagent:28MB 
1791105332 avail_mb=5060 python:2040MB python3:37MB python3:30MB nodeagent:28MB 
1791105337 avail_mb=5020 python:2043MB python3:37MB python3:30MB nodeagent:28MB 
1791105342 avail_mb=2912 python:4177MB python3:37MB python3:30MB nodeagent:28MB 
1791105347 avail_mb=5455 python:1625MB python3:37MB python3:30MB nodeagent:28MB 
1791105352 avail_mb=5446 python:1640MB python3:37MB python3:30MB nodeagent:28MB 
1791105357 avail_mb=5432 python:1654MB python3:37MB python3:30MB nodeagent:28MB 
1791105362 avail_mb=5429 python:1657MB python3:37MB python3:30MB nodeagent:28MB 
1791105367 avail_mb=5428 python:1658MB python3:37MB python3:30MB nodeagent:28MB 
1791105372 avail_mb=5423 python:1661MB python3:37MB python3:30MB nodeagent:28MB 
1791105377 avail_mb=5416 python:1672MB python3:37MB python3:30MB nodeagent:28MB 
1791105383 avail_mb=5406 python:1686MB python3:37MB python3:30MB nodeagent:28MB 
1791105388 avail_mb=5405 python:1686MB python3:37MB python3:30MB nodeagent:28MB 
1791105393 avail_mb=5405 python:1686MB python3:37MB python3:30MB nodeagent:28MB 
1791105398 avail_mb=5405 python:1688MB python3:37MB python3:30MB nodeagent:28MB 
1791105403 avail_mb=5405 python:1689MB python3:37MB python3:30MB nodeagent:28MB 
1791105408 avail_mb=5405 python:1689MB python3:37MB python3:30MB nodeagent:28MB 
1791105413 avail_mb=5400 python:1693MB python3:37MB python3:30MB nodeagent:28MB 
1791105418 avail_mb=5399 python:1693MB python3:37MB python3:30MB nodeagent:28MB 
1791105423 avail_mb=5398 python:1701MB python3:37MB python3:30MB nodeagent:28MB 
1791105428 avail_mb=5396 python:1702MB python3:37MB python3:30MB nodeagent:28MB 
1791105433 avail_mb=5395 python:1702MB python3:37MB python3:30MB nodeagent:28MB 
1791105438 avail_mb=5395 python:1702MB python3:37MB python3:30MB nodeagent:28MB 
1791105443 avail_mb=5395 python:1702MB python3:37MB python3:30MB nodeagent:28MB 
1791105448 avail_mb=5395 python:1702MB python3:37MB python3:30MB nodeagent:28MB 
1791105453 avail_mb=5395 python:1705MB python3:37MB python3:30MB nodeagent:28MB 
1791105458 avail_mb=5364 python:1705MB python3:37MB python3:30MB nodeagent:28MB 
1791105463 avail_mb=5241 python:1802MB python3:37MB python3:30MB nodeagent:28MB 
1791105468 avail_mb=5181 python:1901MB python3:37MB python3:30MB nodeagent:28MB 
1791105473 avail_mb=5174 python:1911MB python3:37MB python3:30MB nodeagent:28MB 
1791105478 avail_mb=2991 python:4088MB python3:37MB python3:30MB nodeagent:28MB 
1791105483 avail_mb=5103 python:1958MB python3:37MB python3:30MB nodeagent:28MB 
1791105488 avail_mb=5083 python:1986MB python3:37MB python3:30MB nodeagent:28MB 
1791105493 avail_mb=5075 python:1994MB python3:37MB python3:30MB nodeagent:28MB 
1791105498 avail_mb=5063 python:2007MB python3:37MB python3:30MB nodeagent:28MB 
1791105503 avail_mb=5043 python:2022MB python3:37MB python3:30MB nodeagent:28MB 
1791105508 avail_mb=5042 python:2029MB python3:37MB python3:30MB nodeagent:28MB 
1791105513 avail_mb=5020 python:2042MB python3:37MB python3:30MB nodeagent:28MB 
1791105518 avail_mb=5016 python:2046MB python3:37MB python3:30MB nodeagent:28MB 
1791105523 avail_mb=5012 python:2049MB python3:37MB python3:30MB nodeagent:28MB 
1791105528 avail_mb=4995 python:2066MB python3:37MB python3:30MB nodeagent:28MB 
1791105533 avail_mb=4960 python:2063MB python3:37MB python3:30MB nodeagent:28MB 
1791105538 avail_mb=5215 python:1810MB python3:37MB python3:30MB nodeagent:28MB 
1791105543 avail_mb=5184 python:1879MB python3:37MB python3:30MB nodeagent:28MB 
1791105548 avail_mb=5184 python:1885MB python3:37MB python3:30MB nodeagent:28MB 
1791105553 avail_mb=5167 python:1895MB python3:37MB python3:30MB nodeagent:28MB 
1791105558 avail_mb=5154 python:1914MB python3:37MB python3:30MB nodeagent:28MB 
1791105563 avail_mb=5141 python:1926MB python3:37MB python3:30MB nodeagent:28MB 
1791105568 avail_mb=5133 python:1936MB python3:37MB python3:30MB nodeagent:28MB 
1791105573 avail_mb=5125 python:1945MB python3:37MB python3:30MB nodeagent:28MB 
1791105578 avail_mb=5123 python:1945MB python3:37MB python3:30MB nodeagent:28MB 
1791105583 avail_mb=5123 python:1947MB python3:37MB python3:30MB nodeagent:28MB 
1791105588 avail_mb=5114 python:1954MB python3:37MB python3:30MB nodeagent:28MB 
1791105593 avail_mb=5080 python:1960MB landscape-sysin:40MB python3:37MB python3:30MB 
1791105599 avail_mb=6086 python:948MB python3:37MB python3:30MB nodeagent:28MB 
1791105604 avail_mb=5315 python:1570MB python3:37MB python3:30MB nodeagent:28MB 
1791105609 avail_mb=5342 python:1629MB python3:37MB python3:30MB nodeagent:28MB 
1791105614 avail_mb=5365 python:1649MB python3:37MB python3:30MB nodeagent:28MB 
1791105619 avail_mb=5356 python:1664MB python3:37MB python3:30MB nodeagent:28MB 
1791105624 avail_mb=5356 python:1665MB python3:37MB python3:30MB nodeagent:28MB 
1791105629 avail_mb=5356 python:1666MB python3:37MB python3:30MB nodeagent:28MB 
1791105634 avail_mb=5355 python:1668MB python3:37MB python3:30MB nodeagent:28MB 
1791105639 avail_mb=5354 python:1668MB python3:37MB python3:30MB nodeagent:28MB 
1791105644 avail_mb=5353 python:1676MB python3:37MB python3:30MB nodeagent:28MB 
1791105649 avail_mb=5352 python:1677MB python3:37MB python3:30MB nodeagent:28MB 
1791105654 avail_mb=5352 python:1677MB python3:37MB python3:30MB nodeagent:28MB 
1791105659 avail_mb=5352 python:1678MB python3:37MB python3:30MB nodeagent:28MB 
1791105664 avail_mb=5347 python:1683MB python3:37MB python3:30MB nodeagent:28MB 
1791105669 avail_mb=5347 python:1685MB python3:37MB python3:30MB nodeagent:28MB 
1791105674 avail_mb=5346 python:1685MB python3:37MB python3:30MB nodeagent:28MB 
1791105679 avail_mb=5346 python:1685MB python3:37MB python3:30MB nodeagent:28MB 
1791105684 avail_mb=5346 python:1685MB python3:37MB python3:30MB nodeagent:28MB 
1791105689 avail_mb=5346 python:1686MB python3:37MB python3:30MB nodeagent:28MB 
1791105694 avail_mb=5344 python:1691MB python3:37MB python3:30MB nodeagent:28MB 
1791105699 avail_mb=5343 python:1694MB python3:37MB python3:30MB nodeagent:28MB 
1791105704 avail_mb=5343 python:1695MB python3:37MB python3:30MB nodeagent:28MB 
1791105709 avail_mb=5339 python:1704MB python3:37MB python3:30MB nodeagent:28MB 
1791105714 avail_mb=5334 python:1709MB python3:37MB python3:30MB nodeagent:28MB 
1791105719 avail_mb=5532 python:1973MB python3:37MB python3:30MB nodeagent:28MB 
1791105724 avail_mb=5080 python:1901MB python3:37MB python3:30MB nodeagent:28MB 
1791105729 avail_mb=5094 python:1919MB python3:37MB python3:30MB nodeagent:28MB 
1791105734 avail_mb=5090 python:1929MB python3:37MB python3:30MB nodeagent:28MB 
1791105739 avail_mb=5117 python:1932MB python3:37MB python3:30MB nodeagent:28MB 
1791105744 avail_mb=5115 python:1935MB python3:37MB python3:30MB nodeagent:28MB 
1791105749 avail_mb=5113 python:1940MB python3:37MB python3:30MB nodeagent:28MB 
1791105754 avail_mb=5111 python:1954MB python3:37MB python3:30MB nodeagent:28MB 
1791105759 avail_mb=5110 python:1958MB python3:37MB python3:30MB nodeagent:28MB 
1791105764 avail_mb=5110 python:1960MB python3:37MB python3:30MB nodeagent:28MB 
1791105769 avail_mb=5101 python:1974MB python3:37MB python3:30MB nodeagent:28MB 
1791105774 avail_mb=5101 python:1974MB python3:37MB python3:30MB nodeagent:28MB 
1791105779 avail_mb=5101 python:1976MB python3:37MB python3:30MB nodeagent:28MB 
1791105784 avail_mb=5069 python:1978MB python3:37MB python3:30MB nodeagent:28MB 
1791105789 avail_mb=5205 python:2425MB python3:37MB python3:30MB nodeagent:28MB 
1791105794 avail_mb=5120 python:1913MB python3:37MB python3:30MB nodeagent:28MB 
1791105799 avail_mb=5122 python:1935MB python3:37MB python3:30MB nodeagent:28MB 
1791105804 avail_mb=5120 python:1945MB python3:37MB python3:30MB nodeagent:28MB 
1791105810 avail_mb=5099 python:1963MB python3:37MB python3:30MB nodeagent:28MB 
1791105815 avail_mb=5066 python:1982MB python3:37MB python3:30MB nodeagent:28MB 
1791105820 avail_mb=5050 python:2010MB python3:37MB python3:30MB nodeagent:28MB 
1791105825 avail_mb=5029 python:2030MB python3:37MB python3:30MB nodeagent:28MB 
1791105830 avail_mb=5014 python:2039MB python3:37MB python3:30MB nodeagent:28MB 
1791105835 avail_mb=5010 python:2043MB python3:37MB python3:30MB nodeagent:28MB 
1791105840 avail_mb=5049 python:1991MB python3:37MB python3:30MB nodeagent:28MB 
1791105845 avail_mb=5008 python:2039MB python3:37MB python3:30MB nodeagent:28MB 
1791105850 avail_mb=4987 python:2042MB python3:37MB python3:30MB nodeagent:28MB 
1791105855 avail_mb=3597 python:3415MB python3:37MB python3:30MB nodeagent:28MB 
1791105860 avail_mb=5434 python:1613MB python3:37MB python3:30MB nodeagent:28MB 
1791105865 avail_mb=5425 python:1639MB python3:37MB python3:30MB nodeagent:28MB 
1791105870 avail_mb=5418 python:1652MB python3:37MB python3:30MB nodeagent:28MB 
1791105875 avail_mb=5417 python:1654MB python3:37MB python3:30MB nodeagent:28MB 
1791105880 avail_mb=5417 python:1655MB python3:37MB python3:30MB nodeagent:28MB 
1791105885 avail_mb=5415 python:1655MB python3:37MB python3:30MB nodeagent:28MB 
1791105890 avail_mb=5411 python:1660MB python3:37MB python3:30MB nodeagent:28MB 
1791105895 avail_mb=5405 python:1663MB python3:37MB python3:30MB nodeagent:28MB 
1791105900 avail_mb=5404 python:1663MB python3:37MB python3:30MB nodeagent:28MB 
1791105905 avail_mb=5403 python:1664MB python3:37MB python3:30MB nodeagent:28MB 
1791105910 avail_mb=5402 python:1667MB python3:37MB python3:30MB nodeagent:28MB 
1791105915 avail_mb=5398 python:1677MB python3:37MB python3:30MB nodeagent:28MB 
1791105920 avail_mb=5396 python:1679MB python3:37MB python3:30MB nodeagent:28MB 
1791105925 avail_mb=5391 python:1682MB python3:37MB python3:30MB nodeagent:28MB 
1791105930 avail_mb=5384 python:1689MB python3:37MB python3:30MB nodeagent:28MB 
1791105935 avail_mb=5383 python:1689MB python3:37MB python3:30MB nodeagent:28MB 
1791105940 avail_mb=5379 python:1696MB python3:37MB python3:30MB nodeagent:28MB 
1791105945 avail_mb=5378 python:1696MB python3:37MB python3:30MB nodeagent:28MB 
1791105950 avail_mb=5374 python:1699MB python3:37MB python3:30MB nodeagent:28MB 
1791105955 avail_mb=5373 python:1699MB python3:37MB python3:30MB nodeagent:28MB 
1791105960 avail_mb=5373 python:1699MB python3:37MB python3:30MB nodeagent:28MB 
1791105965 avail_mb=5373 python:1701MB python3:37MB python3:30MB nodeagent:28MB 
1791105970 avail_mb=5341 python:1704MB python3:37MB python3:30MB nodeagent:28MB 
1791105975 avail_mb=5224 python:1802MB python3:37MB python3:30MB nodeagent:28MB 
1791105980 avail_mb=5158 python:1914MB python3:37MB python3:30MB nodeagent:28MB 
1791105985 avail_mb=5142 python:1927MB python3:37MB python3:30MB nodeagent:28MB 
1791105990 avail_mb=5137 python:1939MB python3:37MB python3:30MB nodeagent:28MB 
1791105995 avail_mb=5131 python:1941MB python3:37MB python3:30MB nodeagent:28MB 
1791106000 avail_mb=5130 python:1945MB python3:37MB python3:30MB nodeagent:28MB 
1791106005 avail_mb=5112 python:1962MB python3:37MB python3:30MB nodeagent:28MB 
1791106010 avail_mb=5106 python:1970MB python3:37MB python3:30MB nodeagent:28MB 
1791106015 avail_mb=5101 python:1974MB python3:37MB python3:30MB nodeagent:28MB 
1791106021 avail_mb=5088 python:1985MB python3:37MB python3:30MB nodeagent:28MB 
1791106026 avail_mb=5087 python:1988MB python3:37MB python3:30MB nodeagent:28MB 
1791106031 avail_mb=5082 python:1992MB python3:37MB python3:30MB nodeagent:28MB 
1791106036 avail_mb=5046 python:1994MB python3:37MB python3:30MB nodeagent:28MB 
1791106041 avail_mb=5045 python:1994MB python3:37MB python3:30MB nodeagent:28MB 
1791106046 avail_mb=5138 python:1900MB python3:37MB python3:30MB nodeagent:28MB 
1791106051 avail_mb=5115 python:1951MB python3:37MB python3:30MB nodeagent:28MB 
1791106056 avail_mb=5111 python:1957MB python3:37MB python3:30MB nodeagent:28MB 
1791106061 avail_mb=5103 python:1966MB python3:37MB python3:30MB nodeagent:28MB 
1791106066 avail_mb=5074 python:1992MB python3:37MB python3:30MB nodeagent:28MB 
1791106071 avail_mb=5046 python:2021MB python3:37MB python3:30MB nodeagent:28MB 
1791106076 avail_mb=5040 python:2031MB python3:37MB python3:30MB nodeagent:28MB 
1791106081 avail_mb=5038 python:2031MB python3:37MB python3:30MB nodeagent:28MB 
1791106086 avail_mb=5034 python:2031MB python3:37MB python3:30MB nodeagent:28MB 
1791106091 avail_mb=5024 python:2039MB python3:37MB python3:30MB nodeagent:28MB 
1791106096 avail_mb=5007 python:2054MB python3:37MB python3:30MB nodeagent:28MB 
1791106101 avail_mb=4979 python:2054MB python3:37MB python3:30MB nodeagent:28MB 
1791106106 avail_mb=4976 python:2062MB python3:37MB python3:30MB nodeagent:28MB 
1791106111 avail_mb=4970 python:2059MB python3:37MB python3:30MB nodeagent:28MB 
1791106116 avail_mb=4966 python:2070MB python3:37MB python3:30MB nodeagent:28MB 
1791106121 avail_mb=4960 python:2079MB python3:37MB python3:30MB nodeagent:28MB 
1791106126 avail_mb=4959 python:2080MB python3:37MB python3:30MB nodeagent:28MB 
1791106131 avail_mb=4955 python:2086MB python3:37MB python3:30MB nodeagent:28MB 
1791106136 avail_mb=4942 python:2101MB python3:37MB python3:30MB nodeagent:28MB 
1791106141 avail_mb=4934 python:2107MB python3:37MB python3:30MB nodeagent:28MB 
1791106146 avail_mb=4933 python:2102MB python3:37MB python3:30MB nodeagent:28MB 
1791106151 avail_mb=4933 python:2102MB python3:37MB python3:30MB nodeagent:28MB 
1791106156 avail_mb=4933 python:2104MB python3:37MB python3:30MB nodeagent:28MB 
1791106161 avail_mb=4929 python:2120MB python3:37MB python3:30MB nodeagent:28MB 
1791106166 avail_mb=4921 python:2127MB python3:37MB python3:30MB nodeagent:28MB 
1791106171 avail_mb=4921 python:2132MB python3:37MB python3:30MB nodeagent:28MB 
1791106176 avail_mb=4917 python:2129MB python3:37MB python3:30MB nodeagent:28MB 
1791106181 avail_mb=4917 python:2137MB python3:37MB python3:30MB nodeagent:28MB 
1791106186 avail_mb=4912 python:2142MB python3:37MB python3:30MB nodeagent:28MB 
1791106191 avail_mb=4908 python:2143MB python3:37MB python3:30MB nodeagent:28MB 
1791106196 avail_mb=4908 python:2150MB python3:37MB python3:30MB nodeagent:28MB 
1791106201 avail_mb=4907 python:2144MB python3:37MB python3:30MB nodeagent:28MB 
1791106206 avail_mb=4907 python:2144MB python3:37MB python3:30MB nodeagent:28MB 
1791106211 avail_mb=4907 python:2146MB python3:37MB python3:30MB nodeagent:28MB 
1791106216 avail_mb=4903 python:2148MB python3:37MB python3:30MB nodeagent:28MB 
1791106222 avail_mb=4884 python:2154MB python3:37MB python3:30MB nodeagent:28MB 
1791106227 avail_mb=4894 python:2154MB python3:37MB python3:30MB nodeagent:28MB 
1791106232 avail_mb=4894 python:2154MB python3:37MB python3:30MB nodeagent:28MB 
1791106237 avail_mb=4894 python:2158MB python3:37MB python3:30MB nodeagent:28MB 
1791106242 avail_mb=4890 python:2161MB python3:37MB python3:30MB nodeagent:28MB 
1791106247 avail_mb=4879 python:2172MB python3:37MB python3:30MB nodeagent:28MB 
1791106252 avail_mb=4879 python:2174MB python3:37MB python3:30MB nodeagent:28MB 
1791106257 avail_mb=4879 python:2174MB python3:37MB python3:30MB nodeagent:28MB 
1791106262 avail_mb=4878 python:2175MB python3:37MB python3:30MB nodeagent:28MB 
1791106267 avail_mb=4869 python:2171MB python3:37MB python3:30MB nodeagent:28MB 
1791106272 avail_mb=4869 python:2175MB python3:37MB python3:30MB nodeagent:28MB 
1791106277 avail_mb=4869 python:2175MB python3:37MB python3:30MB nodeagent:28MB 
1791106282 avail_mb=4865 python:2175MB python3:37MB python3:30MB nodeagent:28MB 
1791106287 avail_mb=4870 python:2182MB python3:37MB python3:30MB nodeagent:28MB 
1791106292 avail_mb=4873 python:2175MB python3:37MB python3:30MB nodeagent:28MB 
1791106297 avail_mb=4852 python:2177MB python3:37MB python3:30MB nodeagent:28MB 
1791106302 avail_mb=5146 python:1840MB python3:37MB python3:30MB nodeagent:28MB 
1791106307 avail_mb=5129 python:1878MB python3:37MB python3:30MB nodeagent:28MB 
1791106312 avail_mb=5129 python:1892MB python3:37MB python3:30MB nodeagent:28MB 
1791106317 avail_mb=5113 python:1908MB python3:37MB python3:30MB nodeagent:28MB 
1791106322 avail_mb=5105 python:1931MB python3:37MB python3:30MB nodeagent:28MB 
1791106327 avail_mb=5088 python:1951MB python3:37MB python3:30MB nodeagent:28MB 
1791106332 avail_mb=5073 python:1964MB python3:37MB python3:30MB nodeagent:28MB 
1791106337 avail_mb=5068 python:1968MB python3:37MB python3:30MB nodeagent:28MB 
1791106342 avail_mb=5067 python:1970MB python3:37MB python3:30MB nodeagent:28MB 
1791106347 avail_mb=5063 python:1973MB python3:37MB python3:30MB nodeagent:28MB 
1791106352 avail_mb=5059 python:1978MB python3:37MB python3:30MB nodeagent:28MB 
1791106357 avail_mb=5019 python:1980MB python3:37MB python3:30MB nodeagent:28MB 
1791106362 avail_mb=4317 python:3675MB python3:37MB python3:30MB nodeagent:28MB 
1791106367 avail_mb=5358 python:1614MB python3:37MB python3:30MB nodeagent:28MB 
1791106372 avail_mb=5341 python:1651MB python3:37MB python3:30MB nodeagent:28MB 
1791106377 avail_mb=5341 python:1661MB python3:37MB python3:30MB nodeagent:28MB 
1791106382 avail_mb=5328 python:1676MB python3:37MB python3:30MB nodeagent:28MB 
1791106387 avail_mb=5326 python:1678MB python3:37MB python3:30MB nodeagent:28MB 
1791106392 avail_mb=5325 python:1679MB python3:37MB python3:30MB nodeagent:28MB 
1791106397 avail_mb=5325 python:1680MB python3:37MB python3:30MB nodeagent:28MB 
1791106402 avail_mb=5401 python:1614MB python3:37MB python3:30MB nodeagent:28MB 
1791106408 avail_mb=5400 python:1637MB python3:37MB python3:30MB nodeagent:28MB 
1791106413 avail_mb=5383 python:1654MB python3:37MB python3:30MB nodeagent:28MB 
1791106418 avail_mb=5375 python:1660MB python3:37MB python3:30MB nodeagent:28MB 
1791106423 avail_mb=5370 python:1667MB python3:37MB python3:30MB nodeagent:28MB 
1791106428 avail_mb=5365 python:1675MB python3:37MB python3:30MB nodeagent:28MB 
1791106433 avail_mb=5360 python:1682MB python3:37MB python3:30MB nodeagent:28MB 
1791106438 avail_mb=5360 python:1682MB python3:37MB python3:30MB nodeagent:28MB 
1791106443 avail_mb=5348 python:1691MB python3:37MB python3:30MB nodeagent:28MB 
1791106448 avail_mb=5346 python:1696MB python3:37MB python3:30MB nodeagent:28MB 
1791106453 avail_mb=5342 python:1700MB python3:37MB python3:30MB nodeagent:28MB 
1791106458 avail_mb=5342 python:1700MB python3:37MB python3:30MB nodeagent:28MB 
1791106463 avail_mb=5341 python:1700MB python3:37MB python3:30MB nodeagent:28MB 
1791106468 avail_mb=5337 python:1703MB python3:37MB python3:30MB nodeagent:28MB 
1791106473 avail_mb=5328 python:1715MB python3:37MB python3:30MB nodeagent:28MB 
1791106478 avail_mb=5294 python:1715MB python3:37MB python3:30MB nodeagent:28MB 
1791106483 avail_mb=4910 python:2786MB python3:37MB python3:30MB nodeagent:28MB 
1791106488 avail_mb=5050 python:1980MB python3:37MB python3:30MB nodeagent:28MB 
1791106493 avail_mb=5042 python:2006MB python3:37MB python3:30MB nodeagent:28MB 
1791106498 avail_mb=5019 python:2028MB python3:37MB python3:30MB nodeagent:28MB 
1791106503 avail_mb=5010 python:2034MB python3:37MB python3:30MB nodeagent:28MB 
1791106508 avail_mb=5010 python:2040MB python3:37MB python3:30MB nodeagent:28MB 
1791106513 avail_mb=4993 python:2055MB python3:37MB python3:30MB nodeagent:28MB 
1791106518 avail_mb=4988 python:2057MB python3:37MB python3:30MB nodeagent:28MB 
1791106523 avail_mb=4984 python:2060MB python3:37MB python3:30MB nodeagent:28MB 
1791106528 avail_mb=4983 python:2063MB python3:37MB python3:30MB nodeagent:28MB 
1791106533 avail_mb=4983 python:2063MB python3:37MB python3:30MB nodeagent:28MB 
1791106538 avail_mb=4983 python:2065MB python3:37MB python3:30MB nodeagent:28MB 
1791106543 avail_mb=4974 python:2072MB python3:37MB python3:30MB nodeagent:28MB 
1791106548 avail_mb=4940 python:2072MB python3:37MB python3:30MB nodeagent:28MB 
1791106553 avail_mb=5117 python:1853MB python3:37MB python3:30MB nodeagent:28MB 
1791106558 avail_mb=5114 python:1888MB python3:37MB python3:30MB nodeagent:28MB 
1791106563 avail_mb=5119 python:1890MB python3:37MB python3:30MB nodeagent:28MB 
1791106568 avail_mb=5110 python:1899MB python3:37MB python3:30MB nodeagent:28MB 
1791106573 avail_mb=5103 python:1918MB python3:37MB python3:30MB nodeagent:28MB 
1791106578 avail_mb=5087 python:1939MB python3:37MB python3:30MB nodeagent:28MB 
1791106583 avail_mb=5076 python:1956MB python3:37MB python3:30MB nodeagent:28MB 
1791106588 avail_mb=5076 python:1956MB python3:37MB python3:30MB nodeagent:28MB 
1791106593 avail_mb=5076 python:1956MB python3:37MB python3:30MB nodeagent:28MB 
1791106598 avail_mb=5072 python:1957MB python3:37MB python3:30MB nodeagent:28MB 
1791106604 avail_mb=5072 python:1969MB python3:37MB python3:30MB nodeagent:28MB 
1791106609 avail_mb=5057 python:1971MB python3:37MB python3:30MB nodeagent:28MB 
1791106614 avail_mb=5628 python:1369MB python3:37MB python3:30MB nodeagent:28MB 
1791106619 avail_mb=5627 python:1414MB python3:37MB python3:30MB nodeagent:28MB 
1791106624 avail_mb=5624 python:1418MB python3:37MB python3:30MB nodeagent:28MB 
1791106629 avail_mb=5609 python:1432MB python3:37MB python3:30MB nodeagent:28MB 
1791106634 avail_mb=5609 python:1433MB python3:37MB python3:30MB nodeagent:28MB 
1791106639 avail_mb=5607 python:1434MB python3:37MB python3:30MB nodeagent:28MB 
1791106644 avail_mb=5607 python:1434MB python3:37MB python3:30MB nodeagent:28MB 
1791106649 avail_mb=5605 python:1434MB python3:37MB python3:30MB nodeagent:28MB 
1791106654 avail_mb=5602 python:1439MB python3:37MB python3:30MB nodeagent:28MB 
1791106659 avail_mb=5601 python:1441MB python3:37MB python3:30MB nodeagent:28MB 
1791106664 avail_mb=5599 python:1441MB python3:37MB python3:30MB nodeagent:28MB 
1791106669 avail_mb=5599 python:1441MB python3:37MB python3:30MB nodeagent:28MB 
1791106674 avail_mb=5598 python:1444MB python3:37MB python3:30MB nodeagent:28MB 
1791106679 avail_mb=5598 python:1444MB python3:37MB python3:30MB nodeagent:28MB 
1791106684 avail_mb=5597 python:1444MB python3:37MB python3:30MB nodeagent:28MB 
1791106689 avail_mb=5583 python:1445MB fwupd:45MB python3:37MB python3:30MB 
1791106694 avail_mb=5583 python:1446MB fwupd:45MB python3:37MB python3:30MB 
1791106699 avail_mb=5582 python:1450MB fwupd:45MB python3:37MB python3:30MB 
1791106704 avail_mb=5580 python:1450MB fwupd:45MB python3:37MB python3:30MB 
1791106709 avail_mb=5580 python:1451MB fwupd:45MB python3:37MB python3:30MB 
1791106714 avail_mb=5580 python:1451MB fwupd:45MB python3:37MB python3:30MB 
1791106719 avail_mb=5580 python:1452MB fwupd:45MB python3:37MB python3:30MB 
1791106724 avail_mb=5580 python:1456MB fwupd:45MB python3:37MB python3:30MB 
1791106729 avail_mb=5547 python:1457MB fwupd:45MB python3:37MB python3:30MB 
1791106734 avail_mb=4012 python:3029MB fwupd:45MB python3:37MB python3:30MB 
1791106739 avail_mb=5129 python:1905MB fwupd:45MB python3:37MB python3:30MB 
1791106744 avail_mb=5117 python:1924MB fwupd:45MB python3:37MB python3:30MB 
1791106749 avail_mb=5107 python:1942MB fwupd:45MB python3:37MB python3:30MB 
1791106754 avail_mb=5102 python:1945MB fwupd:45MB python3:37MB python3:30MB 
1791106759 avail_mb=5097 python:1950MB fwupd:45MB python3:37MB python3:30MB 
1791106764 avail_mb=5089 python:1959MB fwupd:45MB python3:37MB python3:30MB 
1791106769 avail_mb=5088 python:1963MB fwupd:45MB python3:37MB python3:30MB 
1791106774 avail_mb=5078 python:1969MB fwupd:45MB python3:37MB python3:30MB 
1791106779 avail_mb=5078 python:1972MB fwupd:45MB python3:37MB python3:30MB 
1791106784 avail_mb=5074 python:1976MB fwupd:45MB python3:37MB python3:30MB 
1791106789 avail_mb=5072 python:1978MB fwupd:45MB python3:37MB python3:30MB 
1791106794 avail_mb=5072 python:1979MB fwupd:45MB python3:37MB python3:30MB 
1791106799 avail_mb=5051 python:1979MB fwupd:45MB python3:37MB python3:30MB 
1791106804 avail_mb=5138 python:1912MB fwupd:45MB python3:37MB python3:30MB 
1791106809 avail_mb=5106 python:1943MB fwupd:45MB python3:37MB python3:30MB 
1791106814 avail_mb=5101 python:1952MB fwupd:45MB python3:37MB python3:30MB 
1791106820 avail_mb=5078 python:1971MB fwupd:45MB python3:37MB python3:30MB 
1791106825 avail_mb=5064 python:1988MB fwupd:45MB python3:37MB python3:30MB 
1791106830 avail_mb=5052 python:2000MB fwupd:45MB python3:37MB python3:30MB 
1791106835 avail_mb=5030 python:2020MB fwupd:45MB python3:37MB python3:30MB 
1791106840 avail_mb=5027 python:2023MB fwupd:45MB python3:37MB python3:30MB 
1791106845 avail_mb=5019 python:2030MB fwupd:45MB python3:37MB python3:30MB 
1791106850 avail_mb=5001 python:2049MB fwupd:45MB python3:37MB python3:30MB 
1791106855 avail_mb=4997 python:2057MB fwupd:45MB python3:37MB python3:30MB 
1791106860 avail_mb=4966 python:2057MB fwupd:45MB python3:37MB python3:30MB 
1791106865 avail_mb=5691 python:1324MB fwupd:45MB python3:37MB python3:30MB 
1791106870 avail_mb=5675 python:1358MB fwupd:45MB python3:37MB python3:30MB 
1791106875 avail_mb=5675 python:1359MB fwupd:45MB python3:37MB python3:30MB 
1791106880 avail_mb=5672 python:1368MB fwupd:45MB python3:37MB python3:30MB 
1791106885 avail_mb=5667 python:1371MB fwupd:45MB python3:37MB python3:30MB 
1791106890 avail_mb=5667 python:1372MB fwupd:45MB python3:37MB python3:30MB 
1791106895 avail_mb=5667 python:1372MB fwupd:45MB python3:37MB python3:30MB 
1791106900 avail_mb=5667 python:1373MB fwupd:45MB python3:37MB python3:30MB 
1791106905 avail_mb=5665 python:1380MB fwupd:45MB python3:37MB python3:30MB 
1791106910 avail_mb=5665 python:1383MB fwupd:45MB python3:37MB python3:30MB 
1791106915 avail_mb=5664 python:1383MB fwupd:45MB python3:37MB python3:30MB 
1791106920 avail_mb=5664 python:1383MB fwupd:45MB python3:37MB python3:30MB 
1791106925 avail_mb=5660 python:1389MB fwupd:45MB python3:37MB python3:30MB 
1791106930 avail_mb=5660 python:1390MB fwupd:45MB python3:37MB python3:30MB 
1791106935 avail_mb=5658 python:1390MB fwupd:45MB python3:37MB python3:30MB 
1791106940 avail_mb=5658 python:1390MB fwupd:45MB python3:37MB python3:30MB 
1791106945 avail_mb=5658 python:1390MB fwupd:45MB python3:37MB python3:30MB 
1791106950 avail_mb=5657 python:1392MB fwupd:45MB python3:37MB python3:30MB 
1791106955 avail_mb=5655 python:1394MB fwupd:45MB python3:37MB python3:30MB 
1791106960 avail_mb=5655 python:1394MB fwupd:45MB python3:37MB python3:30MB 
1791106965 avail_mb=5652 python:1395MB fwupd:45MB python3:37MB python3:30MB 
1791106970 avail_mb=5652 python:1396MB fwupd:45MB python3:37MB python3:30MB 
1791106975 avail_mb=5652 python:1397MB fwupd:45MB python3:37MB python3:30MB 
1791106980 avail_mb=5655 python:1347MB fwupd:45MB python3:37MB python3:30MB 
1791106985 avail_mb=3457 python:3577MB fwupd:45MB python3:37MB python3:30MB 
1791106990 avail_mb=5120 python:1916MB python3:37MB python3:30MB nodeagent:28MB 
1791106995 avail_mb=5100 python:1933MB python3:37MB python3:30MB nodeagent:28MB 
1791107000 avail_mb=5093 python:1943MB python3:37MB python3:30MB nodeagent:28MB 
1791107005 avail_mb=5084 python:1952MB python3:37MB python3:30MB nodeagent:28MB 
1791107010 avail_mb=5082 python:1954MB python3:37MB python3:30MB nodeagent:28MB 
1791107015 avail_mb=5073 python:1965MB python3:37MB python3:30MB nodeagent:28MB 
1791107020 avail_mb=5064 python:1973MB python3:37MB python3:30MB nodeagent:28MB 
1791107025 avail_mb=5052 python:1983MB python3:37MB python3:30MB nodeagent:28MB 
1791107031 avail_mb=5048 python:1989MB python3:37MB python3:30MB nodeagent:28MB 
1791107036 avail_mb=5044 python:1997MB python3:37MB python3:30MB nodeagent:28MB 
1791107041 avail_mb=5040 python:1998MB python3:37MB python3:30MB nodeagent:28MB 
1791107046 avail_mb=5040 python:2000MB python3:37MB python3:30MB nodeagent:28MB 
1791107051 avail_mb=5002 python:2005MB python3:37MB python3:30MB nodeagent:28MB 
1791107056 avail_mb=5002 python:2005MB python3:37MB python3:30MB nodeagent:28MB 
1791107061 avail_mb=4998 python:2016MB python3:37MB python3:30MB nodeagent:28MB 
1791107066 avail_mb=4998 python:2016MB python3:37MB python3:30MB nodeagent:28MB 
1791107071 avail_mb=4994 python:2028MB python3:37MB python3:30MB nodeagent:28MB 
1791107076 avail_mb=4994 python:2028MB python3:37MB python3:30MB nodeagent:28MB 
1791107081 avail_mb=4994 python:2031MB python3:37MB python3:30MB nodeagent:28MB 
1791107086 avail_mb=4990 python:2032MB python3:37MB python3:30MB nodeagent:28MB 
1791107091 avail_mb=4982 python:2044MB python3:37MB python3:30MB nodeagent:28MB 
1791107096 avail_mb=4974 python:2039MB python3:37MB python3:30MB nodeagent:28MB 
1791107101 avail_mb=4970 python:2041MB python3:37MB python3:30MB nodeagent:28MB 
1791107106 avail_mb=4966 python:2048MB python3:37MB python3:30MB nodeagent:28MB 
1791107111 avail_mb=4966 python:2049MB python3:37MB python3:30MB nodeagent:28MB 
1791107116 avail_mb=4548 python:3328MB python3:37MB python3:30MB nodeagent:28MB 
1791107121 avail_mb=5442 python:1562MB python3:37MB python3:30MB nodeagent:28MB 
1791107126 avail_mb=5428 python:1602MB python3:37MB python3:30MB nodeagent:28MB 
1791107131 avail_mb=5422 python:1610MB python3:37MB python3:30MB nodeagent:28MB 
1791107136 avail_mb=5421 python:1619MB python3:37MB python3:30MB nodeagent:28MB 
1791107141 avail_mb=5416 python:1621MB python3:37MB python3:30MB nodeagent:28MB 
1791107146 avail_mb=5408 python:1632MB python3:37MB python3:30MB nodeagent:28MB 
1791107151 avail_mb=5408 python:1633MB python3:37MB python3:30MB nodeagent:28MB 
1791107156 avail_mb=5406 python:1635MB python3:37MB python3:30MB nodeagent:28MB 
1791107161 avail_mb=5405 python:1636MB python3:37MB python3:30MB nodeagent:28MB 
1791107166 avail_mb=5404 python:1637MB python3:37MB python3:30MB nodeagent:28MB 
1791107171 avail_mb=5404 python:1637MB python3:37MB python3:30MB nodeagent:28MB 
1791107176 avail_mb=5399 python:1647MB python3:37MB python3:30MB nodeagent:28MB 
1791107181 avail_mb=5397 python:1648MB python3:37MB python3:30MB nodeagent:28MB 
1791107186 avail_mb=5397 python:1649MB python3:37MB python3:30MB nodeagent:28MB 
1791107191 avail_mb=5397 python:1652MB python3:37MB python3:30MB nodeagent:28MB 
1791107196 avail_mb=5397 python:1654MB python3:37MB python3:30MB nodeagent:28MB 
1791107201 avail_mb=5392 python:1660MB python3:37MB python3:30MB nodeagent:28MB 
1791107206 avail_mb=5392 python:1660MB python3:37MB python3:30MB nodeagent:28MB 
1791107211 avail_mb=5392 python:1661MB python3:37MB python3:30MB nodeagent:28MB 
1791107216 avail_mb=5388 python:1665MB python3:37MB python3:30MB nodeagent:28MB 
1791107221 avail_mb=5388 python:1670MB python3:37MB python3:30MB nodeagent:28MB 
1791107226 avail_mb=5388 python:1670MB python3:37MB python3:30MB nodeagent:28MB 
1791107231 avail_mb=5357 python:1676MB python3:37MB python3:30MB nodeagent:28MB 
1791107236 avail_mb=5199 python:1825MB python3:37MB python3:30MB nodeagent:28MB 
1791107241 avail_mb=5106 python:1941MB python3:37MB python3:30MB nodeagent:28MB 
1791107246 avail_mb=5096 python:1956MB python3:37MB python3:30MB nodeagent:28MB 
1791107252 avail_mb=5090 python:1960MB python3:37MB python3:30MB nodeagent:28MB 
1791107257 avail_mb=5083 python:1970MB python3:37MB python3:30MB nodeagent:28MB 
1791107262 avail_mb=5073 python:1976MB python3:37MB python3:30MB nodeagent:28MB 
1791107267 avail_mb=5072 python:1978MB python3:37MB python3:30MB nodeagent:28MB 
1791107272 avail_mb=5072 python:1981MB python3:37MB python3:30MB nodeagent:28MB 
1791107277 avail_mb=5068 python:1983MB python3:37MB python3:30MB nodeagent:28MB 
1791107282 avail_mb=5095 python:1947MB python3:37MB python3:30MB nodeagent:28MB 
1791107287 avail_mb=5022 python:2047MB python3:37MB python3:30MB nodeagent:28MB 
1791107292 avail_mb=5009 python:2062MB python3:37MB python3:30MB nodeagent:28MB 
1791107297 avail_mb=5000 python:2072MB python3:37MB python3:30MB nodeagent:28MB 
1791107302 avail_mb=4963 python:2088MB python3:37MB python3:30MB nodeagent:28MB 
1791107307 avail_mb=4959 python:2088MB python3:37MB python3:30MB nodeagent:28MB 
1791107312 avail_mb=4959 python:2088MB python3:37MB python3:30MB nodeagent:28MB 
1791107317 avail_mb=4959 python:2097MB python3:37MB python3:30MB nodeagent:28MB 
1791107322 avail_mb=4955 python:2100MB python3:37MB python3:30MB nodeagent:28MB 
1791107327 avail_mb=4955 python:2103MB python3:37MB python3:30MB nodeagent:28MB 
1791107332 avail_mb=4947 python:2109MB python3:37MB python3:30MB nodeagent:28MB 
1791107337 avail_mb=4949 python:2116MB python3:37MB python3:30MB nodeagent:28MB 
1791107342 avail_mb=4937 python:2127MB python3:37MB python3:30MB nodeagent:28MB 
1791107347 avail_mb=4937 python:2127MB python3:37MB python3:30MB nodeagent:28MB 
1791107352 avail_mb=4929 python:2137MB python3:37MB python3:30MB nodeagent:28MB 
1791107357 avail_mb=4929 python:2138MB python3:37MB python3:30MB nodeagent:28MB 
1791107362 avail_mb=4929 python:2138MB python3:37MB python3:30MB nodeagent:28MB 
1791107367 avail_mb=5625 python:1370MB python3:37MB python3:30MB nodeagent:28MB 
1791107372 avail_mb=5641 python:1383MB python3:37MB python3:30MB nodeagent:28MB 
1791107377 avail_mb=5641 python:1384MB python3:37MB python3:30MB nodeagent:28MB 
1791107382 avail_mb=5641 python:1390MB python3:37MB python3:30MB nodeagent:28MB 
1791107387 avail_mb=5641 python:1391MB python3:37MB python3:30MB nodeagent:28MB 
1791107392 avail_mb=5641 python:1391MB python3:37MB python3:30MB nodeagent:28MB 
1791107397 avail_mb=5641 python:1391MB python3:37MB python3:30MB nodeagent:28MB 
1791107402 avail_mb=5641 python:1393MB python3:37MB python3:30MB nodeagent:28MB 
1791107407 avail_mb=5641 python:1399MB python3:37MB python3:30MB nodeagent:28MB 
1791107412 avail_mb=5641 python:1399MB python3:37MB python3:30MB nodeagent:28MB 
1791107417 avail_mb=5637 python:1400MB python3:37MB python3:30MB nodeagent:28MB 
1791107422 avail_mb=5636 python:1400MB python3:37MB python3:30MB nodeagent:28MB 
1791107427 avail_mb=5636 python:1400MB python3:37MB python3:30MB nodeagent:28MB 
1791107432 avail_mb=5636 python:1400MB python3:37MB python3:30MB nodeagent:28MB 
1791107437 avail_mb=5636 python:1400MB python3:37MB python3:30MB nodeagent:28MB 
1791107442 avail_mb=5636 python:1400MB python3:37MB python3:30MB nodeagent:28MB 
1791107447 avail_mb=5636 python:1400MB python3:37MB python3:30MB nodeagent:28MB 
1791107452 avail_mb=5636 python:1400MB python3:37MB python3:30MB nodeagent:28MB 
1791107457 avail_mb=5636 python:1402MB python3:37MB python3:30MB nodeagent:28MB 
1791107463 avail_mb=5636 python:1402MB python3:37MB python3:30MB nodeagent:28MB 
1791107468 avail_mb=5636 python:1408MB python3:37MB python3:30MB nodeagent:28MB 
1791107473 avail_mb=5636 python:1409MB python3:37MB python3:30MB nodeagent:28MB 
1791107478 avail_mb=5636 python:1411MB python3:37MB python3:30MB nodeagent:28MB 
1791107483 avail_mb=5613 python:1411MB python3:37MB python3:30MB nodeagent:28MB 
1791107488 avail_mb=5200 python:1773MB python3:37MB python3:30MB nodeagent:28MB 
1791107493 avail_mb=5148 python:1879MB python3:37MB python3:30MB nodeagent:28MB 
1791107498 avail_mb=5158 python:1887MB python3:37MB python3:30MB nodeagent:28MB 
1791107503 avail_mb=5149 python:1903MB python3:37MB python3:30MB nodeagent:28MB 
1791107508 avail_mb=5148 python:1906MB python3:37MB python3:30MB nodeagent:28MB 
1791107513 avail_mb=5144 python:1908MB python3:37MB python3:30MB nodeagent:28MB 
1791107518 avail_mb=5141 python:1912MB python3:37MB python3:30MB nodeagent:28MB 
1791107523 avail_mb=5139 python:1914MB python3:37MB python3:30MB nodeagent:28MB 
1791107528 avail_mb=5138 python:1914MB python3:37MB python3:30MB nodeagent:28MB 
1791107533 avail_mb=5133 python:1920MB python3:37MB python3:30MB nodeagent:28MB 
1791107538 avail_mb=5207 python:1855MB python3:37MB python3:30MB nodeagent:28MB 
1791107543 avail_mb=5183 python:1891MB python3:37MB python3:30MB nodeagent:28MB 
1791107548 avail_mb=5170 python:1902MB python3:37MB python3:30MB nodeagent:28MB 
1791107553 avail_mb=5128 python:1915MB python3:37MB python3:30MB nodeagent:28MB 
1791107558 avail_mb=3594 python:4703MB python3:37MB python3:30MB nodeagent:28MB 
1791107563 avail_mb=5113 python:1964MB python3:37MB python3:30MB nodeagent:28MB 
1791107568 avail_mb=5098 python:1984MB python3:37MB python3:30MB nodeagent:28MB 
1791107573 avail_mb=5082 python:1994MB python3:37MB python3:30MB nodeagent:28MB 
1791107578 avail_mb=5062 python:2014MB python3:37MB python3:30MB nodeagent:28MB 
1791107583 avail_mb=5051 python:2029MB python3:37MB python3:30MB nodeagent:28MB 
1791107588 avail_mb=5024 python:2056MB python3:37MB python3:30MB nodeagent:28MB 
1791107593 avail_mb=5014 python:2063MB python3:37MB python3:30MB nodeagent:28MB 
1791107598 avail_mb=5012 python:2063MB python3:37MB python3:30MB nodeagent:28MB 
1791107603 avail_mb=5002 python:2076MB python3:37MB python3:30MB nodeagent:28MB 
1791107608 avail_mb=4988 python:2088MB python3:37MB python3:30MB nodeagent:28MB 
1791107613 avail_mb=4977 python:2099MB python3:37MB python3:30MB nodeagent:28MB 
1791107618 avail_mb=4951 python:2099MB python3:37MB python3:30MB nodeagent:28MB 
1791107623 avail_mb=4952 python:2101MB python3:37MB python3:30MB nodeagent:28MB 
1791107628 avail_mb=4952 python:2103MB python3:37MB python3:30MB nodeagent:28MB 
1791107633 avail_mb=4947 python:2111MB python3:37MB python3:30MB nodeagent:28MB 
1791107638 avail_mb=4947 python:2112MB python3:37MB python3:30MB nodeagent:28MB 
1791107643 avail_mb=4947 python:2112MB python3:37MB python3:30MB nodeagent:28MB 
1791107648 avail_mb=4947 python:2112MB python3:37MB python3:30MB nodeagent:28MB 
1791107653 avail_mb=4947 python:2112MB python3:37MB python3:30MB nodeagent:28MB 
1791107659 avail_mb=4939 python:2119MB python3:37MB python3:30MB nodeagent:28MB 
1791107664 avail_mb=4939 python:2121MB python3:37MB python3:30MB nodeagent:28MB 
1791107669 avail_mb=4935 python:2123MB python3:37MB python3:30MB nodeagent:28MB 
1791107674 avail_mb=4933 python:2123MB python3:37MB python3:30MB nodeagent:28MB 
1791107679 avail_mb=4930 python:2123MB python3:37MB python3:30MB nodeagent:28MB 
1791107684 avail_mb=4924 python:2127MB python3:37MB python3:30MB nodeagent:28MB 
1791107689 avail_mb=4923 python:2128MB python3:37MB python3:30MB nodeagent:28MB 
1791107694 avail_mb=4918 python:2136MB python3:37MB python3:30MB nodeagent:28MB 
1791107699 avail_mb=4916 python:2139MB python3:37MB python3:30MB python3:29MB 
1791107704 avail_mb=4912 python:2143MB python3:37MB python3:30MB nodeagent:28MB 
1791107709 avail_mb=4912 python:2143MB python3:37MB python3:30MB nodeagent:28MB 
1791107714 avail_mb=4908 python:2147MB python3:37MB python3:30MB nodeagent:28MB 
1791107719 avail_mb=4908 python:2147MB python3:37MB python3:30MB nodeagent:28MB 
1791107724 avail_mb=4908 python:2149MB python3:37MB python3:30MB nodeagent:28MB 
1791107729 avail_mb=4904 python:2153MB python3:37MB python3:30MB nodeagent:28MB 
1791107734 avail_mb=4896 python:2161MB python3:37MB python3:30MB nodeagent:28MB 
1791107739 avail_mb=4878 python:2162MB python3:37MB python3:30MB nodeagent:28MB 
1791107744 avail_mb=4858 python:2183MB python3:37MB python3:30MB nodeagent:28MB 
1791107749 avail_mb=4858 python:2194MB python3:37MB python3:30MB nodeagent:28MB 
1791107754 avail_mb=4866 python:2185MB python3:37MB python3:30MB nodeagent:28MB 
1791107759 avail_mb=4866 python:2187MB python3:37MB python3:30MB nodeagent:28MB 
1791107764 avail_mb=4862 python:2196MB python3:37MB python3:30MB nodeagent:28MB 
1791107769 avail_mb=4854 python:2210MB python3:37MB python3:30MB nodeagent:28MB 
1791107774 avail_mb=4854 python:2202MB python3:37MB python3:30MB nodeagent:28MB 
1791107779 avail_mb=4846 python:2211MB python3:37MB python3:30MB nodeagent:28MB 
1791107784 avail_mb=4839 python:2221MB python3:37MB python3:30MB nodeagent:28MB 
1791107789 avail_mb=4835 python:2232MB python3:37MB python3:30MB nodeagent:28MB 
1791107794 avail_mb=4831 python:2234MB python3:37MB python3:30MB nodeagent:28MB 
1791107799 avail_mb=4799 python:2234MB python3:37MB python3:30MB nodeagent:28MB 
1791107804 avail_mb=4806 python:2236MB python3:37MB python3:30MB nodeagent:28MB 
1791107809 avail_mb=4806 python:2236MB python3:37MB python3:30MB nodeagent:28MB 
1791107814 avail_mb=4807 python:2236MB python3:37MB python3:30MB nodeagent:28MB 
1791107819 avail_mb=4807 python:2238MB python3:37MB python3:30MB nodeagent:28MB 
1791107824 avail_mb=4807 python:2238MB python3:37MB python3:30MB nodeagent:28MB 
1791107829 avail_mb=4799 python:2250MB python3:37MB python3:30MB nodeagent:28MB 
1791107834 avail_mb=4795 python:2254MB python3:37MB python3:30MB nodeagent:28MB 
1791107839 avail_mb=4795 python:2255MB python3:37MB python3:30MB nodeagent:28MB 
1791107844 avail_mb=4783 python:2267MB python3:37MB python3:30MB nodeagent:28MB 
1791107849 avail_mb=4779 python:2273MB python3:37MB python3:30MB nodeagent:28MB 
1791107855 avail_mb=4779 python:2276MB python3:37MB python3:30MB nodeagent:28MB 
1791107860 avail_mb=5478 python:1556MB python3:37MB python3:30MB nodeagent:28MB 
1791107865 avail_mb=5440 python:1616MB python3:37MB python3:30MB nodeagent:28MB 
1791107870 avail_mb=5432 python:1624MB python3:37MB python3:30MB nodeagent:28MB 
1791107875 avail_mb=5424 python:1640MB python3:37MB python3:30MB nodeagent:28MB 
1791107880 avail_mb=5420 python:1643MB python3:37MB python3:30MB nodeagent:28MB 
1791107885 avail_mb=5418 python:1644MB python3:37MB python3:30MB nodeagent:28MB 
1791107890 avail_mb=5413 python:1645MB python3:37MB python3:30MB nodeagent:28MB 
1791107895 avail_mb=5412 python:1646MB python3:37MB python3:30MB nodeagent:28MB 
1791107900 avail_mb=5412 python:1649MB python3:37MB python3:30MB nodeagent:28MB 
1791107905 avail_mb=5410 python:1651MB python3:37MB python3:30MB nodeagent:28MB 
1791107910 avail_mb=5410 python:1652MB python3:37MB python3:30MB nodeagent:28MB 
1791107915 avail_mb=5409 python:1653MB python3:37MB python3:30MB nodeagent:28MB 
1791107920 avail_mb=5409 python:1653MB python3:37MB python3:30MB nodeagent:28MB 
1791107925 avail_mb=5407 python:1654MB python3:37MB python3:30MB nodeagent:28MB 
1791107930 avail_mb=5403 python:1655MB python3:37MB python3:30MB nodeagent:28MB 
1791107935 avail_mb=5403 python:1655MB python3:37MB python3:30MB nodeagent:28MB 
1791107940 avail_mb=5403 python:1660MB python3:37MB python3:30MB nodeagent:28MB 
1791107945 avail_mb=5402 python:1663MB python3:37MB python3:30MB nodeagent:28MB 
1791107950 avail_mb=5398 python:1670MB python3:37MB python3:30MB nodeagent:28MB 
1791107955 avail_mb=5396 python:1670MB python3:37MB python3:30MB nodeagent:28MB 
1791107960 avail_mb=5395 python:1671MB python3:37MB python3:30MB nodeagent:28MB 
1791107965 avail_mb=5394 python:1672MB python3:37MB python3:30MB nodeagent:28MB 
1791107970 avail_mb=5393 python:1678MB python3:37MB python3:30MB nodeagent:28MB 
1791107975 avail_mb=5370 python:1678MB python3:37MB python3:30MB nodeagent:28MB 
1791107980 avail_mb=5831 python:1473MB python3:37MB python3:30MB nodeagent:28MB 
1791107985 avail_mb=5085 python:1946MB python3:37MB python3:30MB nodeagent:28MB 
1791107990 avail_mb=5067 python:1961MB python3:37MB python3:30MB nodeagent:28MB 
1791107995 avail_mb=5061 python:1981MB python3:37MB python3:30MB nodeagent:28MB 
1791108000 avail_mb=5047 python:1991MB python3:37MB python3:30MB nodeagent:28MB 
1791108005 avail_mb=5042 python:1996MB python3:37MB python3:30MB nodeagent:28MB 
1791108010 avail_mb=5040 python:2000MB python3:37MB python3:30MB nodeagent:28MB 
1791108015 avail_mb=5030 python:2008MB python3:37MB python3:30MB nodeagent:28MB 
1791108020 avail_mb=5026 python:2010MB python3:37MB python3:30MB nodeagent:28MB 
1791108025 avail_mb=5026 python:2012MB python3:37MB python3:30MB nodeagent:28MB 
1791108030 avail_mb=5015 python:2021MB python3:37MB python3:30MB nodeagent:28MB 
1791108035 avail_mb=5015 python:2021MB python3:37MB python3:30MB nodeagent:28MB 
1791108040 avail_mb=5007 python:2029MB python3:37MB python3:30MB nodeagent:28MB 
1791108045 avail_mb=4978 python:2041MB python3:37MB python3:30MB nodeagent:28MB 
1791108050 avail_mb=4980 python:2041MB python3:37MB python3:30MB nodeagent:28MB 
1791108055 avail_mb=5111 python:1938MB python3:37MB python3:30MB nodeagent:28MB 
1791108060 avail_mb=5064 python:1984MB python3:37MB python3:30MB nodeagent:28MB 
1791108066 avail_mb=5056 python:1991MB python3:37MB python3:30MB nodeagent:28MB 
1791108071 avail_mb=5038 python:2009MB python3:37MB python3:30MB nodeagent:28MB 
1791108076 avail_mb=5033 python:2020MB python3:37MB python3:30MB nodeagent:28MB 
1791108081 avail_mb=4993 python:2048MB python3:37MB python3:30MB nodeagent:28MB 
1791108086 avail_mb=4985 python:2058MB python3:37MB python3:30MB nodeagent:28MB 
1791108091 avail_mb=4973 python:2073MB python3:37MB python3:30MB nodeagent:28MB 
1791108096 avail_mb=4953 python:2087MB python3:37MB python3:30MB nodeagent:28MB 
1791108101 avail_mb=4953 python:2091MB python3:37MB python3:30MB nodeagent:28MB 
1791108106 avail_mb=4940 python:2096MB python3:37MB python3:30MB nodeagent:28MB 
1791108111 avail_mb=4920 python:2096MB python3:37MB python3:30MB nodeagent:28MB 
1791108116 avail_mb=5002 python:2022MB python3:37MB python3:30MB nodeagent:28MB 
1791108121 avail_mb=4958 python:2073MB python3:37MB python3:30MB nodeagent:28MB 
1791108126 avail_mb=4950 python:2089MB python3:37MB python3:30MB nodeagent:28MB 
1791108131 avail_mb=4946 python:2095MB python3:37MB python3:30MB nodeagent:28MB 
1791108136 avail_mb=4934 python:2106MB python3:37MB python3:30MB nodeagent:28MB 
1791108141 avail_mb=4928 python:2110MB python3:37MB python3:30MB nodeagent:28MB 
1791108146 avail_mb=4916 python:2119MB python3:37MB python3:30MB nodeagent:28MB 
1791108151 avail_mb=4916 python:2124MB python3:37MB python3:30MB nodeagent:28MB 
1791108156 avail_mb=4908 python:2129MB python3:37MB python3:30MB nodeagent:28MB 
1791108161 avail_mb=4908 python:2129MB python3:37MB python3:30MB nodeagent:28MB 
1791108166 avail_mb=4904 python:2129MB python3:37MB python3:30MB nodeagent:28MB 
1791108171 avail_mb=4896 python:2139MB python3:37MB python3:30MB nodeagent:28MB 
1791108176 avail_mb=4888 python:2145MB python3:37MB python3:30MB nodeagent:28MB 
1791108181 avail_mb=4888 python:2147MB python3:37MB python3:30MB nodeagent:28MB 
1791108186 avail_mb=4880 python:2149MB python3:37MB python3:30MB nodeagent:28MB 
1791108191 avail_mb=4876 python:2157MB python3:37MB python3:30MB nodeagent:28MB 
1791108196 avail_mb=4868 python:2160MB python3:37MB python3:30MB nodeagent:28MB 
1791108201 avail_mb=4868 python:2161MB python3:37MB python3:30MB nodeagent:28MB 
1791108206 avail_mb=4868 python:2162MB python3:37MB python3:30MB nodeagent:28MB 
1791108211 avail_mb=4864 python:2163MB python3:37MB python3:30MB nodeagent:28MB 
1791108216 avail_mb=4856 python:2168MB python3:37MB python3:30MB nodeagent:28MB 
1791108221 avail_mb=4852 python:2172MB python3:37MB python3:30MB nodeagent:28MB 
1791108226 avail_mb=4848 python:2176MB python3:37MB python3:30MB nodeagent:28MB 
1791108231 avail_mb=4821 python:2175MB python3:37MB python3:30MB nodeagent:28MB 
1791108236 avail_mb=4814 python:2182MB python3:37MB python3:30MB nodeagent:28MB 
1791108241 avail_mb=4806 python:2193MB python3:37MB python3:30MB nodeagent:28MB 
1791108247 avail_mb=4800 python:2201MB python3:37MB python3:30MB nodeagent:28MB 
1791108252 avail_mb=4796 python:2210MB python3:37MB python3:30MB nodeagent:28MB 
1791108257 avail_mb=4784 python:2221MB python3:37MB python3:30MB nodeagent:28MB 
1791108262 avail_mb=4784 python:2220MB python3:37MB python3:30MB nodeagent:28MB 
1791108267 avail_mb=4772 python:2229MB python3:37MB python3:30MB nodeagent:28MB 
1791108272 avail_mb=4764 python:2239MB python3:37MB python3:30MB nodeagent:28MB 
1791108277 avail_mb=4760 python:2245MB python3:37MB python3:30MB nodeagent:28MB 
1791108282 avail_mb=4760 python:2245MB python3:37MB python3:30MB nodeagent:28MB 
1791108287 avail_mb=4752 python:2249MB python3:37MB python3:30MB nodeagent:28MB 
1791108292 avail_mb=4752 python:2249MB python3:37MB python3:30MB nodeagent:28MB 
1791108297 avail_mb=4757 python:2249MB python3:37MB python3:30MB nodeagent:28MB 
1791108302 avail_mb=4755 python:2249MB landscape-sysin:40MB python3:37MB python3:30MB 
1791108307 avail_mb=4773 python:2249MB python3:37MB python3:30MB nodeagent:28MB 
1791108312 avail_mb=4772 python:2250MB python3:37MB python3:30MB nodeagent:28MB 
1791108317 avail_mb=4763 python:2257MB python3:37MB python3:30MB nodeagent:28MB 
1791108322 avail_mb=4763 python:2257MB python3:37MB python3:30MB nodeagent:28MB 
1791108327 avail_mb=4755 python:2261MB python3:37MB python3:30MB nodeagent:28MB 
1791108332 avail_mb=4755 python:2261MB python3:37MB python3:30MB nodeagent:28MB 
1791108337 avail_mb=4743 python:2265MB python3:37MB python3:30MB nodeagent:28MB 
1791108342 avail_mb=4743 python:2269MB python3:37MB python3:30MB nodeagent:28MB 
1791108347 avail_mb=4743 python:2269MB python3:37MB python3:30MB nodeagent:28MB 
1791108352 avail_mb=4739 python:2273MB python3:37MB python3:30MB nodeagent:28MB 
1791108357 avail_mb=4739 python:2273MB python3:37MB python3:30MB nodeagent:28MB 
1791108362 avail_mb=4742 python:2273MB python3:37MB python3:30MB nodeagent:28MB 
1791108367 avail_mb=5860 python:1177MB python3:37MB python3:30MB nodeagent:28MB 
1791108372 avail_mb=5571 python:1443MB python3:37MB python3:30MB nodeagent:28MB 
1791108377 avail_mb=5566 python:1459MB python3:37MB python3:30MB nodeagent:28MB 
1791108382 avail_mb=5560 python:1470MB python3:37MB python3:30MB nodeagent:28MB 
1791108387 avail_mb=5560 python:1472MB python3:37MB python3:30MB nodeagent:28MB 
1791108392 avail_mb=5558 python:1472MB python3:37MB python3:30MB nodeagent:28MB 
1791108397 avail_mb=5558 python:1473MB python3:37MB python3:30MB nodeagent:28MB 
1791108402 avail_mb=5554 python:1475MB python3:37MB python3:30MB nodeagent:28MB 
1791108407 avail_mb=5552 python:1476MB python3:37MB python3:30MB nodeagent:28MB 
1791108412 avail_mb=5551 python:1477MB python3:37MB python3:30MB nodeagent:28MB 
1791108417 avail_mb=5551 python:1477MB python3:37MB python3:30MB nodeagent:28MB 
1791108422 avail_mb=5551 python:1477MB python3:37MB python3:30MB nodeagent:28MB 
1791108427 avail_mb=5551 python:1477MB python3:37MB python3:30MB nodeagent:28MB 
1791108432 avail_mb=5548 python:1484MB python3:37MB python3:30MB nodeagent:28MB 
1791108438 avail_mb=5546 python:1484MB python3:37MB python3:30MB nodeagent:28MB 
1791108443 avail_mb=5546 python:1487MB python3:37MB python3:30MB nodeagent:28MB 
1791108448 avail_mb=5546 python:1487MB python3:37MB python3:30MB nodeagent:28MB 
1791108453 avail_mb=5545 python:1487MB python3:37MB python3:30MB nodeagent:28MB 
1791108458 avail_mb=5545 python:1488MB python3:37MB python3:30MB nodeagent:28MB 
1791108463 avail_mb=5544 python:1489MB python3:37MB python3:30MB nodeagent:28MB 
1791108468 avail_mb=5542 python:1489MB python3:37MB python3:30MB nodeagent:28MB 
1791108473 avail_mb=5542 python:1491MB python3:37MB python3:30MB nodeagent:28MB 
1791108478 avail_mb=5542 python:1492MB python3:37MB python3:30MB nodeagent:28MB 
1791108483 avail_mb=5508 python:1495MB python3:37MB python3:30MB nodeagent:28MB 
1791108488 avail_mb=4580 python:3439MB python3:37MB python3:30MB nodeagent:28MB 
1791108493 avail_mb=5275 python:1792MB python3:37MB python3:30MB nodeagent:28MB 
1791108498 avail_mb=5265 python:1808MB python3:37MB python3:30MB nodeagent:28MB 
1791108503 avail_mb=5258 python:1815MB python3:37MB python3:30MB nodeagent:28MB 
1791108508 avail_mb=5254 python:1819MB python3:37MB python3:30MB nodeagent:28MB 
1791108513 avail_mb=5252 python:1822MB python3:37MB python3:30MB nodeagent:28MB 
1791108518 avail_mb=5248 python:1822MB python3:37MB python3:30MB nodeagent:28MB 
1791108523 avail_mb=5243 python:1832MB python3:37MB python3:30MB nodeagent:28MB 
1791108528 avail_mb=5236 python:1837MB python3:37MB python3:30MB nodeagent:28MB 
1791108533 avail_mb=5230 python:1842MB python3:37MB python3:30MB nodeagent:28MB 
1791108538 avail_mb=5222 python:1842MB python3:37MB python3:30MB nodeagent:28MB 
1791108543 avail_mb=5218 python:1851MB python3:37MB python3:30MB nodeagent:28MB 
1791108548 avail_mb=5214 python:1854MB python3:37MB python3:30MB nodeagent:28MB 
1791108553 avail_mb=5202 python:1858MB python3:37MB python3:30MB nodeagent:28MB 
1791108558 avail_mb=5178 python:1861MB python3:37MB python3:30MB nodeagent:28MB 
1791108563 avail_mb=3583 python:4911MB python3:37MB python3:30MB nodeagent:28MB 
1791108568 avail_mb=5101 python:1962MB python3:37MB python3:30MB nodeagent:28MB 
1791108573 avail_mb=5097 python:1978MB python3:37MB python3:30MB nodeagent:28MB 
1791108578 avail_mb=5083 python:1987MB python3:37MB python3:30MB nodeagent:28MB 
1791108583 avail_mb=5072 python:2000MB python3:37MB python3:30MB nodeagent:28MB 
1791108588 avail_mb=5068 python:2009MB python3:37MB python3:30MB nodeagent:28MB 
1791108593 avail_mb=5047 python:2038MB python3:37MB python3:30MB nodeagent:28MB 
1791108598 avail_mb=5035 python:2054MB python3:37MB python3:30MB nodeagent:28MB 
1791108603 avail_mb=5023 python:2061MB python3:37MB python3:30MB nodeagent:28MB 
1791108608 avail_mb=5008 python:2080MB python3:37MB python3:30MB nodeagent:28MB 
1791108613 avail_mb=4999 python:2090MB python3:37MB python3:30MB nodeagent:28MB 
1791108619 avail_mb=4993 python:2098MB python3:37MB python3:30MB nodeagent:28MB 
1791108624 avail_mb=7320 python3:37MB python3:30MB multipathd:26MB systemd-journal:19MB 
1791108629 avail_mb=7324 python3:37MB python3:30MB multipathd:26MB systemd-journal:19MB 
1791108634 avail_mb=7324 python3:37MB python3:30MB multipathd:26MB systemd-journal:19MB 
1791108639 avail_mb=7325 python3:37MB python3:30MB multipathd:26MB systemd-journal:19MB 
1791108644 avail_mb=7325 python3:37MB python3:30MB multipathd:26MB systemd-journal:19MB 
1791108649 avail_mb=7325 python3:37MB python3:30MB multipathd:26MB systemd-journal:19MB 
1791108654 avail_mb=7325 python3:37MB python3:30MB multipathd:26MB systemd-journal:19MB 
1791108659 avail_mb=7325 python3:37MB python3:30MB multipathd:26MB systemd-journal:19MB 
1791108664 avail_mb=7325 python3:37MB python3:30MB multipathd:26MB systemd-journal:19MB 
1791108669 avail_mb=7325 python3:37MB python3:30MB multipathd:26MB systemd-journal:19MB 
1791108674 avail_mb=7325 python3:37MB python3:30MB multipathd:26MB systemd-journal:19MB 
1791108679 avail_mb=7325 python3:37MB python3:30MB multipathd:26MB systemd-journal:19MB 
1791108684 avail_mb=7325 python3:37MB python3:30MB multipathd:26MB systemd-journal:19MB 
1791108689 avail_mb=7325 python3:37MB python3:30MB multipathd:26MB systemd-journal:19MB 
1791108694 avail_mb=7325 python3:37MB python3:30MB multipathd:26MB systemd-journal:19MB 
1791108699 avail_mb=7325 python3:37MB python3:30MB multipathd:26MB systemd-journal:19MB 
1791108704 avail_mb=7325 python3:37MB python3:30MB multipathd:26MB systemd-journal:19MB 
1791108709 avail_mb=7325 python3:37MB python3:30MB multipathd:26MB systemd-journal:19MB 
1791108714 avail_mb=7325 python3:37MB python3:30MB multipathd:26MB systemd-journal:19MB 
1791108719 avail_mb=7325 python3:37MB python3:30MB multipathd:26MB systemd-journal:19MB 
1791108724 avail_mb=7325 python3:37MB python3:30MB multipathd:26MB systemd-journal:19MB 
1791108729 avail_mb=7325 python3:37MB python3:30MB multipathd:26MB systemd-journal:19MB 
1791108734 avail_mb=7325 python3:37MB python3:30MB multipathd:26MB systemd-journal:19MB 
1791108739 avail_mb=7325 python3:37MB python3:30MB multipathd:26MB systemd-journal:19MB 
1791108745 avail_mb=7227 python:211MB python3:37MB python3:30MB multipathd:26MB 
1791108750 avail_mb=4516 python:2353MB python3:37MB python3:30MB multipathd:26MB 
1791108756 avail_mb=5595 python:1598MB python3:37MB python3:30MB multipathd:26MB 
1791108761 avail_mb=5670 python:1601MB python3:37MB python3:30MB multipathd:26MB 
1791108766 avail_mb=5717 python:1629MB python3:37MB python3:30MB multipathd:26MB 
1791108771 avail_mb=5817 python:1629MB python3:37MB python3:30MB multipathd:26MB 
1791108776 avail_mb=5817 python:1629MB python3:37MB python3:30MB multipathd:26MB 
1791108781 avail_mb=5815 python:1629MB python3:37MB python3:30MB multipathd:26MB 
1791108786 avail_mb=5799 python:1643MB python3:37MB python3:30MB multipathd:26MB 
1791108791 avail_mb=5791 python:1645MB python3:37MB python3:30MB multipathd:26MB 
1791108796 avail_mb=5788 python:1652MB python3:37MB python3:30MB multipathd:26MB 
1791108801 avail_mb=5767 python:1667MB python3:37MB python3:30MB multipathd:26MB 
1791108806 avail_mb=5767 python:1667MB python3:37MB python3:30MB multipathd:26MB 
1791108811 avail_mb=5751 python:1685MB python3:37MB python3:30MB multipathd:26MB 
1791108816 avail_mb=5746 python:1686MB python3:37MB python3:30MB nodeagent:28MB 
1791108821 avail_mb=5750 python:1695MB python3:37MB python3:30MB nodeagent:28MB 
1791108826 avail_mb=5748 python:1697MB python3:37MB python3:30MB nodeagent:28MB 
1791108831 avail_mb=5744 python:1704MB python3:37MB python3:30MB nodeagent:28MB 
1791108836 avail_mb=5740 python:1708MB python3:37MB python3:30MB nodeagent:28MB 
1791108841 avail_mb=5731 python:1718MB python3:37MB python3:30MB nodeagent:28MB 
1791108846 avail_mb=5728 python:1724MB python3:37MB python3:30MB nodeagent:28MB 
1791108851 avail_mb=5707 python:1743MB python3:37MB python3:30MB nodeagent:28MB 
1791108856 avail_mb=5705 python:1744MB python3:37MB python3:30MB nodeagent:28MB 
1791108861 avail_mb=5700 python:1746MB python3:37MB python3:30MB nodeagent:28MB 
1791108866 avail_mb=5682 python:1772MB python3:37MB python3:30MB nodeagent:28MB 
1791108871 avail_mb=5671 python:1780MB python3:37MB python3:30MB nodeagent:28MB 
1791108876 avail_mb=7329 python3:37MB python3:30MB multipathd:26MB systemd-journal:19MB 
1791108881 avail_mb=7329 python3:37MB python3:30MB multipathd:26MB systemd-journal:19MB 
1791108886 avail_mb=7329 python3:37MB python3:30MB multipathd:26MB systemd-journal:19MB 
1791108891 avail_mb=7329 python3:37MB python3:30MB multipathd:26MB systemd-journal:19MB 
1791108896 avail_mb=7329 python3:37MB python3:30MB multipathd:26MB systemd-journal:19MB 
1791108901 avail_mb=7329 python3:37MB python3:30MB multipathd:26MB systemd-journal:19MB 
1791108906 avail_mb=7329 python3:37MB python3:30MB multipathd:26MB systemd-journal:19MB 
1791108911 avail_mb=7329 python3:37MB python3:30MB multipathd:26MB systemd-journal:19MB 
1791108916 avail_mb=7329 python3:37MB python3:30MB multipathd:26MB systemd-journal:19MB 
1791108921 avail_mb=7329 python3:37MB python3:30MB multipathd:26MB systemd-journal:19MB 
1791108926 avail_mb=7329 python3:37MB python3:30MB multipathd:26MB systemd-journal:19MB 
1791108931 avail_mb=7329 python3:37MB python3:30MB multipathd:26MB systemd-journal:19MB 
1791108936 avail_mb=7329 python3:37MB python3:30MB multipathd:26MB systemd-journal:19MB 
1791108941 avail_mb=7330 python3:37MB python3:30MB multipathd:26MB systemd-journal:19MB 
1791108946 avail_mb=7330 python3:37MB python3:30MB multipathd:26MB systemd-journal:19MB 
1791108951 avail_mb=7330 python3:37MB python3:30MB multipathd:26MB systemd-journal:19MB 
1791108956 avail_mb=7330 python3:37MB python3:30MB multipathd:26MB systemd-journal:19MB 
1791108961 avail_mb=7327 fwupd:45MB python3:37MB python3:30MB multipathd:26MB 
1791108966 avail_mb=7327 fwupd:45MB python3:37MB python3:30MB multipathd:26MB 
1791108971 avail_mb=7327 fwupd:45MB python3:37MB python3:30MB multipathd:26MB 
1791108976 avail_mb=7327 fwupd:45MB python3:37MB python3:30MB multipathd:26MB 
1791108982 avail_mb=7327 fwupd:45MB python3:37MB python3:30MB multipathd:26MB 
1791108987 avail_mb=7327 fwupd:45MB python3:37MB python3:30MB multipathd:26MB 
1791108992 avail_mb=7327 fwupd:45MB python3:37MB python3:30MB multipathd:26MB 
1791108998 avail_mb=7156 python:258MB fwupd:45MB python3:37MB python3:30MB 
1791109003 avail_mb=5554 python:1596MB fwupd:45MB python3:37MB python3:30MB 
1791109008 avail_mb=5594 python:1599MB fwupd:45MB python3:37MB python3:30MB 
1791109013 avail_mb=5639 python:1600MB fwupd:45MB python3:37MB python3:30MB 
1791109019 avail_mb=5760 python:1602MB fwupd:45MB python3:37MB python3:30MB 
1791109024 avail_mb=5748 python:1618MB fwupd:45MB python3:37MB python3:30MB 
1791109029 avail_mb=5798 python:1620MB fwupd:45MB python3:37MB python3:30MB 
1791109034 avail_mb=5786 python:1622MB fwupd:45MB python3:37MB python3:30MB 
1791109039 avail_mb=5782 python:1647MB fwupd:45MB python3:37MB python3:30MB 
1791109044 avail_mb=5770 python:1650MB fwupd:45MB python3:37MB python3:30MB 
1791109049 avail_mb=5762 python:1658MB fwupd:45MB python3:37MB python3:30MB 
1791109054 avail_mb=5758 python:1670MB fwupd:45MB python3:37MB python3:30MB 
1791109059 avail_mb=5758 python:1672MB fwupd:45MB python3:37MB python3:30MB 
1791109064 avail_mb=5758 python:1677MB fwupd:45MB python3:37MB python3:30MB 
1791109069 avail_mb=5717 python:1696MB fwupd:45MB python3:37MB python3:30MB 
1791109074 avail_mb=5718 python:1701MB fwupd:45MB python3:37MB python3:30MB 
1791109079 avail_mb=5718 python:1705MB fwupd:45MB python3:37MB python3:30MB 
1791109084 avail_mb=5718 python:1707MB fwupd:45MB python3:37MB python3:30MB 
1791109089 avail_mb=5707 python:1722MB fwupd:45MB python3:37MB python3:30MB 
1791109094 avail_mb=5707 python:1724MB fwupd:45MB python3:37MB python3:30MB 
1791109099 avail_mb=5705 python:1745MB fwupd:45MB python3:37MB python3:30MB 
1791109104 avail_mb=5704 python:1748MB fwupd:45MB python3:37MB python3:30MB 
1791109109 avail_mb=5693 python:1762MB fwupd:45MB python3:37MB python3:30MB 
1791109114 avail_mb=5689 python:1766MB fwupd:45MB python3:37MB python3:30MB 
1791109119 avail_mb=5684 python:1771MB fwupd:45MB python3:37MB python3:30MB 
1791109124 avail_mb=5669 python:1787MB fwupd:45MB python3:37MB python3:30MB 
1791109129 avail_mb=7326 fwupd:45MB python3:37MB python3:30MB multipathd:26MB 
1791109134 avail_mb=7326 fwupd:45MB python3:37MB python3:30MB multipathd:26MB 
1791109139 avail_mb=7326 fwupd:45MB python3:37MB python3:30MB multipathd:26MB 
1791109144 avail_mb=7326 fwupd:45MB python3:37MB python3:30MB multipathd:26MB 
1791109149 avail_mb=7326 fwupd:45MB python3:37MB python3:30MB multipathd:26MB 
1791109154 avail_mb=7326 fwupd:45MB python3:37MB python3:30MB multipathd:26MB 
1791109159 avail_mb=7326 fwupd:45MB python3:37MB python3:30MB multipathd:26MB 
1791109164 avail_mb=7326 fwupd:45MB python3:37MB python3:30MB multipathd:26MB 
1791109169 avail_mb=7326 fwupd:45MB python3:37MB python3:30MB multipathd:26MB 
1791109174 avail_mb=7326 fwupd:45MB python3:37MB python3:30MB multipathd:26MB 
1791109179 avail_mb=7326 fwupd:45MB python3:37MB python3:30MB multipathd:26MB 
1791109184 avail_mb=7326 fwupd:45MB python3:37MB python3:30MB multipathd:26MB 
1791109189 avail_mb=7326 fwupd:45MB python3:37MB python3:30MB multipathd:26MB 
1791109194 avail_mb=7326 fwupd:45MB python3:37MB python3:30MB multipathd:26MB 
1791109199 avail_mb=7326 fwupd:45MB python3:37MB python3:30MB multipathd:26MB 
1791109204 avail_mb=7326 fwupd:45MB python3:37MB python3:30MB multipathd:26MB 
1791109209 avail_mb=7327 fwupd:45MB python3:37MB python3:30MB multipathd:26MB 
1791109214 avail_mb=7327 fwupd:45MB python3:37MB python3:30MB multipathd:26MB 
1791109219 avail_mb=7327 fwupd:45MB python3:37MB python3:30MB multipathd:26MB 
1791109224 avail_mb=7327 fwupd:45MB python3:37MB python3:30MB multipathd:26MB 
1791109229 avail_mb=7327 fwupd:45MB python3:37MB python3:30MB multipathd:26MB 
1791109234 avail_mb=7327 fwupd:45MB python3:37MB python3:30MB multipathd:26MB 
1791109240 avail_mb=7327 fwupd:45MB python3:37MB python3:30MB multipathd:26MB 
1791109245 avail_mb=7327 fwupd:45MB python3:37MB python3:30MB multipathd:26MB 
1791109253 avail_mb=7173 python:259MB fwupd:45MB python3:37MB python3:30MB 
1791109258 avail_mb=5558 python:1596MB fwupd:45MB python3:37MB python3:30MB 
1791109263 avail_mb=5607 python:1598MB python3:37MB python3:30MB multipathd:26MB 
1791109268 avail_mb=5645 python:1612MB python3:37MB python3:30MB multipathd:26MB 
1791109273 avail_mb=5777 python:1614MB python3:37MB python3:30MB multipathd:26MB 
1791109278 avail_mb=5808 python:1633MB python3:37MB python3:30MB multipathd:26MB 
1791109283 avail_mb=5807 python:1635MB python3:37MB python3:30MB multipathd:26MB 
1791109288 avail_mb=5807 python:1637MB python3:37MB python3:30MB multipathd:26MB 
1791109293 avail_mb=5785 python:1659MB python3:37MB python3:30MB multipathd:26MB 
1791109298 avail_mb=5784 python:1659MB python3:37MB python3:30MB multipathd:26MB 
1791109303 avail_mb=5777 python:1662MB python3:37MB python3:30MB multipathd:26MB 
1791109308 avail_mb=5766 python:1678MB python3:37MB python3:30MB multipathd:26MB 
1791109313 avail_mb=5760 python:1679MB python3:37MB python3:30MB multipathd:26MB 
1791109318 avail_mb=5758 python:1684MB python3:37MB python3:30MB multipathd:26MB 
1791109323 avail_mb=5735 python:1686MB python3:37MB python3:30MB multipathd:26MB 
1791109328 avail_mb=5650 python:1552MB python3:37MB python3:30MB multipathd:26MB 
1791109333 avail_mb=5683 python:1582MB python3:37MB python3:30MB multipathd:26MB 
1791109338 avail_mb=5717 python:1587MB python3:37MB python3:30MB multipathd:26MB 
1791109343 avail_mb=5747 python:1589MB python3:37MB python3:30MB multipathd:26MB 
1791109348 avail_mb=5831 python:1593MB python3:37MB python3:30MB multipathd:26MB 
1791109353 avail_mb=5831 python:1593MB python3:37MB python3:30MB multipathd:26MB 
1791109358 avail_mb=5830 python:1593MB python3:37MB python3:30MB multipathd:26MB 
1791109363 avail_mb=5829 python:1598MB python3:37MB python3:30MB multipathd:26MB 
1791109368 avail_mb=5825 python:1602MB python3:37MB python3:30MB multipathd:26MB 
1791109373 avail_mb=5821 python:1603MB python3:37MB python3:30MB multipathd:26MB 
1791109378 avail_mb=5817 python:1612MB python3:37MB python3:30MB multipathd:26MB 
1791109384 avail_mb=5796 python:1615MB python3:37MB landscape-sysin:34MB python3:30MB 
1791109389 avail_mb=7337 python3:37MB python3:30MB multipathd:26MB systemd-journal:19MB 
1791109394 avail_mb=7339 python3:37MB python3:30MB multipathd:26MB systemd-journal:19MB 
1791109399 avail_mb=7339 python3:37MB python3:30MB multipathd:26MB systemd-journal:19MB 
1791109404 avail_mb=7339 python3:37MB python3:30MB multipathd:26MB systemd-journal:19MB 
1791109409 avail_mb=7339 python3:37MB python3:30MB multipathd:26MB systemd-journal:19MB 
1791109414 avail_mb=7339 python3:37MB python3:30MB multipathd:26MB systemd-journal:19MB 
1791109419 avail_mb=7339 python3:37MB python3:30MB multipathd:26MB systemd-journal:19MB 
1791109424 avail_mb=7339 python3:37MB python3:30MB multipathd:26MB systemd-journal:19MB 
1791109429 avail_mb=7339 python3:37MB python3:30MB multipathd:26MB systemd-journal:19MB 
1791109434 avail_mb=7339 python3:37MB python3:30MB multipathd:26MB systemd-journal:19MB 
1791109439 avail_mb=7340 python3:37MB python3:30MB multipathd:26MB systemd-journal:19MB 
1791109444 avail_mb=7340 python3:37MB python3:30MB multipathd:26MB systemd-journal:19MB 
1791109449 avail_mb=7340 python3:37MB python3:30MB multipathd:26MB systemd-journal:19MB 
1791109454 avail_mb=7340 python3:37MB python3:30MB multipathd:26MB systemd-journal:19MB 
1791109459 avail_mb=7340 python3:37MB python3:30MB multipathd:26MB systemd-journal:19MB 
1791109464 avail_mb=7340 python3:37MB python3:30MB multipathd:26MB systemd-journal:19MB 
1791109469 avail_mb=7340 python3:37MB python3:30MB multipathd:26MB systemd-journal:19MB 
1791109474 avail_mb=7340 python3:37MB python3:30MB multipathd:26MB systemd-journal:19MB 
1791109479 avail_mb=7340 python3:37MB python3:30MB multipathd:26MB systemd-journal:19MB 
1791109484 avail_mb=7340 python3:37MB python3:30MB multipathd:26MB systemd-journal:19MB 
1791109489 avail_mb=7340 python3:37MB python3:30MB multipathd:26MB systemd-journal:19MB 
1791109494 avail_mb=7340 python3:37MB python3:30MB multipathd:26MB systemd-journal:19MB 
1791109499 avail_mb=7339 python3:37MB python3:30MB multipathd:26MB systemd-journal:19MB 
1791109504 avail_mb=7339 python3:37MB python3:30MB multipathd:26MB systemd-journal:19MB 
1791109510 avail_mb=7244 python:207MB python3:37MB python3:30MB multipathd:26MB 
1791109515 avail_mb=5570 python:1549MB python3:37MB python3:30MB multipathd:26MB 
1791109520 avail_mb=5616 python:1594MB python3:37MB python3:30MB multipathd:26MB 
1791109525 avail_mb=5712 python:1596MB python3:37MB python3:30MB multipathd:26MB 
1791109530 avail_mb=5749 python:1601MB python3:37MB python3:30MB multipathd:26MB 
1791109535 avail_mb=5751 python:1621MB python3:37MB python3:30MB multipathd:26MB 
1791109540 avail_mb=5743 python:1632MB python3:37MB python3:30MB multipathd:26MB 
1791109545 avail_mb=5811 python:1636MB python3:37MB python3:30MB multipathd:26MB 
1791109550 avail_mb=5779 python:1671MB python3:37MB python3:30MB multipathd:26MB 
1791109555 avail_mb=5771 python:1673MB python3:37MB python3:30MB multipathd:26MB 
1791109560 avail_mb=5771 python:1675MB python3:37MB python3:30MB multipathd:26MB 
1791109565 avail_mb=5771 python:1688MB python3:37MB python3:30MB multipathd:26MB 
1791109570 avail_mb=5753 python:1701MB python3:37MB python3:30MB multipathd:26MB 
1791109575 avail_mb=5749 python:1712MB python3:37MB python3:30MB multipathd:26MB 
1791109580 avail_mb=5736 python:1718MB python3:37MB python3:30MB multipathd:26MB 
1791109585 avail_mb=5716 python:1718MB python3:37MB python3:30MB multipathd:26MB 
1791109590 avail_mb=5459 python:1609MB python3:37MB python3:30MB multipathd:26MB 
1791109595 avail_mb=5588 python:1621MB python3:37MB python3:30MB multipathd:26MB 
1791109600 avail_mb=5668 python:1628MB python3:37MB python3:30MB multipathd:26MB 
1791109605 avail_mb=5720 python:1641MB python3:37MB python3:30MB multipathd:26MB 
1791109610 avail_mb=5759 python:1642MB python3:37MB python3:30MB multipathd:26MB 
1791109616 avail_mb=5757 python:1646MB python3:37MB python3:30MB multipathd:26MB 
1791109621 avail_mb=5753 python:1662MB python3:37MB python3:30MB multipathd:26MB 
1791109626 avail_mb=5748 python:1667MB python3:37MB python3:30MB multipathd:26MB 
1791109631 avail_mb=5747 python:1668MB python3:37MB python3:30MB multipathd:26MB 
1791109636 avail_mb=5745 python:1670MB python3:37MB python3:30MB multipathd:26MB 
1791109641 avail_mb=5741 python:1678MB python3:37MB python3:30MB multipathd:26MB 
1791109646 avail_mb=7333 python3:37MB python3:30MB multipathd:26MB systemd-journal:19MB 
1791109651 avail_mb=7332 python3:37MB python3:30MB multipathd:26MB systemd-journal:19MB 
1791109656 avail_mb=7332 python3:37MB python3:30MB multipathd:26MB systemd-journal:19MB 
1791109661 avail_mb=7332 python3:37MB python3:30MB multipathd:26MB systemd-journal:19MB 
1791109666 avail_mb=7332 python3:37MB python3:30MB multipathd:26MB systemd-journal:19MB 
1791109671 avail_mb=7332 python3:37MB python3:30MB multipathd:26MB systemd-journal:19MB 
1791109676 avail_mb=7332 python3:37MB python3:30MB multipathd:26MB systemd-journal:19MB 
1791109681 avail_mb=7332 python3:37MB python3:30MB multipathd:26MB systemd-journal:19MB 
1791109686 avail_mb=7332 python3:37MB python3:30MB multipathd:26MB systemd-journal:19MB 
1791109691 avail_mb=7332 python3:37MB python3:30MB multipathd:26MB systemd-journal:19MB 
1791109696 avail_mb=7332 python3:37MB python3:30MB multipathd:26MB systemd-journal:19MB 
1791109701 avail_mb=7332 python3:37MB python3:30MB multipathd:26MB systemd-journal:19MB 
1791109706 avail_mb=7331 python3:37MB python3:30MB multipathd:26MB systemd-journal:19MB 
1791109711 avail_mb=7331 python3:37MB python3:30MB multipathd:26MB systemd-journal:19MB 
1791109716 avail_mb=7330 python3:37MB python3:30MB multipathd:26MB systemd-journal:19MB 
1791109721 avail_mb=7330 python3:37MB python3:30MB multipathd:26MB systemd-journal:19MB 
1791109726 avail_mb=7330 python3:37MB python3:30MB multipathd:26MB systemd-journal:19MB 
1791109731 avail_mb=7330 python3:37MB python3:30MB multipathd:26MB systemd-journal:19MB 
1791109736 avail_mb=7330 python3:37MB python3:30MB multipathd:26MB systemd-journal:19MB 
1791109741 avail_mb=7330 python3:37MB python3:30MB multipathd:26MB systemd-journal:19MB 
1791109746 avail_mb=7330 python3:37MB python3:30MB multipathd:26MB systemd-journal:19MB 
1791109751 avail_mb=7330 python3:37MB python3:30MB multipathd:26MB systemd-journal:19MB 
1791109756 avail_mb=7329 python3:37MB python3:30MB multipathd:26MB systemd-journal:19MB 
1791109761 avail_mb=7329 python3:37MB python3:30MB multipathd:26MB systemd-journal:19MB 
1791109769 avail_mb=7212 python:218MB python3:37MB python3:30MB multipathd:26MB 
1791109774 avail_mb=5584 python:1549MB python3:37MB python3:30MB multipathd:26MB 
1791109779 avail_mb=5602 python:1595MB python3:37MB python3:30MB multipathd:26MB 
1791109784 avail_mb=5625 python:1606MB python3:37MB python3:30MB multipathd:26MB 
1791109789 avail_mb=5666 python:1640MB python3:37MB python3:30MB multipathd:26MB 
1791109794 avail_mb=5755 python:1648MB python3:37MB python3:30MB multipathd:26MB 
1791109799 avail_mb=5786 python:1649MB python3:37MB python3:30MB multipathd:26MB 
1791109804 avail_mb=5792 python:1651MB python3:37MB python3:30MB multipathd:26MB 
1791109809 avail_mb=5784 python:1657MB python3:37MB python3:30MB multipathd:26MB 
1791109815 avail_mb=5772 python:1668MB python3:37MB python3:30MB multipathd:26MB 
1791109820 avail_mb=5767 python:1672MB python3:37MB python3:30MB nodeagent:27MB 
1791109825 avail_mb=5742 python:1704MB python3:37MB python3:30MB nodeagent:27MB 
1791109830 avail_mb=5742 python:1706MB python3:37MB python3:30MB nodeagent:28MB 
1791109835 avail_mb=5738 python:1712MB python3:37MB python3:30MB nodeagent:28MB 
1791109840 avail_mb=5707 python:1714MB python3:37MB python3:30MB nodeagent:28MB 
1791109845 avail_mb=5703 python:1714MB python3:37MB python3:30MB nodeagent:28MB 
1791109850 avail_mb=5384 python:1605MB python3:37MB python3:30MB nodeagent:28MB 
1791109855 avail_mb=5528 python:1612MB python3:37MB python3:30MB nodeagent:28MB 
1791109860 avail_mb=5620 python:1616MB python3:37MB python3:30MB nodeagent:28MB 
1791109865 avail_mb=5726 python:1628MB python3:37MB python3:30MB nodeagent:28MB 
1791109870 avail_mb=5766 python:1628MB python3:37MB python3:30MB nodeagent:28MB 
1791109875 avail_mb=5787 python:1630MB python3:37MB python3:30MB nodeagent:28MB 
1791109880 avail_mb=5780 python:1645MB python3:37MB python3:30MB nodeagent:28MB 
1791109885 avail_mb=5774 python:1647MB python3:37MB python3:30MB nodeagent:28MB 
1791109890 avail_mb=5774 python:1649MB python3:37MB python3:30MB nodeagent:28MB 
1791109895 avail_mb=5774 python:1649MB python3:37MB python3:30MB nodeagent:28MB 
1791109900 avail_mb=5762 python:1666MB python3:37MB python3:30MB nodeagent:28MB 
1791109905 avail_mb=7346 python3:37MB python3:30MB multipathd:26MB systemd-journal:19MB 
1791109910 avail_mb=7350 python3:37MB python3:30MB multipathd:26MB systemd-journal:19MB 
1791109915 avail_mb=7350 python3:37MB python3:30MB multipathd:26MB systemd-journal:19MB 
1791109920 avail_mb=7350 python3:37MB python3:30MB multipathd:26MB systemd-journal:19MB 
1791109925 avail_mb=7350 python3:37MB python3:30MB multipathd:26MB systemd-journal:19MB 
1791109930 avail_mb=7350 python3:37MB python3:30MB multipathd:26MB systemd-journal:19MB 
1791109935 avail_mb=7350 python3:37MB python3:30MB multipathd:26MB systemd-journal:19MB 
1791109940 avail_mb=7350 python3:37MB python3:30MB multipathd:26MB systemd-journal:19MB 
1791109945 avail_mb=7350 python3:37MB python3:30MB multipathd:26MB systemd-journal:19MB 
1791109950 avail_mb=7350 python3:37MB python3:30MB multipathd:26MB systemd-journal:19MB 
1791109955 avail_mb=7350 python3:37MB python3:30MB multipathd:26MB systemd-journal:19MB 
1791109960 avail_mb=7350 python3:37MB python3:30MB multipathd:26MB systemd-journal:19MB 
1791109965 avail_mb=7350 python3:37MB python3:30MB multipathd:26MB systemd-journal:19MB 
1791109970 avail_mb=7350 python3:37MB python3:30MB multipathd:26MB systemd-journal:19MB 
1791109975 avail_mb=7350 python3:37MB python3:30MB multipathd:26MB systemd-journal:19MB 
1791109980 avail_mb=7350 python3:37MB python3:30MB multipathd:26MB systemd-journal:19MB 
1791109985 avail_mb=7350 python3:37MB python3:30MB multipathd:26MB systemd-journal:19MB 
1791109990 avail_mb=7350 python3:37MB python3:30MB multipathd:26MB systemd-journal:19MB 
1791109995 avail_mb=7350 python3:37MB python3:30MB multipathd:26MB systemd-journal:19MB 
1791110000 avail_mb=7350 python3:37MB python3:30MB multipathd:26MB systemd-journal:19MB 
1791110005 avail_mb=7350 python3:37MB python3:30MB multipathd:26MB systemd-journal:19MB 
1791110010 avail_mb=7350 python3:37MB python3:30MB multipathd:26MB systemd-journal:19MB 
1791110015 avail_mb=7350 python3:37MB python3:30MB multipathd:26MB systemd-journal:19MB 
1791110020 avail_mb=7350 python3:37MB python3:30MB multipathd:26MB systemd-journal:19MB 
1791110028 avail_mb=7251 python:203MB python3:37MB python3:30MB multipathd:26MB 
1791110033 avail_mb=5592 python:1549MB python3:37MB python3:30MB multipathd:26MB 
1791110038 avail_mb=5602 python:1590MB python3:37MB python3:30MB multipathd:26MB 
1791110043 avail_mb=5655 python:1592MB python3:37MB python3:30MB multipathd:26MB 
1791110049 avail_mb=5726 python:1608MB python3:37MB python3:30MB multipathd:26MB 
1791110054 avail_mb=5807 python:1619MB python3:37MB python3:30MB multipathd:26MB 
1791110059 avail_mb=5793 python:1632MB python3:37MB python3:30MB multipathd:26MB 
1791110064 avail_mb=5810 python:1634MB python3:37MB python3:30MB multipathd:26MB 
1791110069 avail_mb=5797 python:1640MB python3:37MB python3:30MB multipathd:26MB 
1791110074 avail_mb=5789 python:1651MB python3:37MB python3:30MB multipathd:26MB 
1791110079 avail_mb=5784 python:1656MB python3:37MB python3:30MB multipathd:26MB 
1791110084 avail_mb=5758 python:1686MB python3:37MB python3:30MB multipathd:26MB 
1791110089 avail_mb=5749 python:1688MB python3:37MB python3:30MB multipathd:26MB 
1791110094 avail_mb=5745 python:1695MB python3:37MB python3:30MB multipathd:26MB 
1791110099 avail_mb=5724 python:1695MB python3:37MB python3:30MB multipathd:26MB 
1791110902 avail_mb=7259 vet:62MB python3:37MB python:36MB python3:30MB 
1791110907 avail_mb=7251 python3:37MB python:36MB python3:30MB multipathd:26MB 
1791110912 avail_mb=7314 python3:37MB python:36MB python3:30MB multipathd:26MB 
1791110917 avail_mb=7314 python3:37MB python:36MB python3:30MB multipathd:26MB 
1791110922 avail_mb=7315 python3:37MB python:36MB python3:30MB multipathd:26MB 
1791110927 avail_mb=7315 python3:37MB python:36MB python3:30MB multipathd:26MB 
1791110932 avail_mb=7315 python3:37MB python:36MB python3:30MB multipathd:26MB 
1791110937 avail_mb=7315 python3:37MB python:36MB python3:30MB multipathd:26MB 
1791110942 avail_mb=7315 python3:37MB python:36MB python3:30MB multipathd:26MB 
1791110947 avail_mb=7315 python3:37MB python:36MB python3:30MB multipathd:26MB 
1791110952 avail_mb=7315 python3:37MB python:36MB python3:30MB multipathd:26MB 
1791110957 avail_mb=7314 python3:37MB python:36MB python3:30MB multipathd:26MB 
1791110962 avail_mb=7314 python3:37MB python:36MB python3:30MB multipathd:26MB 
1791110967 avail_mb=7314 python3:37MB python:36MB python3:30MB multipathd:26MB 
1791110972 avail_mb=7290 python3:37MB python:36MB python3:30MB multipathd:26MB 
1791110977 avail_mb=7290 python3:37MB python:36MB python3:30MB multipathd:26MB 
1791110982 avail_mb=7290 python3:37MB python:36MB python3:30MB multipathd:26MB 
1791110987 avail_mb=7291 python3:37MB python:36MB python3:30MB multipathd:26MB 
1791110992 avail_mb=7291 python3:37MB python:36MB python3:30MB multipathd:26MB 
1791110997 avail_mb=7291 python3:37MB python:36MB python3:30MB multipathd:26MB 
1791111002 avail_mb=7291 python3:37MB python:36MB python3:30MB multipathd:26MB 
1791111007 avail_mb=7291 python3:37MB python:36MB python3:30MB multipathd:26MB 
1791111012 avail_mb=7291 python3:37MB python:36MB python3:30MB multipathd:26MB 
1791111017 avail_mb=7291 python3:37MB python:36MB python3:30MB multipathd:26MB 
1791111022 avail_mb=7291 python3:37MB python:36MB python3:30MB multipathd:26MB 
1791111027 avail_mb=7292 python3:37MB python:36MB python3:30MB multipathd:26MB 
1791111032 avail_mb=7292 python3:37MB python:36MB python3:30MB multipathd:26MB 
1791111037 avail_mb=7292 python3:37MB python:36MB python3:30MB multipathd:26MB 
1791111042 avail_mb=7293 python3:37MB python:36MB python3:30MB multipathd:26MB 
1791111047 avail_mb=7293 python3:37MB python:36MB python3:30MB multipathd:26MB 
1791111052 avail_mb=7293 python3:37MB python:36MB python3:30MB multipathd:26MB 
1791111057 avail_mb=7293 python3:37MB python:36MB python3:30MB multipathd:26MB 
1791111062 avail_mb=7294 python3:37MB python:36MB python3:30MB multipathd:26MB 
1791111067 avail_mb=7294 python3:37MB python:36MB python3:30MB multipathd:26MB 
1791111072 avail_mb=7294 python3:37MB python:36MB python3:30MB multipathd:26MB 
1791111077 avail_mb=7294 python3:37MB python:36MB python3:30MB multipathd:26MB 
1791111082 avail_mb=7294 python3:37MB python:36MB python3:30MB multipathd:26MB 
1791111087 avail_mb=7294 python3:37MB python:36MB python3:30MB multipathd:26MB 
1791111092 avail_mb=7294 python3:37MB python:36MB python3:30MB multipathd:26MB 
1791111097 avail_mb=7294 python3:37MB python:36MB python3:30MB multipathd:26MB 
1791111102 avail_mb=7294 python3:37MB python:36MB python3:30MB multipathd:26MB 
1791111107 avail_mb=7294 python3:37MB python:36MB python3:30MB multipathd:26MB 
1791111112 avail_mb=7294 python3:37MB python:36MB python3:30MB multipathd:26MB 
1791111117 avail_mb=7294 python3:37MB python:36MB python3:30MB multipathd:26MB 
1791111122 avail_mb=7295 python3:37MB python:36MB python3:30MB multipathd:26MB 
1791111127 avail_mb=7294 python3:37MB python:36MB python3:30MB multipathd:26MB 
1791111132 avail_mb=7288 python3:37MB python:36MB python3:30MB multipathd:26MB 
1791111137 avail_mb=7288 python3:37MB python:36MB python3:30MB multipathd:26MB 
1791111142 avail_mb=7288 python3:37MB python:36MB python3:30MB multipathd:26MB 
1791111147 avail_mb=7289 python3:37MB python:36MB python3:30MB multipathd:26MB 
1791111152 avail_mb=7289 python3:37MB python:36MB python3:30MB multipathd:26MB 
1791111157 avail_mb=7289 python3:37MB python:36MB python3:30MB multipathd:26MB 
1791111162 avail_mb=7289 python3:37MB python:36MB python3:30MB multipathd:26MB 
1791111167 avail_mb=7289 python3:37MB python:36MB python3:30MB multipathd:26MB 
1791111172 avail_mb=7289 python3:37MB python:36MB python3:30MB multipathd:26MB 
1791111177 avail_mb=7289 python3:37MB python:36MB python3:30MB multipathd:26MB 
1791111182 avail_mb=7290 python3:37MB python:36MB python3:30MB multipathd:26MB 
1791111187 avail_mb=7290 python3:37MB python:36MB python3:30MB multipathd:26MB 
1791111192 avail_mb=7290 python3:37MB python:36MB python3:30MB multipathd:26MB 
1791111197 avail_mb=7290 python3:37MB python:36MB python3:30MB multipathd:26MB 
1791111202 avail_mb=7281 python3:37MB python:36MB python3:30MB compile:27MB 
1791111208 avail_mb=7312 python3:37MB python:36MB python3:30MB multipathd:26MB 
1791111213 avail_mb=7312 python3:37MB python:36MB python3:30MB multipathd:26MB 
1791111218 avail_mb=7312 python3:37MB python:36MB python3:30MB multipathd:26MB 
1791111223 avail_mb=7312 python3:37MB python:36MB python3:30MB multipathd:26MB 
1791111228 avail_mb=7312 python3:37MB python:36MB python3:30MB multipathd:26MB 
1791111233 avail_mb=7312 python3:37MB python:36MB python3:30MB multipathd:26MB 
1791111238 avail_mb=7312 python3:37MB python:36MB python3:30MB multipathd:26MB 
1791111243 avail_mb=7312 python3:37MB python:36MB python3:30MB multipathd:26MB 
1791111248 avail_mb=7312 python3:37MB python:36MB python3:30MB multipathd:26MB 
1791111253 avail_mb=7312 python3:37MB python:36MB python3:30MB multipathd:26MB 
1791111258 avail_mb=7312 python3:37MB python:36MB python3:30MB multipathd:26MB 
1791111263 avail_mb=7312 python3:37MB python:36MB python3:30MB multipathd:26MB 
1791111268 avail_mb=7312 python3:37MB python:36MB python3:30MB multipathd:26MB 
1791111273 avail_mb=7312 python3:37MB python:36MB python3:30MB multipathd:26MB 
1791111278 avail_mb=7312 python3:37MB python:36MB python3:30MB multipathd:26MB 
1791111283 avail_mb=7312 python3:37MB python:36MB python3:30MB multipathd:26MB 
1791111288 avail_mb=7312 python3:37MB python:36MB python3:30MB multipathd:26MB 
1791111293 avail_mb=7314 python3:37MB python:36MB python3:30MB multipathd:26MB 
1791111298 avail_mb=7313 python3:37MB python:36MB python3:30MB multipathd:26MB 
1791111303 avail_mb=7313 python3:37MB python:36MB python3:30MB multipathd:26MB 
1791111308 avail_mb=7306 python3:37MB python:36MB python3:30MB multipathd:26MB 
