2026/10/04 06:22:21 gpu telemetry: measured execution speed pushed by the co-located worker
2026/10/04 06:22:21 advertising worker 10.10.1.5:50051 while it is serving gRPC
2026/10/04 06:22:21 eBPF tcpmon attached (ports 50051-50051)
2026/10/04 06:22:21 pushing telemetry to 10.10.1.4:50053
2026/10/04 06:22:21 node agent vm3 listening on :9101
2026/10/04 06:22:22 worker 10.10.1.5:50051 ready=true
2026/10/04 06:22:22 telemetry push failed: rpc error: code = Unavailable desc = connection error: desc = "transport: Error while dialing: dial tcp 10.10.1.4:50053: connect: connection refused"
2026/10/04 06:23:27 telemetry push failed: rpc error: code = Unavailable desc = connection error: desc = "transport: Error while dialing: dial tcp 10.10.1.4:50053: connect: connection refused"
2026/10/04 06:31:28 gpu telemetry: measured execution speed pushed by the co-located worker
2026/10/04 06:31:28 advertising worker 10.10.1.5:50051 while it is serving gRPC
2026/10/04 06:31:28 eBPF tcpmon attached (ports 50051-50051)
2026/10/04 06:31:28 pushing telemetry to 10.10.1.4:50053
2026/10/04 06:31:28 node agent vm3 listening on :9101
2026/10/04 06:31:29 worker 10.10.1.5:50051 ready=true
2026/10/04 06:35:55 telemetry push failed: rpc error: code = Unavailable desc = connection error: desc = "transport: Error while dialing: dial tcp 10.10.1.4:50053: connect: connection refused"
2026/10/04 06:43:50 gpu telemetry: measured execution speed pushed by the co-located worker
2026/10/04 06:43:50 advertising worker 10.10.1.5:50051 while it is serving gRPC
2026/10/04 06:43:50 eBPF tcpmon attached (ports 50051-50051)
2026/10/04 06:43:50 pushing telemetry to 10.10.1.4:50053
2026/10/04 06:43:50 node agent vm3 listening on :9101
2026/10/04 06:43:51 worker 10.10.1.5:50051 ready=true
2026/10/04 06:48:28 gpu telemetry: measured execution speed pushed by the co-located worker
2026/10/04 06:48:28 advertising worker 10.10.1.5:50051 while it is serving gRPC
2026/10/04 06:48:28 eBPF tcpmon attached (ports 50051-50051)
2026/10/04 06:48:28 pushing telemetry to 10.10.1.4:50053
2026/10/04 06:48:28 node agent vm3 listening on :9101
2026/10/04 06:48:29 worker 10.10.1.5:50051 ready=true
2026/10/04 06:48:43 telemetry push failed: rpc error: code = DeadlineExceeded desc = context deadline exceeded
2026/10/04 06:48:46 telemetry push failed: rpc error: code = DeadlineExceeded desc = context deadline exceeded while waiting for connections to become ready
2026/10/04 06:48:50 telemetry push failed: rpc error: code = DeadlineExceeded desc = context deadline exceeded while waiting for connections to become ready
2026/10/04 06:48:54 telemetry push failed: rpc error: code = DeadlineExceeded desc = context deadline exceeded while waiting for connections to become ready
2026/10/04 06:48:58 telemetry push failed: rpc error: code = DeadlineExceeded desc = context deadline exceeded while waiting for connections to become ready
2026/10/04 06:49:02 telemetry push failed: rpc error: code = DeadlineExceeded desc = context deadline exceeded while waiting for connections to become ready
2026/10/04 06:49:06 telemetry push failed: rpc error: code = DeadlineExceeded desc = context deadline exceeded while waiting for connections to become ready
2026/10/04 06:49:10 telemetry push failed: rpc error: code = DeadlineExceeded desc = context deadline exceeded while waiting for connections to become ready
2026/10/04 06:49:14 telemetry push failed: rpc error: code = DeadlineExceeded desc = context deadline exceeded while waiting for connections to become ready
2026/10/04 06:49:18 telemetry push failed: rpc error: code = DeadlineExceeded desc = context deadline exceeded while waiting for connections to become ready
2026/10/04 06:49:22 telemetry push failed: rpc error: code = DeadlineExceeded desc = context deadline exceeded while waiting for connections to become ready
2026/10/04 06:49:26 telemetry push failed: rpc error: code = DeadlineExceeded desc = context deadline exceeded while waiting for connections to become ready
2026/10/04 06:49:29 telemetry push failed: rpc error: code = DeadlineExceeded desc = context deadline exceeded while waiting for connections to become ready
2026/10/04 06:49:33 telemetry push failed: rpc error: code = DeadlineExceeded desc = context deadline exceeded while waiting for connections to become ready
2026/10/04 06:49:37 telemetry push failed: rpc error: code = DeadlineExceeded desc = context deadline exceeded while waiting for connections to become ready
2026/10/04 06:49:41 telemetry push failed: rpc error: code = DeadlineExceeded desc = context deadline exceeded while waiting for connections to become ready
2026/10/04 06:49:45 telemetry push failed: rpc error: code = DeadlineExceeded desc = context deadline exceeded while waiting for connections to become ready
2026/10/04 06:49:49 telemetry push failed: rpc error: code = DeadlineExceeded desc = context deadline exceeded while waiting for connections to become ready
2026/10/04 06:49:53 telemetry push failed: rpc error: code = DeadlineExceeded desc = context deadline exceeded while waiting for connections to become ready
2026/10/04 06:49:57 telemetry push failed: rpc error: code = DeadlineExceeded desc = context deadline exceeded while waiting for connections to become ready
2026/10/04 06:50:01 telemetry push failed: rpc error: code = DeadlineExceeded desc = context deadline exceeded while waiting for connections to become ready
2026/10/04 06:50:05 telemetry push failed: rpc error: code = DeadlineExceeded desc = context deadline exceeded while waiting for connections to become ready
2026/10/04 06:50:08 telemetry push failed: rpc error: code = DeadlineExceeded desc = context deadline exceeded while waiting for connections to become ready
2026/10/04 06:50:12 telemetry push failed: rpc error: code = DeadlineExceeded desc = context deadline exceeded while waiting for connections to become ready
2026/10/04 06:50:16 telemetry push failed: rpc error: code = DeadlineExceeded desc = context deadline exceeded while waiting for connections to become ready
2026/10/04 06:50:20 telemetry push failed: rpc error: code = DeadlineExceeded desc = context deadline exceeded while waiting for connections to become ready
2026/10/04 06:50:24 telemetry push failed: rpc error: code = DeadlineExceeded desc = context deadline exceeded while waiting for connections to become ready
2026/10/04 06:50:28 telemetry push failed: rpc error: code = DeadlineExceeded desc = context deadline exceeded while waiting for connections to become ready
2026/10/04 06:50:32 telemetry push failed: rpc error: code = DeadlineExceeded desc = context deadline exceeded while waiting for connections to become ready
2026/10/04 06:50:36 telemetry push failed: rpc error: code = DeadlineExceeded desc = context deadline exceeded while waiting for connections to become ready
2026/10/04 06:50:40 telemetry push failed: rpc error: code = DeadlineExceeded desc = context deadline exceeded while waiting for connections to become ready
2026/10/04 06:50:44 telemetry push failed: rpc error: code = DeadlineExceeded desc = context deadline exceeded while waiting for connections to become ready
2026/10/04 06:50:47 telemetry push failed: rpc error: code = DeadlineExceeded desc = context deadline exceeded while waiting for connections to become ready
2026/10/04 06:50:51 telemetry push failed: rpc error: code = DeadlineExceeded desc = context deadline exceeded while waiting for connections to become ready
2026/10/04 06:50:55 telemetry push failed: rpc error: code = DeadlineExceeded desc = context deadline exceeded while waiting for connections to become ready
2026/10/04 06:50:59 telemetry push failed: rpc error: code = DeadlineExceeded desc = context deadline exceeded while waiting for connections to become ready
2026/10/04 06:51:03 telemetry push failed: rpc error: code = DeadlineExceeded desc = context deadline exceeded while waiting for connections to become ready
2026/10/04 06:51:07 telemetry push failed: rpc error: code = DeadlineExceeded desc = context deadline exceeded while waiting for connections to become ready
2026/10/04 06:51:11 telemetry push failed: rpc error: code = DeadlineExceeded desc = context deadline exceeded while waiting for connections to become ready
2026/10/04 06:51:15 telemetry push failed: rpc error: code = DeadlineExceeded desc = context deadline exceeded while waiting for connections to become ready
2026/10/04 06:51:19 telemetry push failed: rpc error: code = DeadlineExceeded desc = context deadline exceeded while waiting for connections to become ready
2026/10/04 06:51:23 telemetry push failed: rpc error: code = DeadlineExceeded desc = context deadline exceeded while waiting for connections to become ready
2026/10/04 06:51:26 telemetry push failed: rpc error: code = DeadlineExceeded desc = context deadline exceeded while waiting for connections to become ready
2026/10/04 06:51:30 telemetry push failed: rpc error: code = DeadlineExceeded desc = context deadline exceeded while waiting for connections to become ready
2026/10/04 06:51:34 telemetry push failed: rpc error: code = DeadlineExceeded desc = context deadline exceeded while waiting for connections to become ready
2026/10/04 06:51:38 telemetry push failed: rpc error: code = DeadlineExceeded desc = context deadline exceeded while waiting for connections to become ready
2026/10/04 06:51:42 telemetry push failed: rpc error: code = DeadlineExceeded desc = context deadline exceeded while waiting for connections to become ready
2026/10/04 06:51:46 telemetry push failed: rpc error: code = DeadlineExceeded desc = context deadline exceeded while waiting for connections to become ready
2026/10/04 06:51:50 telemetry push failed: rpc error: code = DeadlineExceeded desc = context deadline exceeded while waiting for connections to become ready
2026/10/04 06:51:54 telemetry push failed: rpc error: code = DeadlineExceeded desc = context deadline exceeded while waiting for connections to become ready
2026/10/04 06:51:58 telemetry push failed: rpc error: code = DeadlineExceeded desc = context deadline exceeded while waiting for connections to become ready
2026/10/04 06:52:02 telemetry push failed: rpc error: code = DeadlineExceeded desc = context deadline exceeded while waiting for connections to become ready
2026/10/04 06:52:05 telemetry push failed: rpc error: code = DeadlineExceeded desc = context deadline exceeded while waiting for connections to become ready
2026/10/04 06:52:09 telemetry push failed: rpc error: code = DeadlineExceeded desc = context deadline exceeded while waiting for connections to become ready
2026/10/04 06:52:13 telemetry push failed: rpc error: code = DeadlineExceeded desc = context deadline exceeded while waiting for connections to become ready
2026/10/04 06:52:17 telemetry push failed: rpc error: code = DeadlineExceeded desc = context deadline exceeded while waiting for connections to become ready
2026/10/04 06:52:21 telemetry push failed: rpc error: code = DeadlineExceeded desc = context deadline exceeded while waiting for connections to become ready
2026/10/04 06:52:25 telemetry push failed: rpc error: code = DeadlineExceeded desc = context deadline exceeded while waiting for connections to become ready
2026/10/04 06:52:29 telemetry push failed: rpc error: code = DeadlineExceeded desc = context deadline exceeded while waiting for connections to become ready
2026/10/04 06:52:33 telemetry push failed: rpc error: code = DeadlineExceeded desc = context deadline exceeded while waiting for connections to become ready
2026/10/04 06:52:37 telemetry push failed: rpc error: code = DeadlineExceeded desc = context deadline exceeded while waiting for connections to become ready
2026/10/04 06:52:41 telemetry push failed: rpc error: code = DeadlineExceeded desc = context deadline exceeded while waiting for connections to become ready
2026/10/04 06:52:44 telemetry push failed: rpc error: code = DeadlineExceeded desc = context deadline exceeded while waiting for connections to become ready
2026/10/04 06:52:48 telemetry push failed: rpc error: code = DeadlineExceeded desc = context deadline exceeded while waiting for connections to become ready
2026/10/04 06:52:52 telemetry push failed: rpc error: code = DeadlineExceeded desc = context deadline exceeded while waiting for connections to become ready
2026/10/04 06:52:56 telemetry push failed: rpc error: code = DeadlineExceeded desc = context deadline exceeded while waiting for connections to become ready
2026/10/04 06:53:00 telemetry push failed: rpc error: code = DeadlineExceeded desc = context deadline exceeded while waiting for connections to become ready
2026/10/04 06:53:04 telemetry push failed: rpc error: code = DeadlineExceeded desc = context deadline exceeded while waiting for connections to become ready
2026/10/04 06:53:08 telemetry push failed: rpc error: code = DeadlineExceeded desc = context deadline exceeded while waiting for connections to become ready
2026/10/04 06:53:12 telemetry push failed: rpc error: code = DeadlineExceeded desc = context deadline exceeded while waiting for connections to become ready
2026/10/04 06:53:16 telemetry push failed: rpc error: code = DeadlineExceeded desc = context deadline exceeded while waiting for connections to become ready
2026/10/04 06:53:20 telemetry push failed: rpc error: code = DeadlineExceeded desc = context deadline exceeded while waiting for connections to become ready
2026/10/04 06:53:24 telemetry push failed: rpc error: code = DeadlineExceeded desc = context deadline exceeded while waiting for connections to become ready
2026/10/04 06:53:27 telemetry push failed: rpc error: code = DeadlineExceeded desc = context deadline exceeded while waiting for connections to become ready
2026/10/04 06:53:31 telemetry push failed: rpc error: code = DeadlineExceeded desc = context deadline exceeded while waiting for connections to become ready
2026/10/04 06:53:35 telemetry push failed: rpc error: code = DeadlineExceeded desc = context deadline exceeded while waiting for connections to become ready
2026/10/04 06:53:39 telemetry push failed: rpc error: code = DeadlineExceeded desc = context deadline exceeded while waiting for connections to become ready
2026/10/04 06:53:43 telemetry push failed: rpc error: code = DeadlineExceeded desc = context deadline exceeded while waiting for connections to become ready
2026/10/04 06:53:47 telemetry push failed: rpc error: code = DeadlineExceeded desc = context deadline exceeded while waiting for connections to become ready
2026/10/04 06:53:51 telemetry push failed: rpc error: code = DeadlineExceeded desc = context deadline exceeded while waiting for connections to become ready
2026/10/04 06:53:55 telemetry push failed: rpc error: code = DeadlineExceeded desc = context deadline exceeded while waiting for connections to become ready
2026/10/04 06:53:59 telemetry push failed: rpc error: code = DeadlineExceeded desc = context deadline exceeded while waiting for connections to become ready
2026/10/04 06:54:03 telemetry push failed: rpc error: code = DeadlineExceeded desc = context deadline exceeded while waiting for connections to become ready
2026/10/04 06:54:06 telemetry push failed: rpc error: code = DeadlineExceeded desc = context deadline exceeded while waiting for connections to become ready
2026/10/04 06:54:10 telemetry push failed: rpc error: code = DeadlineExceeded desc = context deadline exceeded while waiting for connections to become ready
2026/10/04 06:54:14 telemetry push failed: rpc error: code = DeadlineExceeded desc = context deadline exceeded while waiting for connections to become ready
2026/10/04 06:54:18 telemetry push failed: rpc error: code = DeadlineExceeded desc = context deadline exceeded while waiting for connections to become ready
2026/10/04 06:54:22 telemetry push failed: rpc error: code = DeadlineExceeded desc = context deadline exceeded while waiting for connections to become ready
2026/10/04 06:54:26 telemetry push failed: rpc error: code = DeadlineExceeded desc = context deadline exceeded while waiting for connections to become ready
2026/10/04 06:54:30 telemetry push failed: rpc error: code = DeadlineExceeded desc = context deadline exceeded while waiting for connections to become ready
2026/10/04 06:54:34 telemetry push failed: rpc error: code = DeadlineExceeded desc = context deadline exceeded while waiting for connections to become ready
2026/10/04 06:54:38 telemetry push failed: rpc error: code = DeadlineExceeded desc = context deadline exceeded while waiting for connections to become ready
2026/10/04 06:54:42 telemetry push failed: rpc error: code = DeadlineExceeded desc = context deadline exceeded while waiting for connections to become ready
2026/10/04 06:54:45 telemetry push failed: rpc error: code = DeadlineExceeded desc = context deadline exceeded while waiting for connections to become ready
2026/10/04 06:54:49 telemetry push failed: rpc error: code = DeadlineExceeded desc = context deadline exceeded while waiting for connections to become ready
2026/10/04 06:54:53 telemetry push failed: rpc error: code = DeadlineExceeded desc = context deadline exceeded while waiting for connections to become ready
2026/10/04 06:54:57 telemetry push failed: rpc error: code = DeadlineExceeded desc = context deadline exceeded while waiting for connections to become ready
2026/10/04 06:55:01 telemetry push failed: rpc error: code = DeadlineExceeded desc = context deadline exceeded while waiting for connections to become ready
2026/10/04 06:55:05 telemetry push failed: rpc error: code = DeadlineExceeded desc = context deadline exceeded while waiting for connections to become ready
2026/10/04 06:55:09 telemetry push failed: rpc error: code = DeadlineExceeded desc = context deadline exceeded while waiting for connections to become ready
2026/10/04 06:55:13 telemetry push failed: rpc error: code = DeadlineExceeded desc = context deadline exceeded while waiting for connections to become ready
2026/10/04 06:55:17 telemetry push failed: rpc error: code = DeadlineExceeded desc = context deadline exceeded while waiting for connections to become ready
2026/10/04 06:55:21 telemetry push failed: rpc error: code = DeadlineExceeded desc = context deadline exceeded while waiting for connections to become ready
2026/10/04 06:55:24 telemetry push failed: rpc error: code = DeadlineExceeded desc = context deadline exceeded while waiting for connections to become ready
2026/10/04 06:55:28 telemetry push failed: rpc error: code = DeadlineExceeded desc = context deadline exceeded while waiting for connections to become ready
2026/10/04 06:55:32 telemetry push failed: rpc error: code = DeadlineExceeded desc = context deadline exceeded while waiting for connections to become ready
2026/10/04 06:55:36 telemetry push failed: rpc error: code = DeadlineExceeded desc = context deadline exceeded while waiting for connections to become ready
2026/10/04 06:55:40 telemetry push failed: rpc error: code = DeadlineExceeded desc = context deadline exceeded while waiting for connections to become ready
2026/10/04 06:55:44 telemetry push failed: rpc error: code = DeadlineExceeded desc = context deadline exceeded while waiting for connections to become ready
2026/10/04 06:55:48 telemetry push failed: rpc error: code = DeadlineExceeded desc = context deadline exceeded while waiting for connections to become ready
2026/10/04 06:55:52 telemetry push failed: rpc error: code = DeadlineExceeded desc = context deadline exceeded while waiting for connections to become ready
2026/10/04 06:55:56 telemetry push failed: rpc error: code = DeadlineExceeded desc = context deadline exceeded while waiting for connections to become ready
2026/10/04 06:56:00 telemetry push failed: rpc error: code = DeadlineExceeded desc = context deadline exceeded while waiting for connections to become ready
2026/10/04 06:56:03 telemetry push failed: rpc error: code = DeadlineExceeded desc = context deadline exceeded while waiting for connections to become ready
2026/10/04 06:56:07 telemetry push failed: rpc error: code = DeadlineExceeded desc = context deadline exceeded while waiting for connections to become ready
2026/10/04 06:56:11 telemetry push failed: rpc error: code = DeadlineExceeded desc = context deadline exceeded while waiting for connections to become ready
2026/10/04 06:56:15 telemetry push failed: rpc error: code = DeadlineExceeded desc = context deadline exceeded while waiting for connections to become ready
2026/10/04 06:56:19 telemetry push failed: rpc error: code = DeadlineExceeded desc = context deadline exceeded while waiting for connections to become ready
2026/10/04 06:56:23 telemetry push failed: rpc error: code = DeadlineExceeded desc = context deadline exceeded while waiting for connections to become ready
2026/10/04 06:56:27 telemetry push failed: rpc error: code = DeadlineExceeded desc = context deadline exceeded while waiting for connections to become ready
2026/10/04 06:56:31 telemetry push failed: rpc error: code = DeadlineExceeded desc = context deadline exceeded while waiting for connections to become ready
2026/10/04 06:56:35 telemetry push failed: rpc error: code = DeadlineExceeded desc = context deadline exceeded while waiting for connections to become ready
2026/10/04 06:56:39 telemetry push failed: rpc error: code = DeadlineExceeded desc = context deadline exceeded while waiting for connections to become ready
2026/10/04 06:56:43 telemetry push failed: rpc error: code = DeadlineExceeded desc = context deadline exceeded while waiting for connections to become ready
2026/10/04 06:56:46 telemetry push failed: rpc error: code = DeadlineExceeded desc = context deadline exceeded while waiting for connections to become ready
2026/10/04 06:56:50 telemetry push failed: rpc error: code = DeadlineExceeded desc = context deadline exceeded while waiting for connections to become ready
2026/10/04 06:56:54 telemetry push failed: rpc error: code = DeadlineExceeded desc = context deadline exceeded while waiting for connections to become ready
2026/10/04 06:56:58 telemetry push failed: rpc error: code = DeadlineExceeded desc = context deadline exceeded while waiting for connections to become ready
2026/10/04 06:57:02 telemetry push failed: rpc error: code = DeadlineExceeded desc = context deadline exceeded while waiting for connections to become ready
2026/10/04 06:57:06 telemetry push failed: rpc error: code = DeadlineExceeded desc = context deadline exceeded while waiting for connections to become ready
2026/10/04 06:57:10 telemetry push failed: rpc error: code = DeadlineExceeded desc = context deadline exceeded while waiting for connections to become ready
2026/10/04 06:57:14 telemetry push failed: rpc error: code = DeadlineExceeded desc = context deadline exceeded while waiting for connections to become ready
2026/10/04 06:57:18 telemetry push failed: rpc error: code = DeadlineExceeded desc = context deadline exceeded while waiting for connections to become ready
2026/10/04 06:57:22 telemetry push failed: rpc error: code = DeadlineExceeded desc = context deadline exceeded while waiting for connections to become ready
2026/10/04 06:57:25 telemetry push failed: rpc error: code = DeadlineExceeded desc = context deadline exceeded while waiting for connections to become ready
2026/10/04 06:57:29 telemetry push failed: rpc error: code = DeadlineExceeded desc = context deadline exceeded while waiting for connections to become ready
2026/10/04 06:57:33 telemetry push failed: rpc error: code = DeadlineExceeded desc = context deadline exceeded while waiting for connections to become ready
2026/10/04 06:57:37 telemetry push failed: rpc error: code = DeadlineExceeded desc = context deadline exceeded while waiting for connections to become ready
2026/10/04 06:57:41 telemetry push failed: rpc error: code = DeadlineExceeded desc = context deadline exceeded while waiting for connections to become ready
2026/10/04 06:57:45 telemetry push failed: rpc error: code = DeadlineExceeded desc = context deadline exceeded while waiting for connections to become ready
2026/10/04 06:57:49 telemetry push failed: rpc error: code = DeadlineExceeded desc = context deadline exceeded while waiting for connections to become ready
2026/10/04 06:57:53 telemetry push failed: rpc error: code = DeadlineExceeded desc = context deadline exceeded while waiting for connections to become ready
2026/10/04 06:57:57 telemetry push failed: rpc error: code = DeadlineExceeded desc = context deadline exceeded while waiting for connections to become ready
2026/10/04 06:58:01 telemetry push failed: rpc error: code = DeadlineExceeded desc = context deadline exceeded while waiting for connections to become ready
2026/10/04 06:58:04 telemetry push failed: rpc error: code = DeadlineExceeded desc = context deadline exceeded while waiting for connections to become ready
2026/10/04 06:58:08 telemetry push failed: rpc error: code = DeadlineExceeded desc = context deadline exceeded while waiting for connections to become ready
2026/10/04 06:58:12 telemetry push failed: rpc error: code = DeadlineExceeded desc = context deadline exceeded while waiting for connections to become ready
2026/10/04 06:58:16 telemetry push failed: rpc error: code = DeadlineExceeded desc = context deadline exceeded while waiting for connections to become ready
2026/10/04 06:58:20 telemetry push failed: rpc error: code = DeadlineExceeded desc = context deadline exceeded while waiting for connections to become ready
2026/10/04 06:58:24 telemetry push failed: rpc error: code = DeadlineExceeded desc = context deadline exceeded while waiting for connections to become ready
2026/10/04 06:58:28 telemetry push failed: rpc error: code = DeadlineExceeded desc = context deadline exceeded while waiting for connections to become ready
2026/10/04 06:58:32 telemetry push failed: rpc error: code = DeadlineExceeded desc = context deadline exceeded while waiting for connections to become ready
2026/10/04 06:58:36 telemetry push failed: rpc error: code = DeadlineExceeded desc = context deadline exceeded while waiting for connections to become ready
2026/10/04 06:58:40 telemetry push failed: rpc error: code = DeadlineExceeded desc = context deadline exceeded while waiting for connections to become ready
2026/10/04 06:58:43 telemetry push failed: rpc error: code = DeadlineExceeded desc = context deadline exceeded while waiting for connections to become ready
2026/10/04 06:58:47 telemetry push failed: rpc error: code = DeadlineExceeded desc = context deadline exceeded while waiting for connections to become ready
2026/10/04 06:58:51 telemetry push failed: rpc error: code = DeadlineExceeded desc = context deadline exceeded while waiting for connections to become ready
2026/10/04 06:58:55 telemetry push failed: rpc error: code = DeadlineExceeded desc = context deadline exceeded while waiting for connections to become ready
2026/10/04 06:58:59 telemetry push failed: rpc error: code = DeadlineExceeded desc = context deadline exceeded while waiting for connections to become ready
2026/10/04 06:59:03 telemetry push failed: rpc error: code = DeadlineExceeded desc = context deadline exceeded while waiting for connections to become ready
2026/10/04 06:59:07 telemetry push failed: rpc error: code = DeadlineExceeded desc = context deadline exceeded while waiting for connections to become ready
2026/10/04 06:59:11 telemetry push failed: rpc error: code = DeadlineExceeded desc = context deadline exceeded while waiting for connections to become ready
2026/10/04 06:59:15 telemetry push failed: rpc error: code = DeadlineExceeded desc = context deadline exceeded while waiting for connections to become ready
2026/10/04 06:59:19 telemetry push failed: rpc error: code = DeadlineExceeded desc = context deadline exceeded while waiting for connections to become ready
2026/10/04 06:59:22 telemetry push failed: rpc error: code = DeadlineExceeded desc = context deadline exceeded while waiting for connections to become ready
2026/10/04 06:59:26 telemetry push failed: rpc error: code = DeadlineExceeded desc = context deadline exceeded while waiting for connections to become ready
2026/10/04 06:59:30 telemetry push failed: rpc error: code = DeadlineExceeded desc = context deadline exceeded while waiting for connections to become ready
2026/10/04 06:59:34 telemetry push failed: rpc error: code = DeadlineExceeded desc = context deadline exceeded while waiting for connections to become ready
2026/10/04 06:59:38 telemetry push failed: rpc error: code = DeadlineExceeded desc = context deadline exceeded while waiting for connections to become ready
2026/10/04 06:59:42 telemetry push failed: rpc error: code = DeadlineExceeded desc = context deadline exceeded while waiting for connections to become ready
2026/10/04 06:59:46 telemetry push failed: rpc error: code = DeadlineExceeded desc = context deadline exceeded while waiting for connections to become ready
2026/10/04 06:59:50 telemetry push failed: rpc error: code = DeadlineExceeded desc = context deadline exceeded while waiting for connections to become ready
2026/10/04 06:59:54 telemetry push failed: rpc error: code = DeadlineExceeded desc = context deadline exceeded while waiting for connections to become ready
2026/10/04 06:59:58 telemetry push failed: rpc error: code = DeadlineExceeded desc = context deadline exceeded while waiting for connections to become ready
2026/10/04 07:00:01 telemetry push failed: rpc error: code = DeadlineExceeded desc = context deadline exceeded while waiting for connections to become ready
2026/10/04 07:00:05 telemetry push failed: rpc error: code = DeadlineExceeded desc = context deadline exceeded while waiting for connections to become ready
2026/10/04 07:00:09 telemetry push failed: rpc error: code = DeadlineExceeded desc = context deadline exceeded while waiting for connections to become ready
2026/10/04 07:00:13 telemetry push failed: rpc error: code = DeadlineExceeded desc = context deadline exceeded while waiting for connections to become ready
2026/10/04 07:00:17 telemetry push failed: rpc error: code = DeadlineExceeded desc = context deadline exceeded while waiting for connections to become ready
2026/10/04 07:00:21 telemetry push failed: rpc error: code = DeadlineExceeded desc = context deadline exceeded while waiting for connections to become ready
2026/10/04 07:00:25 telemetry push failed: rpc error: code = DeadlineExceeded desc = context deadline exceeded while waiting for connections to become ready
2026/10/04 07:00:29 telemetry push failed: rpc error: code = DeadlineExceeded desc = context deadline exceeded while waiting for connections to become ready
2026/10/04 07:00:33 telemetry push failed: rpc error: code = DeadlineExceeded desc = context deadline exceeded while waiting for connections to become ready
2026/10/04 07:00:37 telemetry push failed: rpc error: code = DeadlineExceeded desc = context deadline exceeded while waiting for connections to become ready
2026/10/04 07:00:41 telemetry push failed: rpc error: code = DeadlineExceeded desc = context deadline exceeded while waiting for connections to become ready
2026/10/04 07:00:44 telemetry push failed: rpc error: code = DeadlineExceeded desc = context deadline exceeded while waiting for connections to become ready
2026/10/04 07:00:48 telemetry push failed: rpc error: code = DeadlineExceeded desc = context deadline exceeded while waiting for connections to become ready
2026/10/04 07:00:52 telemetry push failed: rpc error: code = DeadlineExceeded desc = context deadline exceeded while waiting for connections to become ready
2026/10/04 07:00:56 telemetry push failed: rpc error: code = DeadlineExceeded desc = context deadline exceeded while waiting for connections to become ready
2026/10/04 07:01:00 telemetry push failed: rpc error: code = DeadlineExceeded desc = context deadline exceeded while waiting for connections to become ready
2026/10/04 07:01:04 telemetry push failed: rpc error: code = DeadlineExceeded desc = context deadline exceeded while waiting for connections to become ready
2026/10/04 07:01:08 telemetry push failed: rpc error: code = DeadlineExceeded desc = context deadline exceeded while waiting for connections to become ready
2026/10/04 07:01:12 telemetry push failed: rpc error: code = DeadlineExceeded desc = context deadline exceeded while waiting for connections to become ready
2026/10/04 07:01:16 telemetry push failed: rpc error: code = DeadlineExceeded desc = context deadline exceeded while waiting for connections to become ready
2026/10/04 07:01:20 telemetry push failed: rpc error: code = DeadlineExceeded desc = context deadline exceeded while waiting for connections to become ready
2026/10/04 07:01:23 telemetry push failed: rpc error: code = DeadlineExceeded desc = context deadline exceeded while waiting for connections to become ready
2026/10/04 07:01:27 telemetry push failed: rpc error: code = DeadlineExceeded desc = context deadline exceeded while waiting for connections to become ready
2026/10/04 07:01:31 telemetry push failed: rpc error: code = DeadlineExceeded desc = context deadline exceeded while waiting for connections to become ready
2026/10/04 07:01:35 telemetry push failed: rpc error: code = DeadlineExceeded desc = context deadline exceeded while waiting for connections to become ready
2026/10/04 07:01:39 telemetry push failed: rpc error: code = DeadlineExceeded desc = context deadline exceeded while waiting for connections to become ready
2026/10/04 07:01:43 telemetry push failed: rpc error: code = DeadlineExceeded desc = context deadline exceeded while waiting for connections to become ready
2026/10/04 07:01:47 telemetry push failed: rpc error: code = DeadlineExceeded desc = context deadline exceeded while waiting for connections to become ready
2026/10/04 07:01:51 telemetry push failed: rpc error: code = DeadlineExceeded desc = context deadline exceeded while waiting for connections to become ready
2026/10/04 07:01:55 telemetry push failed: rpc error: code = DeadlineExceeded desc = context deadline exceeded while waiting for connections to become ready
2026/10/04 07:01:59 telemetry push failed: rpc error: code = DeadlineExceeded desc = context deadline exceeded while waiting for connections to become ready
2026/10/04 07:02:02 telemetry push failed: rpc error: code = DeadlineExceeded desc = context deadline exceeded while waiting for connections to become ready
2026/10/04 07:02:06 telemetry push failed: rpc error: code = DeadlineExceeded desc = context deadline exceeded while waiting for connections to become ready
2026/10/04 07:02:10 telemetry push failed: rpc error: code = DeadlineExceeded desc = context deadline exceeded while waiting for connections to become ready
2026/10/04 07:02:14 telemetry push failed: rpc error: code = DeadlineExceeded desc = context deadline exceeded while waiting for connections to become ready
2026/10/04 07:02:18 telemetry push failed: rpc error: code = DeadlineExceeded desc = context deadline exceeded while waiting for connections to become ready
2026/10/04 07:02:22 telemetry push failed: rpc error: code = DeadlineExceeded desc = context deadline exceeded while waiting for connections to become ready
2026/10/04 07:02:26 telemetry push failed: rpc error: code = DeadlineExceeded desc = context deadline exceeded while waiting for connections to become ready
2026/10/04 07:02:30 telemetry push failed: rpc error: code = DeadlineExceeded desc = context deadline exceeded while waiting for connections to become ready
2026/10/04 07:02:34 telemetry push failed: rpc error: code = DeadlineExceeded desc = context deadline exceeded while waiting for connections to become ready
2026/10/04 07:02:38 telemetry push failed: rpc error: code = DeadlineExceeded desc = context deadline exceeded while waiting for connections to become ready
2026/10/04 07:02:41 telemetry push failed: rpc error: code = DeadlineExceeded desc = context deadline exceeded while waiting for connections to become ready
2026/10/04 07:02:45 telemetry push failed: rpc error: code = DeadlineExceeded desc = context deadline exceeded while waiting for connections to become ready
2026/10/04 07:02:49 telemetry push failed: rpc error: code = DeadlineExceeded desc = context deadline exceeded while waiting for connections to become ready
2026/10/04 07:02:53 telemetry push failed: rpc error: code = DeadlineExceeded desc = context deadline exceeded while waiting for connections to become ready
2026/10/04 07:02:57 telemetry push failed: rpc error: code = DeadlineExceeded desc = context deadline exceeded while waiting for connections to become ready
2026/10/04 07:03:01 telemetry push failed: rpc error: code = DeadlineExceeded desc = context deadline exceeded while waiting for connections to become ready
2026/10/04 07:03:05 telemetry push failed: rpc error: code = DeadlineExceeded desc = context deadline exceeded while waiting for connections to become ready
2026/10/04 07:03:09 telemetry push failed: rpc error: code = DeadlineExceeded desc = context deadline exceeded while waiting for connections to become ready
2026/10/04 07:03:13 telemetry push failed: rpc error: code = DeadlineExceeded desc = context deadline exceeded while waiting for connections to become ready
2026/10/04 07:03:17 telemetry push failed: rpc error: code = DeadlineExceeded desc = context deadline exceeded while waiting for connections to become ready
2026/10/04 07:03:20 telemetry push failed: rpc error: code = DeadlineExceeded desc = context deadline exceeded while waiting for connections to become ready
2026/10/04 07:03:24 telemetry push failed: rpc error: code = DeadlineExceeded desc = context deadline exceeded while waiting for connections to become ready
2026/10/04 07:03:28 telemetry push failed: rpc error: code = DeadlineExceeded desc = context deadline exceeded while waiting for connections to become ready
2026/10/04 07:03:32 telemetry push failed: rpc error: code = DeadlineExceeded desc = context deadline exceeded while waiting for connections to become ready
2026/10/04 07:03:36 telemetry push failed: rpc error: code = DeadlineExceeded desc = context deadline exceeded while waiting for connections to become ready
2026/10/04 07:03:40 telemetry push failed: rpc error: code = DeadlineExceeded desc = context deadline exceeded while waiting for connections to become ready
2026/10/04 07:03:44 telemetry push failed: rpc error: code = DeadlineExceeded desc = context deadline exceeded while waiting for connections to become ready
2026/10/04 07:03:48 telemetry push failed: rpc error: code = DeadlineExceeded desc = context deadline exceeded while waiting for connections to become ready
2026/10/04 07:03:52 telemetry push failed: rpc error: code = DeadlineExceeded desc = context deadline exceeded while waiting for connections to become ready
2026/10/04 07:03:56 telemetry push failed: rpc error: code = DeadlineExceeded desc = context deadline exceeded while waiting for connections to become ready
2026/10/04 07:04:00 telemetry push failed: rpc error: code = DeadlineExceeded desc = context deadline exceeded while waiting for connections to become ready
2026/10/04 07:04:03 telemetry push failed: rpc error: code = DeadlineExceeded desc = context deadline exceeded while waiting for connections to become ready
2026/10/04 07:04:07 telemetry push failed: rpc error: code = DeadlineExceeded desc = context deadline exceeded while waiting for connections to become ready
2026/10/04 07:04:11 telemetry push failed: rpc error: code = DeadlineExceeded desc = context deadline exceeded while waiting for connections to become ready
2026/10/04 07:04:15 telemetry push failed: rpc error: code = DeadlineExceeded desc = context deadline exceeded while waiting for connections to become ready
2026/10/04 07:04:19 telemetry push failed: rpc error: code = DeadlineExceeded desc = context deadline exceeded while waiting for connections to become ready
2026/10/04 07:04:23 telemetry push failed: rpc error: code = DeadlineExceeded desc = context deadline exceeded while waiting for connections to become ready
2026/10/04 07:04:27 telemetry push failed: rpc error: code = DeadlineExceeded desc = context deadline exceeded while waiting for connections to become ready
2026/10/04 07:04:31 telemetry push failed: rpc error: code = DeadlineExceeded desc = context deadline exceeded while waiting for connections to become ready
2026/10/04 07:04:35 telemetry push failed: rpc error: code = DeadlineExceeded desc = context deadline exceeded while waiting for connections to become ready
2026/10/04 07:04:39 telemetry push failed: rpc error: code = DeadlineExceeded desc = context deadline exceeded while waiting for connections to become ready
2026/10/04 07:04:42 telemetry push failed: rpc error: code = DeadlineExceeded desc = context deadline exceeded while waiting for connections to become ready
2026/10/04 07:04:46 telemetry push failed: rpc error: code = DeadlineExceeded desc = context deadline exceeded while waiting for connections to become ready
2026/10/04 07:04:50 telemetry push failed: rpc error: code = DeadlineExceeded desc = context deadline exceeded while waiting for connections to become ready
2026/10/04 07:04:54 telemetry push failed: rpc error: code = DeadlineExceeded desc = context deadline exceeded while waiting for connections to become ready
2026/10/04 07:04:58 telemetry push failed: rpc error: code = DeadlineExceeded desc = context deadline exceeded while waiting for connections to become ready
2026/10/04 07:05:02 telemetry push failed: rpc error: code = DeadlineExceeded desc = context deadline exceeded while waiting for connections to become ready
2026/10/04 07:05:06 telemetry push failed: rpc error: code = DeadlineExceeded desc = context deadline exceeded while waiting for connections to become ready
2026/10/04 07:05:10 telemetry push failed: rpc error: code = DeadlineExceeded desc = context deadline exceeded while waiting for connections to become ready
2026/10/04 07:05:14 telemetry push failed: rpc error: code = DeadlineExceeded desc = context deadline exceeded while waiting for connections to become ready
2026/10/04 07:05:18 telemetry push failed: rpc error: code = DeadlineExceeded desc = context deadline exceeded while waiting for connections to become ready
2026/10/04 07:05:21 telemetry push failed: rpc error: code = DeadlineExceeded desc = context deadline exceeded while waiting for connections to become ready
2026/10/04 07:05:25 telemetry push failed: rpc error: code = DeadlineExceeded desc = context deadline exceeded while waiting for connections to become ready
2026/10/04 07:05:29 telemetry push failed: rpc error: code = DeadlineExceeded desc = context deadline exceeded while waiting for connections to become ready
2026/10/04 07:05:33 telemetry push failed: rpc error: code = DeadlineExceeded desc = context deadline exceeded while waiting for connections to become ready
2026/10/04 07:05:37 telemetry push failed: rpc error: code = DeadlineExceeded desc = context deadline exceeded while waiting for connections to become ready
2026/10/04 07:05:41 telemetry push failed: rpc error: code = DeadlineExceeded desc = context deadline exceeded while waiting for connections to become ready
2026/10/04 07:05:45 telemetry push failed: rpc error: code = DeadlineExceeded desc = context deadline exceeded while waiting for connections to become ready
2026/10/04 07:05:49 telemetry push failed: rpc error: code = DeadlineExceeded desc = context deadline exceeded while waiting for connections to become ready
2026/10/04 07:05:53 telemetry push failed: rpc error: code = DeadlineExceeded desc = context deadline exceeded while waiting for connections to become ready
2026/10/04 07:05:57 telemetry push failed: rpc error: code = DeadlineExceeded desc = context deadline exceeded while waiting for connections to become ready
2026/10/04 07:06:00 telemetry push failed: rpc error: code = DeadlineExceeded desc = context deadline exceeded while waiting for connections to become ready
2026/10/04 07:06:04 telemetry push failed: rpc error: code = DeadlineExceeded desc = context deadline exceeded while waiting for connections to become ready
2026/10/04 07:06:08 telemetry push failed: rpc error: code = DeadlineExceeded desc = context deadline exceeded while waiting for connections to become ready
2026/10/04 07:06:12 telemetry push failed: rpc error: code = DeadlineExceeded desc = context deadline exceeded while waiting for connections to become ready
2026/10/04 07:06:16 telemetry push failed: rpc error: code = DeadlineExceeded desc = context deadline exceeded while waiting for connections to become ready
2026/10/04 07:06:20 telemetry push failed: rpc error: code = DeadlineExceeded desc = context deadline exceeded while waiting for connections to become ready
2026/10/04 07:06:24 telemetry push failed: rpc error: code = DeadlineExceeded desc = context deadline exceeded while waiting for connections to become ready
2026/10/04 07:06:28 telemetry push failed: rpc error: code = DeadlineExceeded desc = context deadline exceeded while waiting for connections to become ready
2026/10/04 07:06:32 telemetry push failed: rpc error: code = DeadlineExceeded desc = context deadline exceeded while waiting for connections to become ready
2026/10/04 07:06:36 telemetry push failed: rpc error: code = DeadlineExceeded desc = context deadline exceeded while waiting for connections to become ready
2026/10/04 07:06:39 telemetry push failed: rpc error: code = DeadlineExceeded desc = context deadline exceeded while waiting for connections to become ready
2026/10/04 07:06:43 telemetry push failed: rpc error: code = DeadlineExceeded desc = context deadline exceeded while waiting for connections to become ready
2026/10/04 07:06:47 telemetry push failed: rpc error: code = DeadlineExceeded desc = context deadline exceeded while waiting for connections to become ready
2026/10/04 07:06:51 telemetry push failed: rpc error: code = DeadlineExceeded desc = context deadline exceeded while waiting for connections to become ready
2026/10/04 07:06:55 telemetry push failed: rpc error: code = DeadlineExceeded desc = context deadline exceeded while waiting for connections to become ready
2026/10/04 07:06:59 telemetry push failed: rpc error: code = DeadlineExceeded desc = context deadline exceeded while waiting for connections to become ready
2026/10/04 07:07:03 telemetry push failed: rpc error: code = DeadlineExceeded desc = context deadline exceeded while waiting for connections to become ready
2026/10/04 07:07:07 telemetry push failed: rpc error: code = DeadlineExceeded desc = context deadline exceeded while waiting for connections to become ready
2026/10/04 07:07:11 telemetry push failed: rpc error: code = DeadlineExceeded desc = context deadline exceeded while waiting for connections to become ready
2026/10/04 07:07:15 telemetry push failed: rpc error: code = DeadlineExceeded desc = context deadline exceeded while waiting for connections to become ready
2026/10/04 07:07:19 telemetry push failed: rpc error: code = DeadlineExceeded desc = context deadline exceeded while waiting for connections to become ready
2026/10/04 07:07:22 telemetry push failed: rpc error: code = DeadlineExceeded desc = context deadline exceeded while waiting for connections to become ready
2026/10/04 07:07:26 telemetry push failed: rpc error: code = DeadlineExceeded desc = context deadline exceeded while waiting for connections to become ready
2026/10/04 07:07:30 telemetry push failed: rpc error: code = DeadlineExceeded desc = context deadline exceeded while waiting for connections to become ready
2026/10/04 07:07:34 telemetry push failed: rpc error: code = DeadlineExceeded desc = context deadline exceeded while waiting for connections to become ready
2026/10/04 07:07:38 telemetry push failed: rpc error: code = DeadlineExceeded desc = context deadline exceeded while waiting for connections to become ready
2026/10/04 07:07:42 telemetry push failed: rpc error: code = DeadlineExceeded desc = context deadline exceeded while waiting for connections to become ready
2026/10/04 07:07:46 telemetry push failed: rpc error: code = DeadlineExceeded desc = context deadline exceeded while waiting for connections to become ready
2026/10/04 07:07:50 telemetry push failed: rpc error: code = DeadlineExceeded desc = context deadline exceeded while waiting for connections to become ready
2026/10/04 07:07:54 telemetry push failed: rpc error: code = DeadlineExceeded desc = context deadline exceeded while waiting for connections to become ready
2026/10/04 07:07:58 telemetry push failed: rpc error: code = DeadlineExceeded desc = context deadline exceeded while waiting for connections to become ready
2026/10/04 07:08:01 telemetry push failed: rpc error: code = DeadlineExceeded desc = context deadline exceeded while waiting for connections to become ready
2026/10/04 07:08:05 telemetry push failed: rpc error: code = DeadlineExceeded desc = context deadline exceeded while waiting for connections to become ready
2026/10/04 07:08:09 telemetry push failed: rpc error: code = DeadlineExceeded desc = context deadline exceeded while waiting for connections to become ready
2026/10/04 07:08:13 telemetry push failed: rpc error: code = DeadlineExceeded desc = context deadline exceeded while waiting for connections to become ready
2026/10/04 07:08:17 telemetry push failed: rpc error: code = DeadlineExceeded desc = context deadline exceeded while waiting for connections to become ready
2026/10/04 07:08:21 telemetry push failed: rpc error: code = DeadlineExceeded desc = context deadline exceeded while waiting for connections to become ready
2026/10/04 07:08:25 telemetry push failed: rpc error: code = DeadlineExceeded desc = context deadline exceeded while waiting for connections to become ready
2026/10/04 07:08:29 telemetry push failed: rpc error: code = DeadlineExceeded desc = context deadline exceeded while waiting for connections to become ready
2026/10/04 07:08:33 telemetry push failed: rpc error: code = DeadlineExceeded desc = context deadline exceeded while waiting for connections to become ready
2026/10/04 07:08:37 telemetry push failed: rpc error: code = DeadlineExceeded desc = context deadline exceeded while waiting for connections to become ready
2026/10/04 07:08:40 telemetry push failed: rpc error: code = DeadlineExceeded desc = context deadline exceeded while waiting for connections to become ready
2026/10/04 07:08:44 telemetry push failed: rpc error: code = DeadlineExceeded desc = context deadline exceeded while waiting for connections to become ready
2026/10/04 07:08:48 telemetry push failed: rpc error: code = DeadlineExceeded desc = context deadline exceeded while waiting for connections to become ready
2026/10/04 07:08:52 telemetry push failed: rpc error: code = DeadlineExceeded desc = context deadline exceeded while waiting for connections to become ready
2026/10/04 07:08:56 telemetry push failed: rpc error: code = DeadlineExceeded desc = context deadline exceeded while waiting for connections to become ready
2026/10/04 07:09:00 telemetry push failed: rpc error: code = DeadlineExceeded desc = context deadline exceeded while waiting for connections to become ready
2026/10/04 07:09:04 telemetry push failed: rpc error: code = DeadlineExceeded desc = context deadline exceeded while waiting for connections to become ready
2026/10/04 07:09:08 telemetry push failed: rpc error: code = DeadlineExceeded desc = context deadline exceeded while waiting for connections to become ready
2026/10/04 07:09:12 telemetry push failed: rpc error: code = DeadlineExceeded desc = context deadline exceeded while waiting for connections to become ready
2026/10/04 07:09:16 telemetry push failed: rpc error: code = DeadlineExceeded desc = context deadline exceeded while waiting for connections to become ready
2026/10/04 07:09:19 telemetry push failed: rpc error: code = DeadlineExceeded desc = context deadline exceeded while waiting for connections to become ready
2026/10/04 07:09:23 telemetry push failed: rpc error: code = DeadlineExceeded desc = context deadline exceeded while waiting for connections to become ready
2026/10/04 07:09:27 telemetry push failed: rpc error: code = DeadlineExceeded desc = context deadline exceeded while waiting for connections to become ready
2026/10/04 07:09:31 telemetry push failed: rpc error: code = DeadlineExceeded desc = context deadline exceeded while waiting for connections to become ready
2026/10/04 07:09:35 telemetry push failed: rpc error: code = DeadlineExceeded desc = context deadline exceeded while waiting for connections to become ready
2026/10/04 07:09:39 telemetry push failed: rpc error: code = DeadlineExceeded desc = context deadline exceeded while waiting for connections to become ready
2026/10/04 07:09:43 telemetry push failed: rpc error: code = DeadlineExceeded desc = context deadline exceeded while waiting for connections to become ready
2026/10/04 07:09:47 telemetry push failed: rpc error: code = DeadlineExceeded desc = context deadline exceeded while waiting for connections to become ready
2026/10/04 07:09:51 telemetry push failed: rpc error: code = DeadlineExceeded desc = context deadline exceeded while waiting for connections to become ready
2026/10/04 07:09:55 telemetry push failed: rpc error: code = DeadlineExceeded desc = context deadline exceeded while waiting for connections to become ready
2026/10/04 07:09:58 telemetry push failed: rpc error: code = DeadlineExceeded desc = context deadline exceeded while waiting for connections to become ready
2026/10/04 07:10:02 telemetry push failed: rpc error: code = DeadlineExceeded desc = context deadline exceeded while waiting for connections to become ready
2026/10/04 07:10:06 telemetry push failed: rpc error: code = DeadlineExceeded desc = context deadline exceeded while waiting for connections to become ready
2026/10/04 07:10:10 telemetry push failed: rpc error: code = DeadlineExceeded desc = context deadline exceeded while waiting for connections to become ready
2026/10/04 07:10:14 telemetry push failed: rpc error: code = DeadlineExceeded desc = context deadline exceeded while waiting for connections to become ready
2026/10/04 07:10:18 telemetry push failed: rpc error: code = DeadlineExceeded desc = context deadline exceeded while waiting for connections to become ready
2026/10/04 07:10:22 telemetry push failed: rpc error: code = DeadlineExceeded desc = context deadline exceeded while waiting for connections to become ready
2026/10/04 07:10:26 telemetry push failed: rpc error: code = DeadlineExceeded desc = context deadline exceeded while waiting for connections to become ready
2026/10/04 07:10:30 telemetry push failed: rpc error: code = DeadlineExceeded desc = context deadline exceeded while waiting for connections to become ready
2026/10/04 07:10:34 telemetry push failed: rpc error: code = DeadlineExceeded desc = context deadline exceeded while waiting for connections to become ready
2026/10/04 07:10:37 telemetry push failed: rpc error: code = DeadlineExceeded desc = context deadline exceeded while waiting for connections to become ready
2026/10/04 07:10:41 telemetry push failed: rpc error: code = DeadlineExceeded desc = context deadline exceeded while waiting for connections to become ready
2026/10/04 07:10:45 telemetry push failed: rpc error: code = DeadlineExceeded desc = context deadline exceeded while waiting for connections to become ready
2026/10/04 07:10:49 telemetry push failed: rpc error: code = DeadlineExceeded desc = context deadline exceeded while waiting for connections to become ready
2026/10/04 07:10:53 telemetry push failed: rpc error: code = DeadlineExceeded desc = context deadline exceeded while waiting for connections to become ready
2026/10/04 07:10:57 telemetry push failed: rpc error: code = DeadlineExceeded desc = context deadline exceeded while waiting for connections to become ready
2026/10/04 07:11:01 telemetry push failed: rpc error: code = DeadlineExceeded desc = context deadline exceeded while waiting for connections to become ready
2026/10/04 07:11:05 telemetry push failed: rpc error: code = DeadlineExceeded desc = context deadline exceeded while waiting for connections to become ready
2026/10/04 07:11:09 telemetry push failed: rpc error: code = DeadlineExceeded desc = context deadline exceeded while waiting for connections to become ready
2026/10/04 07:11:13 telemetry push failed: rpc error: code = DeadlineExceeded desc = context deadline exceeded while waiting for connections to become ready
2026/10/04 07:11:17 telemetry push failed: rpc error: code = DeadlineExceeded desc = context deadline exceeded while waiting for connections to become ready
2026/10/04 07:11:20 telemetry push failed: rpc error: code = DeadlineExceeded desc = context deadline exceeded while waiting for connections to become ready
2026/10/04 07:11:24 telemetry push failed: rpc error: code = DeadlineExceeded desc = context deadline exceeded while waiting for connections to become ready
2026/10/04 07:11:28 telemetry push failed: rpc error: code = DeadlineExceeded desc = context deadline exceeded while waiting for connections to become ready
2026/10/04 07:11:32 telemetry push failed: rpc error: code = DeadlineExceeded desc = context deadline exceeded while waiting for connections to become ready
2026/10/04 07:11:36 telemetry push failed: rpc error: code = DeadlineExceeded desc = context deadline exceeded while waiting for connections to become ready
2026/10/04 07:11:40 telemetry push failed: rpc error: code = DeadlineExceeded desc = context deadline exceeded while waiting for connections to become ready
2026/10/04 07:11:44 telemetry push failed: rpc error: code = DeadlineExceeded desc = context deadline exceeded while waiting for connections to become ready
2026/10/04 07:11:48 telemetry push failed: rpc error: code = DeadlineExceeded desc = context deadline exceeded while waiting for connections to become ready
2026/10/04 07:11:52 telemetry push failed: rpc error: code = DeadlineExceeded desc = context deadline exceeded while waiting for connections to become ready
2026/10/04 07:11:56 telemetry push failed: rpc error: code = DeadlineExceeded desc = context deadline exceeded while waiting for connections to become ready
2026/10/04 07:11:59 telemetry push failed: rpc error: code = DeadlineExceeded desc = context deadline exceeded while waiting for connections to become ready
2026/10/04 07:12:03 telemetry push failed: rpc error: code = DeadlineExceeded desc = context deadline exceeded while waiting for connections to become ready
2026/10/04 07:12:07 telemetry push failed: rpc error: code = DeadlineExceeded desc = context deadline exceeded while waiting for connections to become ready
2026/10/04 07:12:11 telemetry push failed: rpc error: code = DeadlineExceeded desc = context deadline exceeded while waiting for connections to become ready
2026/10/04 07:12:15 telemetry push failed: rpc error: code = DeadlineExceeded desc = context deadline exceeded while waiting for connections to become ready
2026/10/04 07:12:19 telemetry push failed: rpc error: code = DeadlineExceeded desc = context deadline exceeded while waiting for connections to become ready
2026/10/04 07:12:23 telemetry push failed: rpc error: code = DeadlineExceeded desc = context deadline exceeded while waiting for connections to become ready
2026/10/04 07:12:27 telemetry push failed: rpc error: code = DeadlineExceeded desc = context deadline exceeded while waiting for connections to become ready
2026/10/04 07:12:31 telemetry push failed: rpc error: code = DeadlineExceeded desc = context deadline exceeded while waiting for connections to become ready
2026/10/04 07:12:35 telemetry push failed: rpc error: code = DeadlineExceeded desc = context deadline exceeded while waiting for connections to become ready
2026/10/04 07:12:38 telemetry push failed: rpc error: code = DeadlineExceeded desc = context deadline exceeded while waiting for connections to become ready
2026/10/04 07:12:42 telemetry push failed: rpc error: code = DeadlineExceeded desc = context deadline exceeded while waiting for connections to become ready
2026/10/04 07:12:46 telemetry push failed: rpc error: code = DeadlineExceeded desc = context deadline exceeded while waiting for connections to become ready
2026/10/04 07:12:50 telemetry push failed: rpc error: code = DeadlineExceeded desc = context deadline exceeded while waiting for connections to become ready
2026/10/04 07:12:54 telemetry push failed: rpc error: code = DeadlineExceeded desc = context deadline exceeded while waiting for connections to become ready
2026/10/04 07:12:58 telemetry push failed: rpc error: code = DeadlineExceeded desc = context deadline exceeded while waiting for connections to become ready
2026/10/04 07:13:02 telemetry push failed: rpc error: code = DeadlineExceeded desc = context deadline exceeded while waiting for connections to become ready
2026/10/04 07:13:06 telemetry push failed: rpc error: code = DeadlineExceeded desc = context deadline exceeded while waiting for connections to become ready
2026/10/04 07:13:10 telemetry push failed: rpc error: code = DeadlineExceeded desc = context deadline exceeded while waiting for connections to become ready
2026/10/04 07:13:14 telemetry push failed: rpc error: code = DeadlineExceeded desc = context deadline exceeded while waiting for connections to become ready
2026/10/04 07:13:17 telemetry push failed: rpc error: code = DeadlineExceeded desc = context deadline exceeded while waiting for connections to become ready
2026/10/04 07:13:21 telemetry push failed: rpc error: code = DeadlineExceeded desc = context deadline exceeded while waiting for connections to become ready
2026/10/04 07:13:25 telemetry push failed: rpc error: code = DeadlineExceeded desc = context deadline exceeded while waiting for connections to become ready
2026/10/04 07:13:29 telemetry push failed: rpc error: code = DeadlineExceeded desc = context deadline exceeded while waiting for connections to become ready
2026/10/04 07:13:33 telemetry push failed: rpc error: code = DeadlineExceeded desc = context deadline exceeded while waiting for connections to become ready
2026/10/04 07:13:37 telemetry push failed: rpc error: code = DeadlineExceeded desc = context deadline exceeded while waiting for connections to become ready
2026/10/04 07:13:41 telemetry push failed: rpc error: code = DeadlineExceeded desc = context deadline exceeded while waiting for connections to become ready
2026/10/04 07:13:45 telemetry push failed: rpc error: code = DeadlineExceeded desc = context deadline exceeded while waiting for connections to become ready
2026/10/04 07:13:49 telemetry push failed: rpc error: code = DeadlineExceeded desc = context deadline exceeded while waiting for connections to become ready
2026/10/04 07:13:53 telemetry push failed: rpc error: code = DeadlineExceeded desc = context deadline exceeded while waiting for connections to become ready
2026/10/04 07:13:56 telemetry push failed: rpc error: code = DeadlineExceeded desc = context deadline exceeded while waiting for connections to become ready
2026/10/04 07:14:00 telemetry push failed: rpc error: code = DeadlineExceeded desc = context deadline exceeded while waiting for connections to become ready
2026/10/04 07:14:04 telemetry push failed: rpc error: code = DeadlineExceeded desc = context deadline exceeded while waiting for connections to become ready
2026/10/04 07:14:08 telemetry push failed: rpc error: code = DeadlineExceeded desc = context deadline exceeded while waiting for connections to become ready
2026/10/04 07:14:12 telemetry push failed: rpc error: code = DeadlineExceeded desc = context deadline exceeded while waiting for connections to become ready
2026/10/04 07:14:16 telemetry push failed: rpc error: code = DeadlineExceeded desc = context deadline exceeded while waiting for connections to become ready
2026/10/04 07:14:20 telemetry push failed: rpc error: code = DeadlineExceeded desc = context deadline exceeded while waiting for connections to become ready
2026/10/04 07:14:24 telemetry push failed: rpc error: code = DeadlineExceeded desc = context deadline exceeded while waiting for connections to become ready
2026/10/04 07:14:28 telemetry push failed: rpc error: code = DeadlineExceeded desc = context deadline exceeded while waiting for connections to become ready
2026/10/04 07:14:32 telemetry push failed: rpc error: code = DeadlineExceeded desc = context deadline exceeded while waiting for connections to become ready
2026/10/04 07:14:36 telemetry push failed: rpc error: code = DeadlineExceeded desc = context deadline exceeded while waiting for connections to become ready
2026/10/04 07:14:39 telemetry push failed: rpc error: code = DeadlineExceeded desc = context deadline exceeded while waiting for connections to become ready
2026/10/04 07:14:43 telemetry push failed: rpc error: code = DeadlineExceeded desc = context deadline exceeded while waiting for connections to become ready
2026/10/04 07:14:47 telemetry push failed: rpc error: code = DeadlineExceeded desc = context deadline exceeded while waiting for connections to become ready
2026/10/04 07:14:51 telemetry push failed: rpc error: code = DeadlineExceeded desc = context deadline exceeded while waiting for connections to become ready
2026/10/04 07:14:55 telemetry push failed: rpc error: code = DeadlineExceeded desc = context deadline exceeded while waiting for connections to become ready
2026/10/04 07:14:59 telemetry push failed: rpc error: code = DeadlineExceeded desc = context deadline exceeded while waiting for connections to become ready
2026/10/04 07:15:03 telemetry push failed: rpc error: code = DeadlineExceeded desc = context deadline exceeded while waiting for connections to become ready
2026/10/04 07:15:07 telemetry push failed: rpc error: code = DeadlineExceeded desc = context deadline exceeded while waiting for connections to become ready
2026/10/04 07:15:11 telemetry push failed: rpc error: code = DeadlineExceeded desc = context deadline exceeded while waiting for connections to become ready
2026/10/04 07:15:15 telemetry push failed: rpc error: code = DeadlineExceeded desc = context deadline exceeded while waiting for connections to become ready
2026/10/04 07:15:18 telemetry push failed: rpc error: code = DeadlineExceeded desc = context deadline exceeded while waiting for connections to become ready
2026/10/04 07:15:22 telemetry push failed: rpc error: code = DeadlineExceeded desc = context deadline exceeded while waiting for connections to become ready
2026/10/04 07:15:26 telemetry push failed: rpc error: code = DeadlineExceeded desc = context deadline exceeded while waiting for connections to become ready
2026/10/04 07:15:30 telemetry push failed: rpc error: code = DeadlineExceeded desc = context deadline exceeded while waiting for connections to become ready
2026/10/04 07:15:34 telemetry push failed: rpc error: code = DeadlineExceeded desc = context deadline exceeded while waiting for connections to become ready
2026/10/04 07:15:38 telemetry push failed: rpc error: code = DeadlineExceeded desc = context deadline exceeded while waiting for connections to become ready
2026/10/04 07:15:42 telemetry push failed: rpc error: code = DeadlineExceeded desc = context deadline exceeded while waiting for connections to become ready
2026/10/04 07:15:46 telemetry push failed: rpc error: code = DeadlineExceeded desc = context deadline exceeded while waiting for connections to become ready
2026/10/04 07:15:50 telemetry push failed: rpc error: code = DeadlineExceeded desc = context deadline exceeded while waiting for connections to become ready
2026/10/04 07:15:54 telemetry push failed: rpc error: code = DeadlineExceeded desc = context deadline exceeded while waiting for connections to become ready
2026/10/04 07:15:57 telemetry push failed: rpc error: code = DeadlineExceeded desc = context deadline exceeded while waiting for connections to become ready
2026/10/04 07:16:01 telemetry push failed: rpc error: code = DeadlineExceeded desc = context deadline exceeded while waiting for connections to become ready
2026/10/04 07:16:05 telemetry push failed: rpc error: code = DeadlineExceeded desc = context deadline exceeded while waiting for connections to become ready
2026/10/04 07:16:09 telemetry push failed: rpc error: code = DeadlineExceeded desc = context deadline exceeded while waiting for connections to become ready
2026/10/04 07:16:13 telemetry push failed: rpc error: code = DeadlineExceeded desc = context deadline exceeded while waiting for connections to become ready
2026/10/04 07:16:17 telemetry push failed: rpc error: code = DeadlineExceeded desc = context deadline exceeded while waiting for connections to become ready
2026/10/04 07:16:21 telemetry push failed: rpc error: code = DeadlineExceeded desc = context deadline exceeded while waiting for connections to become ready
2026/10/04 07:16:25 telemetry push failed: rpc error: code = DeadlineExceeded desc = context deadline exceeded while waiting for connections to become ready
2026/10/04 07:16:29 telemetry push failed: rpc error: code = DeadlineExceeded desc = context deadline exceeded while waiting for connections to become ready
2026/10/04 07:16:33 telemetry push failed: rpc error: code = DeadlineExceeded desc = context deadline exceeded while waiting for connections to become ready
2026/10/04 07:16:36 telemetry push failed: rpc error: code = DeadlineExceeded desc = context deadline exceeded while waiting for connections to become ready
2026/10/04 07:16:40 telemetry push failed: rpc error: code = DeadlineExceeded desc = context deadline exceeded while waiting for connections to become ready
2026/10/04 07:16:44 telemetry push failed: rpc error: code = DeadlineExceeded desc = context deadline exceeded while waiting for connections to become ready
2026/10/04 07:16:48 telemetry push failed: rpc error: code = DeadlineExceeded desc = context deadline exceeded while waiting for connections to become ready
2026/10/04 07:16:52 telemetry push failed: rpc error: code = DeadlineExceeded desc = context deadline exceeded while waiting for connections to become ready
2026/10/04 07:16:56 telemetry push failed: rpc error: code = DeadlineExceeded desc = context deadline exceeded while waiting for connections to become ready
2026/10/04 07:17:00 telemetry push failed: rpc error: code = DeadlineExceeded desc = context deadline exceeded while waiting for connections to become ready
2026/10/04 07:17:04 telemetry push failed: rpc error: code = DeadlineExceeded desc = context deadline exceeded while waiting for connections to become ready
2026/10/04 07:17:08 telemetry push failed: rpc error: code = DeadlineExceeded desc = context deadline exceeded while waiting for connections to become ready
2026/10/04 07:17:12 telemetry push failed: rpc error: code = DeadlineExceeded desc = context deadline exceeded while waiting for connections to become ready
2026/10/04 07:17:15 telemetry push failed: rpc error: code = DeadlineExceeded desc = context deadline exceeded while waiting for connections to become ready
2026/10/04 07:17:19 telemetry push failed: rpc error: code = DeadlineExceeded desc = context deadline exceeded while waiting for connections to become ready
2026/10/04 07:17:23 telemetry push failed: rpc error: code = DeadlineExceeded desc = context deadline exceeded while waiting for connections to become ready
2026/10/04 07:17:27 telemetry push failed: rpc error: code = DeadlineExceeded desc = context deadline exceeded while waiting for connections to become ready
2026/10/04 07:17:31 telemetry push failed: rpc error: code = DeadlineExceeded desc = context deadline exceeded while waiting for connections to become ready
2026/10/04 07:17:35 telemetry push failed: rpc error: code = DeadlineExceeded desc = context deadline exceeded while waiting for connections to become ready
2026/10/04 07:17:39 telemetry push failed: rpc error: code = DeadlineExceeded desc = context deadline exceeded while waiting for connections to become ready
2026/10/04 07:17:43 telemetry push failed: rpc error: code = DeadlineExceeded desc = context deadline exceeded while waiting for connections to become ready
2026/10/04 07:17:47 telemetry push failed: rpc error: code = DeadlineExceeded desc = context deadline exceeded while waiting for connections to become ready
2026/10/04 07:17:51 telemetry push failed: rpc error: code = DeadlineExceeded desc = context deadline exceeded while waiting for connections to become ready
2026/10/04 07:17:54 telemetry push failed: rpc error: code = DeadlineExceeded desc = context deadline exceeded while waiting for connections to become ready
2026/10/04 07:17:58 telemetry push failed: rpc error: code = DeadlineExceeded desc = context deadline exceeded while waiting for connections to become ready
2026/10/04 07:18:02 telemetry push failed: rpc error: code = DeadlineExceeded desc = context deadline exceeded while waiting for connections to become ready
2026/10/04 07:18:06 telemetry push failed: rpc error: code = DeadlineExceeded desc = context deadline exceeded while waiting for connections to become ready
2026/10/04 07:18:10 telemetry push failed: rpc error: code = DeadlineExceeded desc = context deadline exceeded while waiting for connections to become ready
2026/10/04 07:18:14 telemetry push failed: rpc error: code = DeadlineExceeded desc = context deadline exceeded while waiting for connections to become ready
2026/10/04 07:18:18 telemetry push failed: rpc error: code = DeadlineExceeded desc = context deadline exceeded while waiting for connections to become ready
2026/10/04 07:18:22 telemetry push failed: rpc error: code = DeadlineExceeded desc = context deadline exceeded while waiting for connections to become ready
2026/10/04 07:18:26 telemetry push failed: rpc error: code = DeadlineExceeded desc = context deadline exceeded while waiting for connections to become ready
2026/10/04 07:18:29 worker 10.10.1.5:50051 ready=false
2026/10/04 07:18:30 telemetry push failed: rpc error: code = DeadlineExceeded desc = context deadline exceeded while waiting for connections to become ready
2026/10/04 07:18:30 worker 10.10.1.5:50051 ready=true
2026/10/04 07:18:34 telemetry push failed: rpc error: code = DeadlineExceeded desc = context deadline exceeded while waiting for connections to become ready
2026/10/04 07:18:37 telemetry push failed: rpc error: code = DeadlineExceeded desc = context deadline exceeded while waiting for connections to become ready
2026/10/04 07:18:41 telemetry push failed: rpc error: code = DeadlineExceeded desc = context deadline exceeded while waiting for connections to become ready
2026/10/04 07:18:45 telemetry push failed: rpc error: code = DeadlineExceeded desc = context deadline exceeded while waiting for connections to become ready
2026/10/04 07:18:49 telemetry push failed: rpc error: code = DeadlineExceeded desc = context deadline exceeded while waiting for connections to become ready
2026/10/04 07:18:53 telemetry push failed: rpc error: code = DeadlineExceeded desc = context deadline exceeded while waiting for connections to become ready
2026/10/04 07:18:57 telemetry push failed: rpc error: code = DeadlineExceeded desc = context deadline exceeded while waiting for connections to become ready
2026/10/04 07:19:01 telemetry push failed: rpc error: code = DeadlineExceeded desc = context deadline exceeded while waiting for connections to become ready
2026/10/04 07:19:05 telemetry push failed: rpc error: code = DeadlineExceeded desc = context deadline exceeded while waiting for connections to become ready
2026/10/04 07:19:09 telemetry push failed: rpc error: code = DeadlineExceeded desc = context deadline exceeded while waiting for connections to become ready
2026/10/04 07:19:13 telemetry push failed: rpc error: code = DeadlineExceeded desc = context deadline exceeded while waiting for connections to become ready
2026/10/04 07:19:16 telemetry push failed: rpc error: code = DeadlineExceeded desc = context deadline exceeded while waiting for connections to become ready
2026/10/04 07:19:20 telemetry push failed: rpc error: code = DeadlineExceeded desc = context deadline exceeded while waiting for connections to become ready
2026/10/04 07:19:24 telemetry push failed: rpc error: code = DeadlineExceeded desc = context deadline exceeded while waiting for connections to become ready
2026/10/04 07:19:28 telemetry push failed: rpc error: code = DeadlineExceeded desc = context deadline exceeded while waiting for connections to become ready
2026/10/04 07:19:32 telemetry push failed: rpc error: code = DeadlineExceeded desc = context deadline exceeded while waiting for connections to become ready
2026/10/04 07:19:36 telemetry push failed: rpc error: code = DeadlineExceeded desc = context deadline exceeded while waiting for connections to become ready
2026/10/04 07:19:40 telemetry push failed: rpc error: code = DeadlineExceeded desc = context deadline exceeded while waiting for connections to become ready
2026/10/04 07:19:44 telemetry push failed: rpc error: code = DeadlineExceeded desc = context deadline exceeded while waiting for connections to become ready
2026/10/04 07:19:48 telemetry push failed: rpc error: code = DeadlineExceeded desc = context deadline exceeded while waiting for connections to become ready
2026/10/04 07:19:52 telemetry push failed: rpc error: code = DeadlineExceeded desc = context deadline exceeded while waiting for connections to become ready
2026/10/04 07:19:55 telemetry push failed: rpc error: code = DeadlineExceeded desc = context deadline exceeded while waiting for connections to become ready
2026/10/04 07:19:59 telemetry push failed: rpc error: code = DeadlineExceeded desc = context deadline exceeded while waiting for connections to become ready
2026/10/04 07:20:03 telemetry push failed: rpc error: code = DeadlineExceeded desc = context deadline exceeded while waiting for connections to become ready
2026/10/04 07:20:07 telemetry push failed: rpc error: code = DeadlineExceeded desc = context deadline exceeded while waiting for connections to become ready
2026/10/04 07:20:11 telemetry push failed: rpc error: code = DeadlineExceeded desc = context deadline exceeded while waiting for connections to become ready
2026/10/04 07:20:15 telemetry push failed: rpc error: code = DeadlineExceeded desc = context deadline exceeded while waiting for connections to become ready
2026/10/04 07:20:19 telemetry push failed: rpc error: code = DeadlineExceeded desc = context deadline exceeded while waiting for connections to become ready
2026/10/04 07:20:23 telemetry push failed: rpc error: code = DeadlineExceeded desc = context deadline exceeded while waiting for connections to become ready
2026/10/04 07:20:27 telemetry push failed: rpc error: code = DeadlineExceeded desc = context deadline exceeded while waiting for connections to become ready
2026/10/04 07:20:31 telemetry push failed: rpc error: code = DeadlineExceeded desc = context deadline exceeded while waiting for connections to become ready
2026/10/04 07:20:34 telemetry push failed: rpc error: code = DeadlineExceeded desc = context deadline exceeded while waiting for connections to become ready
2026/10/04 07:20:38 telemetry push failed: rpc error: code = DeadlineExceeded desc = context deadline exceeded while waiting for connections to become ready
2026/10/04 07:20:42 telemetry push failed: rpc error: code = DeadlineExceeded desc = context deadline exceeded while waiting for connections to become ready
2026/10/04 07:20:46 telemetry push failed: rpc error: code = DeadlineExceeded desc = context deadline exceeded while waiting for connections to become ready
2026/10/04 07:20:50 telemetry push failed: rpc error: code = DeadlineExceeded desc = context deadline exceeded while waiting for connections to become ready
2026/10/04 07:20:54 telemetry push failed: rpc error: code = DeadlineExceeded desc = context deadline exceeded while waiting for connections to become ready
2026/10/04 07:20:58 telemetry push failed: rpc error: code = DeadlineExceeded desc = context deadline exceeded while waiting for connections to become ready
2026/10/04 07:21:02 telemetry push failed: rpc error: code = DeadlineExceeded desc = context deadline exceeded while waiting for connections to become ready
2026/10/04 07:21:06 telemetry push failed: rpc error: code = DeadlineExceeded desc = context deadline exceeded while waiting for connections to become ready
2026/10/04 07:21:10 telemetry push failed: rpc error: code = DeadlineExceeded desc = context deadline exceeded while waiting for connections to become ready
2026/10/04 07:21:13 telemetry push failed: rpc error: code = DeadlineExceeded desc = context deadline exceeded while waiting for connections to become ready
2026/10/04 07:21:17 telemetry push failed: rpc error: code = DeadlineExceeded desc = context deadline exceeded while waiting for connections to become ready
2026/10/04 07:21:21 telemetry push failed: rpc error: code = DeadlineExceeded desc = context deadline exceeded while waiting for connections to become ready
2026/10/04 07:21:25 telemetry push failed: rpc error: code = DeadlineExceeded desc = context deadline exceeded while waiting for connections to become ready
2026/10/04 07:21:29 telemetry push failed: rpc error: code = DeadlineExceeded desc = context deadline exceeded while waiting for connections to become ready
2026/10/04 07:21:33 telemetry push failed: rpc error: code = DeadlineExceeded desc = context deadline exceeded while waiting for connections to become ready
2026/10/04 07:21:37 telemetry push failed: rpc error: code = DeadlineExceeded desc = context deadline exceeded while waiting for connections to become ready
2026/10/04 07:21:41 telemetry push failed: rpc error: code = DeadlineExceeded desc = context deadline exceeded while waiting for connections to become ready
2026/10/04 07:21:45 telemetry push failed: rpc error: code = DeadlineExceeded desc = context deadline exceeded while waiting for connections to become ready
2026/10/04 07:21:48 telemetry push failed: rpc error: code = Unavailable desc = connection error: desc = "transport: Error while dialing: dial tcp 10.10.1.4:50053: connect: connection refused"
2026/10/04 07:21:51 telemetry push failed: rpc error: code = Unavailable desc = connection error: desc = "transport: Error while dialing: dial tcp 10.10.1.4:50053: connect: connection refused"
2026/10/04 07:21:54 telemetry push failed: rpc error: code = Unavailable desc = connection error: desc = "transport: Error while dialing: dial tcp 10.10.1.4:50053: connect: connection refused"
2026/10/04 07:21:57 telemetry push failed: rpc error: code = Unavailable desc = connection error: desc = "transport: Error while dialing: dial tcp 10.10.1.4:50053: connect: connection refused"
2026/10/04 07:22:00 telemetry push failed: rpc error: code = Unavailable desc = connection error: desc = "transport: Error while dialing: dial tcp 10.10.1.4:50053: connect: connection refused"
2026/10/04 07:22:03 telemetry push failed: rpc error: code = Unavailable desc = connection error: desc = "transport: Error while dialing: dial tcp 10.10.1.4:50053: connect: connection refused"
2026/10/04 07:22:06 telemetry push failed: rpc error: code = Unavailable desc = connection error: desc = "transport: Error while dialing: dial tcp 10.10.1.4:50053: connect: connection refused"
2026/10/04 07:22:09 telemetry push failed: rpc error: code = Unavailable desc = connection error: desc = "transport: Error while dialing: dial tcp 10.10.1.4:50053: connect: connection refused"
2026/10/04 07:22:12 telemetry push failed: rpc error: code = Unavailable desc = connection error: desc = "transport: Error while dialing: dial tcp 10.10.1.4:50053: connect: connection refused"
2026/10/04 07:22:15 telemetry push failed: rpc error: code = Unavailable desc = connection error: desc = "transport: Error while dialing: dial tcp 10.10.1.4:50053: connect: connection refused"
2026/10/04 07:22:18 telemetry push failed: rpc error: code = Unavailable desc = connection error: desc = "transport: Error while dialing: dial tcp 10.10.1.4:50053: connect: connection refused"
2026/10/04 07:22:21 telemetry push failed: rpc error: code = Unavailable desc = connection error: desc = "transport: Error while dialing: dial tcp 10.10.1.4:50053: connect: connection refused"
2026/10/04 07:22:24 telemetry push failed: rpc error: code = Unavailable desc = connection error: desc = "transport: Error while dialing: dial tcp 10.10.1.4:50053: connect: connection refused"
2026/10/04 07:22:27 telemetry push failed: rpc error: code = Unavailable desc = connection error: desc = "transport: Error while dialing: dial tcp 10.10.1.4:50053: connect: connection refused"
2026/10/04 07:22:30 telemetry push failed: rpc error: code = Unavailable desc = connection error: desc = "transport: Error while dialing: dial tcp 10.10.1.4:50053: connect: connection refused"
2026/10/04 07:22:33 telemetry push failed: rpc error: code = Unavailable desc = connection error: desc = "transport: Error while dialing: dial tcp 10.10.1.4:50053: connect: connection refused"
2026/10/04 07:22:36 telemetry push failed: rpc error: code = Unavailable desc = connection error: desc = "transport: Error while dialing: dial tcp 10.10.1.4:50053: connect: connection refused"
2026/10/04 07:22:39 telemetry push failed: rpc error: code = Unavailable desc = connection error: desc = "transport: Error while dialing: dial tcp 10.10.1.4:50053: connect: connection refused"
2026/10/04 07:22:42 telemetry push failed: rpc error: code = Unavailable desc = connection error: desc = "transport: Error while dialing: dial tcp 10.10.1.4:50053: connect: connection refused"
2026/10/04 07:22:45 telemetry push failed: rpc error: code = Unavailable desc = connection error: desc = "transport: Error while dialing: dial tcp 10.10.1.4:50053: connect: connection refused"
2026/10/04 07:22:48 telemetry push failed: rpc error: code = Unavailable desc = connection error: desc = "transport: Error while dialing: dial tcp 10.10.1.4:50053: connect: connection refused"
2026/10/04 07:22:51 telemetry push failed: rpc error: code = Unavailable desc = connection error: desc = "transport: Error while dialing: dial tcp 10.10.1.4:50053: connect: connection refused"
2026/10/04 07:22:54 telemetry push failed: rpc error: code = Unavailable desc = connection error: desc = "transport: Error while dialing: dial tcp 10.10.1.4:50053: connect: connection refused"
2026/10/04 07:22:57 telemetry push failed: rpc error: code = Unavailable desc = connection error: desc = "transport: Error while dialing: dial tcp 10.10.1.4:50053: connect: connection refused"
2026/10/04 07:23:00 telemetry push failed: rpc error: code = Unavailable desc = connection error: desc = "transport: Error while dialing: dial tcp 10.10.1.4:50053: connect: connection refused"
2026/10/04 07:23:03 telemetry push failed: rpc error: code = Unavailable desc = connection error: desc = "transport: Error while dialing: dial tcp 10.10.1.4:50053: connect: connection refused"
2026/10/04 07:23:06 telemetry push failed: rpc error: code = Unavailable desc = connection error: desc = "transport: Error while dialing: dial tcp 10.10.1.4:50053: connect: connection refused"
2026/10/04 07:23:09 telemetry push failed: rpc error: code = Unavailable desc = connection error: desc = "transport: Error while dialing: dial tcp 10.10.1.4:50053: connect: connection refused"
2026/10/04 07:23:12 telemetry push failed: rpc error: code = Unavailable desc = connection error: desc = "transport: Error while dialing: dial tcp 10.10.1.4:50053: connect: connection refused"
2026/10/04 07:23:15 telemetry push failed: rpc error: code = Unavailable desc = connection error: desc = "transport: Error while dialing: dial tcp 10.10.1.4:50053: connect: connection refused"
2026/10/04 07:23:18 telemetry push failed: rpc error: code = Unavailable desc = connection error: desc = "transport: Error while dialing: dial tcp 10.10.1.4:50053: connect: connection refused"
2026/10/04 07:23:21 telemetry push failed: rpc error: code = Unavailable desc = connection error: desc = "transport: Error while dialing: dial tcp 10.10.1.4:50053: connect: connection refused"
2026/10/04 07:23:24 telemetry push failed: rpc error: code = Unavailable desc = connection error: desc = "transport: Error while dialing: dial tcp 10.10.1.4:50053: connect: connection refused"
2026/10/04 07:23:27 telemetry push failed: rpc error: code = Unavailable desc = connection error: desc = "transport: Error while dialing: dial tcp 10.10.1.4:50053: connect: connection refused"
2026/10/04 07:23:30 telemetry push failed: rpc error: code = Unavailable desc = connection error: desc = "transport: Error while dialing: dial tcp 10.10.1.4:50053: connect: connection refused"
2026/10/04 07:23:33 telemetry push failed: rpc error: code = Unavailable desc = connection error: desc = "transport: Error while dialing: dial tcp 10.10.1.4:50053: connect: connection refused"
2026/10/04 07:23:36 telemetry push failed: rpc error: code = Unavailable desc = connection error: desc = "transport: Error while dialing: dial tcp 10.10.1.4:50053: connect: connection refused"
2026/10/04 07:23:39 telemetry push failed: rpc error: code = Unavailable desc = connection error: desc = "transport: Error while dialing: dial tcp 10.10.1.4:50053: connect: connection refused"
2026/10/04 07:23:42 telemetry push failed: rpc error: code = Unavailable desc = connection error: desc = "transport: Error while dialing: dial tcp 10.10.1.4:50053: connect: connection refused"
2026/10/04 07:23:45 telemetry push failed: rpc error: code = Unavailable desc = connection error: desc = "transport: Error while dialing: dial tcp 10.10.1.4:50053: connect: connection refused"
2026/10/04 07:23:48 telemetry push failed: rpc error: code = Unavailable desc = connection error: desc = "transport: Error while dialing: dial tcp 10.10.1.4:50053: connect: connection refused"
2026/10/04 07:23:51 telemetry push failed: rpc error: code = Unavailable desc = connection error: desc = "transport: Error while dialing: dial tcp 10.10.1.4:50053: connect: connection refused"
2026/10/04 07:23:54 telemetry push failed: rpc error: code = Unavailable desc = connection error: desc = "transport: Error while dialing: dial tcp 10.10.1.4:50053: connect: connection refused"
2026/10/04 07:23:57 telemetry push failed: rpc error: code = Unavailable desc = connection error: desc = "transport: Error while dialing: dial tcp 10.10.1.4:50053: connect: connection refused"
2026/10/04 07:24:00 telemetry push failed: rpc error: code = Unavailable desc = connection error: desc = "transport: Error while dialing: dial tcp 10.10.1.4:50053: connect: connection refused"
2026/10/04 07:24:03 telemetry push failed: rpc error: code = Unavailable desc = connection error: desc = "transport: Error while dialing: dial tcp 10.10.1.4:50053: connect: connection refused"
2026/10/04 07:24:06 telemetry push failed: rpc error: code = Unavailable desc = connection error: desc = "transport: Error while dialing: dial tcp 10.10.1.4:50053: connect: connection refused"
2026/10/04 07:24:09 telemetry push failed: rpc error: code = Unavailable desc = connection error: desc = "transport: Error while dialing: dial tcp 10.10.1.4:50053: connect: connection refused"
2026/10/04 07:24:12 telemetry push failed: rpc error: code = Unavailable desc = connection error: desc = "transport: Error while dialing: dial tcp 10.10.1.4:50053: connect: connection refused"
2026/10/04 07:24:15 telemetry push failed: rpc error: code = Unavailable desc = connection error: desc = "transport: Error while dialing: dial tcp 10.10.1.4:50053: connect: connection refused"
2026/10/04 07:24:18 telemetry push failed: rpc error: code = Unavailable desc = connection error: desc = "transport: Error while dialing: dial tcp 10.10.1.4:50053: connect: connection refused"
2026/10/04 07:24:21 telemetry push failed: rpc error: code = Unavailable desc = connection error: desc = "transport: Error while dialing: dial tcp 10.10.1.4:50053: connect: connection refused"
2026/10/04 07:24:24 telemetry push failed: rpc error: code = Unavailable desc = connection error: desc = "transport: Error while dialing: dial tcp 10.10.1.4:50053: connect: connection refused"
2026/10/04 07:24:27 telemetry push failed: rpc error: code = Unavailable desc = connection error: desc = "transport: Error while dialing: dial tcp 10.10.1.4:50053: connect: connection refused"
2026/10/04 07:24:30 telemetry push failed: rpc error: code = Unavailable desc = connection error: desc = "transport: Error while dialing: dial tcp 10.10.1.4:50053: connect: connection refused"
2026/10/04 07:24:33 telemetry push failed: rpc error: code = Unavailable desc = connection error: desc = "transport: Error while dialing: dial tcp 10.10.1.4:50053: connect: connection refused"
2026/10/04 07:24:36 telemetry push failed: rpc error: code = Unavailable desc = connection error: desc = "transport: Error while dialing: dial tcp 10.10.1.4:50053: connect: connection refused"
2026/10/04 07:24:39 telemetry push failed: rpc error: code = Unavailable desc = connection error: desc = "transport: Error while dialing: dial tcp 10.10.1.4:50053: connect: connection refused"
2026/10/04 07:24:42 telemetry push failed: rpc error: code = Unavailable desc = connection error: desc = "transport: Error while dialing: dial tcp 10.10.1.4:50053: connect: connection refused"
2026/10/04 07:24:45 telemetry push failed: rpc error: code = Unavailable desc = connection error: desc = "transport: Error while dialing: dial tcp 10.10.1.4:50053: connect: connection refused"
2026/10/04 07:24:48 telemetry push failed: rpc error: code = Unavailable desc = connection error: desc = "transport: Error while dialing: dial tcp 10.10.1.4:50053: connect: connection refused"
2026/10/04 07:24:51 telemetry push failed: rpc error: code = Unavailable desc = connection error: desc = "transport: Error while dialing: dial tcp 10.10.1.4:50053: connect: connection refused"
2026/10/04 07:24:54 telemetry push failed: rpc error: code = Unavailable desc = connection error: desc = "transport: Error while dialing: dial tcp 10.10.1.4:50053: connect: connection refused"
2026/10/04 07:24:57 telemetry push failed: rpc error: code = Unavailable desc = connection error: desc = "transport: Error while dialing: dial tcp 10.10.1.4:50053: connect: connection refused"
2026/10/04 07:25:00 telemetry push failed: rpc error: code = Unavailable desc = connection error: desc = "transport: Error while dialing: dial tcp 10.10.1.4:50053: connect: connection refused"
2026/10/04 07:25:03 telemetry push failed: rpc error: code = Unavailable desc = connection error: desc = "transport: Error while dialing: dial tcp 10.10.1.4:50053: connect: connection refused"
2026/10/04 07:25:06 telemetry push failed: rpc error: code = Unavailable desc = connection error: desc = "transport: Error while dialing: dial tcp 10.10.1.4:50053: connect: connection refused"
2026/10/04 07:25:09 telemetry push failed: rpc error: code = Unavailable desc = connection error: desc = "transport: Error while dialing: dial tcp 10.10.1.4:50053: connect: connection refused"
2026/10/04 07:25:12 telemetry push failed: rpc error: code = Unavailable desc = connection error: desc = "transport: Error while dialing: dial tcp 10.10.1.4:50053: connect: connection refused"
2026/10/04 07:25:15 telemetry push failed: rpc error: code = Unavailable desc = connection error: desc = "transport: Error while dialing: dial tcp 10.10.1.4:50053: connect: connection refused"
2026/10/04 07:25:18 telemetry push failed: rpc error: code = Unavailable desc = connection error: desc = "transport: Error while dialing: dial tcp 10.10.1.4:50053: connect: connection refused"
2026/10/04 07:25:21 telemetry push failed: rpc error: code = Unavailable desc = connection error: desc = "transport: Error while dialing: dial tcp 10.10.1.4:50053: connect: connection refused"
2026/10/04 07:25:24 telemetry push failed: rpc error: code = Unavailable desc = connection error: desc = "transport: Error while dialing: dial tcp 10.10.1.4:50053: connect: connection refused"
2026/10/04 07:25:27 telemetry push failed: rpc error: code = Unavailable desc = connection error: desc = "transport: Error while dialing: dial tcp 10.10.1.4:50053: connect: connection refused"
2026/10/04 07:25:30 telemetry push failed: rpc error: code = Unavailable desc = connection error: desc = "transport: Error while dialing: dial tcp 10.10.1.4:50053: connect: connection refused"
2026/10/04 07:25:33 telemetry push failed: rpc error: code = Unavailable desc = connection error: desc = "transport: Error while dialing: dial tcp 10.10.1.4:50053: connect: connection refused"
2026/10/04 07:25:36 telemetry push failed: rpc error: code = Unavailable desc = connection error: desc = "transport: Error while dialing: dial tcp 10.10.1.4:50053: connect: connection refused"
2026/10/04 07:25:39 telemetry push failed: rpc error: code = Unavailable desc = connection error: desc = "transport: Error while dialing: dial tcp 10.10.1.4:50053: connect: connection refused"
2026/10/04 07:25:42 telemetry push failed: rpc error: code = Unavailable desc = connection error: desc = "transport: Error while dialing: dial tcp 10.10.1.4:50053: connect: connection refused"
2026/10/04 07:25:45 telemetry push failed: rpc error: code = Unavailable desc = connection error: desc = "transport: Error while dialing: dial tcp 10.10.1.4:50053: connect: connection refused"
2026/10/04 07:25:48 telemetry push failed: rpc error: code = Unavailable desc = connection error: desc = "transport: Error while dialing: dial tcp 10.10.1.4:50053: connect: connection refused"
2026/10/04 07:25:51 telemetry push failed: rpc error: code = Unavailable desc = connection error: desc = "transport: Error while dialing: dial tcp 10.10.1.4:50053: connect: connection refused"
2026/10/04 07:25:54 telemetry push failed: rpc error: code = Unavailable desc = connection error: desc = "transport: Error while dialing: dial tcp 10.10.1.4:50053: connect: connection refused"
2026/10/04 07:25:57 telemetry push failed: rpc error: code = Unavailable desc = connection error: desc = "transport: Error while dialing: dial tcp 10.10.1.4:50053: connect: connection refused"
2026/10/04 07:26:00 telemetry push failed: rpc error: code = Unavailable desc = connection error: desc = "transport: Error while dialing: dial tcp 10.10.1.4:50053: connect: connection refused"
2026/10/04 07:26:03 telemetry push failed: rpc error: code = Unavailable desc = connection error: desc = "transport: Error while dialing: dial tcp 10.10.1.4:50053: connect: connection refused"
2026/10/04 07:26:06 telemetry push failed: rpc error: code = Unavailable desc = connection error: desc = "transport: Error while dialing: dial tcp 10.10.1.4:50053: connect: connection refused"
2026/10/04 07:26:09 telemetry push failed: rpc error: code = Unavailable desc = connection error: desc = "transport: Error while dialing: dial tcp 10.10.1.4:50053: connect: connection refused"
2026/10/04 07:26:12 telemetry push failed: rpc error: code = Unavailable desc = connection error: desc = "transport: Error while dialing: dial tcp 10.10.1.4:50053: connect: connection refused"
2026/10/04 07:26:15 telemetry push failed: rpc error: code = Unavailable desc = connection error: desc = "transport: Error while dialing: dial tcp 10.10.1.4:50053: connect: connection refused"
2026/10/04 07:26:18 telemetry push failed: rpc error: code = Unavailable desc = connection error: desc = "transport: Error while dialing: dial tcp 10.10.1.4:50053: connect: connection refused"
2026/10/04 07:26:21 telemetry push failed: rpc error: code = Unavailable desc = connection error: desc = "transport: Error while dialing: dial tcp 10.10.1.4:50053: connect: connection refused"
2026/10/04 07:26:24 telemetry push failed: rpc error: code = Unavailable desc = connection error: desc = "transport: Error while dialing: dial tcp 10.10.1.4:50053: connect: connection refused"
2026/10/04 07:26:27 telemetry push failed: rpc error: code = Unavailable desc = connection error: desc = "transport: Error while dialing: dial tcp 10.10.1.4:50053: connect: connection refused"
2026/10/04 07:26:30 telemetry push failed: rpc error: code = Unavailable desc = connection error: desc = "transport: Error while dialing: dial tcp 10.10.1.4:50053: connect: connection refused"
2026/10/04 07:26:33 telemetry push failed: rpc error: code = Unavailable desc = connection error: desc = "transport: Error while dialing: dial tcp 10.10.1.4:50053: connect: connection refused"
2026/10/04 07:26:36 telemetry push failed: rpc error: code = Unavailable desc = connection error: desc = "transport: Error while dialing: dial tcp 10.10.1.4:50053: connect: connection refused"
2026/10/04 07:26:39 telemetry push failed: rpc error: code = Unavailable desc = connection error: desc = "transport: Error while dialing: dial tcp 10.10.1.4:50053: connect: connection refused"
2026/10/04 07:26:42 telemetry push failed: rpc error: code = Unavailable desc = connection error: desc = "transport: Error while dialing: dial tcp 10.10.1.4:50053: connect: connection refused"
2026/10/04 07:26:45 telemetry push failed: rpc error: code = Unavailable desc = connection error: desc = "transport: Error while dialing: dial tcp 10.10.1.4:50053: connect: connection refused"
2026/10/04 07:26:48 telemetry push failed: rpc error: code = Unavailable desc = connection error: desc = "transport: Error while dialing: dial tcp 10.10.1.4:50053: connect: connection refused"
2026/10/04 07:26:51 telemetry push failed: rpc error: code = Unavailable desc = connection error: desc = "transport: Error while dialing: dial tcp 10.10.1.4:50053: connect: connection refused"
2026/10/04 07:26:54 telemetry push failed: rpc error: code = Unavailable desc = connection error: desc = "transport: Error while dialing: dial tcp 10.10.1.4:50053: connect: connection refused"
2026/10/04 07:26:57 telemetry push failed: rpc error: code = Unavailable desc = connection error: desc = "transport: Error while dialing: dial tcp 10.10.1.4:50053: connect: connection refused"
2026/10/04 07:27:00 telemetry push failed: rpc error: code = Unavailable desc = connection error: desc = "transport: Error while dialing: dial tcp 10.10.1.4:50053: connect: connection refused"
2026/10/04 07:27:03 telemetry push failed: rpc error: code = Unavailable desc = connection error: desc = "transport: Error while dialing: dial tcp 10.10.1.4:50053: connect: connection refused"
2026/10/04 07:27:06 telemetry push failed: rpc error: code = Unavailable desc = connection error: desc = "transport: Error while dialing: dial tcp 10.10.1.4:50053: connect: connection refused"
2026/10/04 07:27:09 telemetry push failed: rpc error: code = Unavailable desc = connection error: desc = "transport: Error while dialing: dial tcp 10.10.1.4:50053: connect: connection refused"
2026/10/04 07:27:12 telemetry push failed: rpc error: code = Unavailable desc = connection error: desc = "transport: Error while dialing: dial tcp 10.10.1.4:50053: connect: connection refused"
2026/10/04 07:27:15 telemetry push failed: rpc error: code = Unavailable desc = connection error: desc = "transport: Error while dialing: dial tcp 10.10.1.4:50053: connect: connection refused"
2026/10/04 07:27:18 telemetry push failed: rpc error: code = Unavailable desc = connection error: desc = "transport: Error while dialing: dial tcp 10.10.1.4:50053: connect: connection refused"
2026/10/04 07:27:21 telemetry push failed: rpc error: code = Unavailable desc = connection error: desc = "transport: Error while dialing: dial tcp 10.10.1.4:50053: connect: connection refused"
2026/10/04 07:27:24 telemetry push failed: rpc error: code = Unavailable desc = connection error: desc = "transport: Error while dialing: dial tcp 10.10.1.4:50053: connect: connection refused"
2026/10/04 07:27:27 telemetry push failed: rpc error: code = Unavailable desc = connection error: desc = "transport: Error while dialing: dial tcp 10.10.1.4:50053: connect: connection refused"
2026/10/04 07:27:30 telemetry push failed: rpc error: code = Unavailable desc = connection error: desc = "transport: Error while dialing: dial tcp 10.10.1.4:50053: connect: connection refused"
2026/10/04 07:27:33 telemetry push failed: rpc error: code = Unavailable desc = connection error: desc = "transport: Error while dialing: dial tcp 10.10.1.4:50053: connect: connection refused"
2026/10/04 07:27:36 telemetry push failed: rpc error: code = Unavailable desc = connection error: desc = "transport: Error while dialing: dial tcp 10.10.1.4:50053: connect: connection refused"
2026/10/04 07:27:39 telemetry push failed: rpc error: code = Unavailable desc = connection error: desc = "transport: Error while dialing: dial tcp 10.10.1.4:50053: connect: connection refused"
2026/10/04 07:27:42 telemetry push failed: rpc error: code = Unavailable desc = connection error: desc = "transport: Error while dialing: dial tcp 10.10.1.4:50053: connect: connection refused"
2026/10/04 07:27:45 telemetry push failed: rpc error: code = Unavailable desc = connection error: desc = "transport: Error while dialing: dial tcp 10.10.1.4:50053: connect: connection refused"
2026/10/04 07:27:48 telemetry push failed: rpc error: code = Unavailable desc = connection error: desc = "transport: Error while dialing: dial tcp 10.10.1.4:50053: connect: connection refused"
2026/10/04 07:27:51 telemetry push failed: rpc error: code = Unavailable desc = connection error: desc = "transport: Error while dialing: dial tcp 10.10.1.4:50053: connect: connection refused"
2026/10/04 07:27:54 telemetry push failed: rpc error: code = Unavailable desc = connection error: desc = "transport: Error while dialing: dial tcp 10.10.1.4:50053: connect: connection refused"
2026/10/04 07:27:57 telemetry push failed: rpc error: code = Unavailable desc = connection error: desc = "transport: Error while dialing: dial tcp 10.10.1.4:50053: connect: connection refused"
2026/10/04 07:28:00 telemetry push failed: rpc error: code = Unavailable desc = connection error: desc = "transport: Error while dialing: dial tcp 10.10.1.4:50053: connect: connection refused"
2026/10/04 07:28:03 telemetry push failed: rpc error: code = Unavailable desc = connection error: desc = "transport: Error while dialing: dial tcp 10.10.1.4:50053: connect: connection refused"
2026/10/04 07:28:06 telemetry push failed: rpc error: code = Unavailable desc = connection error: desc = "transport: Error while dialing: dial tcp 10.10.1.4:50053: connect: connection refused"
2026/10/04 07:28:09 telemetry push failed: rpc error: code = Unavailable desc = connection error: desc = "transport: Error while dialing: dial tcp 10.10.1.4:50053: connect: connection refused"
2026/10/04 07:28:12 telemetry push failed: rpc error: code = Unavailable desc = connection error: desc = "transport: Error while dialing: dial tcp 10.10.1.4:50053: connect: connection refused"
2026/10/04 07:28:15 telemetry push failed: rpc error: code = Unavailable desc = connection error: desc = "transport: Error while dialing: dial tcp 10.10.1.4:50053: connect: connection refused"
2026/10/04 07:28:18 telemetry push failed: rpc error: code = Unavailable desc = connection error: desc = "transport: Error while dialing: dial tcp 10.10.1.4:50053: connect: connection refused"
2026/10/04 07:28:21 telemetry push failed: rpc error: code = Unavailable desc = connection error: desc = "transport: Error while dialing: dial tcp 10.10.1.4:50053: connect: connection refused"
2026/10/04 07:28:24 telemetry push failed: rpc error: code = Unavailable desc = connection error: desc = "transport: Error while dialing: dial tcp 10.10.1.4:50053: connect: connection refused"
2026/10/04 07:28:27 telemetry push failed: rpc error: code = Unavailable desc = connection error: desc = "transport: Error while dialing: dial tcp 10.10.1.4:50053: connect: connection refused"
2026/10/04 07:28:30 telemetry push failed: rpc error: code = Unavailable desc = connection error: desc = "transport: Error while dialing: dial tcp 10.10.1.4:50053: connect: connection refused"
2026/10/04 07:28:33 telemetry push failed: rpc error: code = Unavailable desc = connection error: desc = "transport: Error while dialing: dial tcp 10.10.1.4:50053: connect: connection refused"
2026/10/04 07:28:36 telemetry push failed: rpc error: code = Unavailable desc = connection error: desc = "transport: Error while dialing: dial tcp 10.10.1.4:50053: connect: connection refused"
2026/10/04 07:28:39 telemetry push failed: rpc error: code = Unavailable desc = connection error: desc = "transport: Error while dialing: dial tcp 10.10.1.4:50053: connect: connection refused"
2026/10/04 07:28:42 telemetry push failed: rpc error: code = Unavailable desc = connection error: desc = "transport: Error while dialing: dial tcp 10.10.1.4:50053: connect: connection refused"
2026/10/04 07:28:45 telemetry push failed: rpc error: code = Unavailable desc = connection error: desc = "transport: Error while dialing: dial tcp 10.10.1.4:50053: connect: connection refused"
2026/10/04 07:28:48 telemetry push failed: rpc error: code = Unavailable desc = connection error: desc = "transport: Error while dialing: dial tcp 10.10.1.4:50053: connect: connection refused"
2026/10/04 07:28:51 telemetry push failed: rpc error: code = Unavailable desc = connection error: desc = "transport: Error while dialing: dial tcp 10.10.1.4:50053: connect: connection refused"
2026/10/04 07:28:54 telemetry push failed: rpc error: code = Unavailable desc = connection error: desc = "transport: Error while dialing: dial tcp 10.10.1.4:50053: connect: connection refused"
2026/10/04 07:28:57 telemetry push failed: rpc error: code = Unavailable desc = connection error: desc = "transport: Error while dialing: dial tcp 10.10.1.4:50053: connect: connection refused"
2026/10/04 07:29:00 telemetry push failed: rpc error: code = Unavailable desc = connection error: desc = "transport: Error while dialing: dial tcp 10.10.1.4:50053: connect: connection refused"
2026/10/04 07:29:03 telemetry push failed: rpc error: code = Unavailable desc = connection error: desc = "transport: Error while dialing: dial tcp 10.10.1.4:50053: connect: connection refused"
2026/10/04 07:29:06 telemetry push failed: rpc error: code = Unavailable desc = connection error: desc = "transport: Error while dialing: dial tcp 10.10.1.4:50053: connect: connection refused"
2026/10/04 07:29:09 telemetry push failed: rpc error: code = Unavailable desc = connection error: desc = "transport: Error while dialing: dial tcp 10.10.1.4:50053: connect: connection refused"
2026/10/04 07:29:12 telemetry push failed: rpc error: code = Unavailable desc = connection error: desc = "transport: Error while dialing: dial tcp 10.10.1.4:50053: connect: connection refused"
2026/10/04 07:29:15 telemetry push failed: rpc error: code = Unavailable desc = connection error: desc = "transport: Error while dialing: dial tcp 10.10.1.4:50053: connect: connection refused"
2026/10/04 07:29:18 telemetry push failed: rpc error: code = Unavailable desc = connection error: desc = "transport: Error while dialing: dial tcp 10.10.1.4:50053: connect: connection refused"
2026/10/04 07:29:21 telemetry push failed: rpc error: code = Unavailable desc = connection error: desc = "transport: Error while dialing: dial tcp 10.10.1.4:50053: connect: connection refused"
2026/10/04 07:29:24 telemetry push failed: rpc error: code = Unavailable desc = connection error: desc = "transport: Error while dialing: dial tcp 10.10.1.4:50053: connect: connection refused"
2026/10/04 07:29:27 telemetry push failed: rpc error: code = Unavailable desc = connection error: desc = "transport: Error while dialing: dial tcp 10.10.1.4:50053: connect: connection refused"
2026/10/04 07:29:30 telemetry push failed: rpc error: code = Unavailable desc = connection error: desc = "transport: Error while dialing: dial tcp 10.10.1.4:50053: connect: connection refused"
2026/10/04 07:29:33 telemetry push failed: rpc error: code = Unavailable desc = connection error: desc = "transport: Error while dialing: dial tcp 10.10.1.4:50053: connect: connection refused"
2026/10/04 07:29:36 telemetry push failed: rpc error: code = Unavailable desc = connection error: desc = "transport: Error while dialing: dial tcp 10.10.1.4:50053: connect: connection refused"
2026/10/04 07:29:39 telemetry push failed: rpc error: code = Unavailable desc = connection error: desc = "transport: Error while dialing: dial tcp 10.10.1.4:50053: connect: connection refused"
2026/10/04 07:29:42 telemetry push failed: rpc error: code = Unavailable desc = connection error: desc = "transport: Error while dialing: dial tcp 10.10.1.4:50053: connect: connection refused"
2026/10/04 07:29:45 telemetry push failed: rpc error: code = Unavailable desc = connection error: desc = "transport: Error while dialing: dial tcp 10.10.1.4:50053: connect: connection refused"
2026/10/04 07:29:48 telemetry push failed: rpc error: code = Unavailable desc = connection error: desc = "transport: Error while dialing: dial tcp 10.10.1.4:50053: connect: connection refused"
2026/10/04 07:29:51 telemetry push failed: rpc error: code = Unavailable desc = connection error: desc = "transport: Error while dialing: dial tcp 10.10.1.4:50053: connect: connection refused"
2026/10/04 07:29:54 telemetry push failed: rpc error: code = Unavailable desc = connection error: desc = "transport: Error while dialing: dial tcp 10.10.1.4:50053: connect: connection refused"
2026/10/04 07:29:57 telemetry push failed: rpc error: code = Unavailable desc = connection error: desc = "transport: Error while dialing: dial tcp 10.10.1.4:50053: connect: connection refused"
2026/10/04 07:30:00 telemetry push failed: rpc error: code = Unavailable desc = connection error: desc = "transport: Error while dialing: dial tcp 10.10.1.4:50053: connect: connection refused"
2026/10/04 07:30:03 telemetry push failed: rpc error: code = Unavailable desc = connection error: desc = "transport: Error while dialing: dial tcp 10.10.1.4:50053: connect: connection refused"
2026/10/04 07:30:06 telemetry push failed: rpc error: code = Unavailable desc = connection error: desc = "transport: Error while dialing: dial tcp 10.10.1.4:50053: connect: connection refused"
2026/10/04 07:30:09 telemetry push failed: rpc error: code = Unavailable desc = connection error: desc = "transport: Error while dialing: dial tcp 10.10.1.4:50053: connect: connection refused"
2026/10/04 07:30:12 telemetry push failed: rpc error: code = Unavailable desc = connection error: desc = "transport: Error while dialing: dial tcp 10.10.1.4:50053: connect: connection refused"
2026/10/04 07:30:15 telemetry push failed: rpc error: code = Unavailable desc = connection error: desc = "transport: Error while dialing: dial tcp 10.10.1.4:50053: connect: connection refused"
2026/10/04 07:30:18 telemetry push failed: rpc error: code = Unavailable desc = connection error: desc = "transport: Error while dialing: dial tcp 10.10.1.4:50053: connect: connection refused"
2026/10/04 07:30:21 telemetry push failed: rpc error: code = Unavailable desc = connection error: desc = "transport: Error while dialing: dial tcp 10.10.1.4:50053: connect: connection refused"
2026/10/04 07:30:24 telemetry push failed: rpc error: code = Unavailable desc = connection error: desc = "transport: Error while dialing: dial tcp 10.10.1.4:50053: connect: connection refused"
2026/10/04 07:30:27 telemetry push failed: rpc error: code = Unavailable desc = connection error: desc = "transport: Error while dialing: dial tcp 10.10.1.4:50053: connect: connection refused"
2026/10/04 07:30:30 telemetry push failed: rpc error: code = Unavailable desc = connection error: desc = "transport: Error while dialing: dial tcp 10.10.1.4:50053: connect: connection refused"
2026/10/04 07:30:33 telemetry push failed: rpc error: code = Unavailable desc = connection error: desc = "transport: Error while dialing: dial tcp 10.10.1.4:50053: connect: connection refused"
2026/10/04 07:30:36 telemetry push failed: rpc error: code = Unavailable desc = connection error: desc = "transport: Error while dialing: dial tcp 10.10.1.4:50053: connect: connection refused"
2026/10/04 07:30:39 telemetry push failed: rpc error: code = Unavailable desc = connection error: desc = "transport: Error while dialing: dial tcp 10.10.1.4:50053: connect: connection refused"
2026/10/04 07:30:42 telemetry push failed: rpc error: code = Unavailable desc = connection error: desc = "transport: Error while dialing: dial tcp 10.10.1.4:50053: connect: connection refused"
2026/10/04 07:30:45 telemetry push failed: rpc error: code = Unavailable desc = connection error: desc = "transport: Error while dialing: dial tcp 10.10.1.4:50053: connect: connection refused"
2026/10/04 07:30:48 telemetry push failed: rpc error: code = Unavailable desc = connection error: desc = "transport: Error while dialing: dial tcp 10.10.1.4:50053: connect: connection refused"
2026/10/04 07:30:51 telemetry push failed: rpc error: code = Unavailable desc = connection error: desc = "transport: Error while dialing: dial tcp 10.10.1.4:50053: connect: connection refused"
2026/10/04 07:30:54 telemetry push failed: rpc error: code = Unavailable desc = connection error: desc = "transport: Error while dialing: dial tcp 10.10.1.4:50053: connect: connection refused"
2026/10/04 07:30:57 telemetry push failed: rpc error: code = Unavailable desc = connection error: desc = "transport: Error while dialing: dial tcp 10.10.1.4:50053: connect: connection refused"
2026/10/04 07:31:00 telemetry push failed: rpc error: code = Unavailable desc = connection error: desc = "transport: Error while dialing: dial tcp 10.10.1.4:50053: connect: connection refused"
2026/10/04 07:31:03 telemetry push failed: rpc error: code = Unavailable desc = connection error: desc = "transport: Error while dialing: dial tcp 10.10.1.4:50053: connect: connection refused"
2026/10/04 07:31:06 telemetry push failed: rpc error: code = Unavailable desc = connection error: desc = "transport: Error while dialing: dial tcp 10.10.1.4:50053: connect: connection refused"
2026/10/04 07:31:09 telemetry push failed: rpc error: code = Unavailable desc = connection error: desc = "transport: Error while dialing: dial tcp 10.10.1.4:50053: connect: connection refused"
2026/10/04 07:31:12 telemetry push failed: rpc error: code = Unavailable desc = connection error: desc = "transport: Error while dialing: dial tcp 10.10.1.4:50053: connect: connection refused"
2026/10/04 07:31:15 telemetry push failed: rpc error: code = Unavailable desc = connection error: desc = "transport: Error while dialing: dial tcp 10.10.1.4:50053: connect: connection refused"
2026/10/04 07:31:18 telemetry push failed: rpc error: code = Unavailable desc = connection error: desc = "transport: Error while dialing: dial tcp 10.10.1.4:50053: connect: connection refused"
2026/10/04 07:31:21 telemetry push failed: rpc error: code = Unavailable desc = connection error: desc = "transport: Error while dialing: dial tcp 10.10.1.4:50053: connect: connection refused"
2026/10/04 07:31:24 telemetry push failed: rpc error: code = Unavailable desc = connection error: desc = "transport: Error while dialing: dial tcp 10.10.1.4:50053: connect: connection refused"
2026/10/04 07:31:27 telemetry push failed: rpc error: code = Unavailable desc = connection error: desc = "transport: Error while dialing: dial tcp 10.10.1.4:50053: connect: connection refused"
2026/10/04 07:31:30 telemetry push failed: rpc error: code = Unavailable desc = connection error: desc = "transport: Error while dialing: dial tcp 10.10.1.4:50053: connect: connection refused"
2026/10/04 07:31:33 telemetry push failed: rpc error: code = Unavailable desc = connection error: desc = "transport: Error while dialing: dial tcp 10.10.1.4:50053: connect: connection refused"
2026/10/04 07:31:36 telemetry push failed: rpc error: code = Unavailable desc = connection error: desc = "transport: Error while dialing: dial tcp 10.10.1.4:50053: connect: connection refused"
2026/10/04 07:31:39 telemetry push failed: rpc error: code = Unavailable desc = connection error: desc = "transport: Error while dialing: dial tcp 10.10.1.4:50053: connect: connection refused"
2026/10/04 07:31:42 telemetry push failed: rpc error: code = Unavailable desc = connection error: desc = "transport: Error while dialing: dial tcp 10.10.1.4:50053: connect: connection refused"
2026/10/04 07:31:45 telemetry push failed: rpc error: code = Unavailable desc = connection error: desc = "transport: Error while dialing: dial tcp 10.10.1.4:50053: connect: connection refused"
2026/10/04 07:31:48 telemetry push failed: rpc error: code = Unavailable desc = connection error: desc = "transport: Error while dialing: dial tcp 10.10.1.4:50053: connect: connection refused"
2026/10/04 07:31:51 telemetry push failed: rpc error: code = Unavailable desc = connection error: desc = "transport: Error while dialing: dial tcp 10.10.1.4:50053: connect: connection refused"
2026/10/04 07:31:54 telemetry push failed: rpc error: code = Unavailable desc = connection error: desc = "transport: Error while dialing: dial tcp 10.10.1.4:50053: connect: connection refused"
2026/10/04 07:31:57 telemetry push failed: rpc error: code = Unavailable desc = connection error: desc = "transport: Error while dialing: dial tcp 10.10.1.4:50053: connect: connection refused"
2026/10/04 07:32:00 telemetry push failed: rpc error: code = Unavailable desc = connection error: desc = "transport: Error while dialing: dial tcp 10.10.1.4:50053: connect: connection refused"
2026/10/04 07:32:03 telemetry push failed: rpc error: code = Unavailable desc = connection error: desc = "transport: Error while dialing: dial tcp 10.10.1.4:50053: connect: connection refused"
2026/10/04 07:32:06 telemetry push failed: rpc error: code = Unavailable desc = connection error: desc = "transport: Error while dialing: dial tcp 10.10.1.4:50053: connect: connection refused"
2026/10/04 07:32:09 telemetry push failed: rpc error: code = Unavailable desc = connection error: desc = "transport: Error while dialing: dial tcp 10.10.1.4:50053: connect: connection refused"
2026/10/04 07:32:12 telemetry push failed: rpc error: code = Unavailable desc = connection error: desc = "transport: Error while dialing: dial tcp 10.10.1.4:50053: connect: connection refused"
2026/10/04 07:32:15 telemetry push failed: rpc error: code = Unavailable desc = connection error: desc = "transport: Error while dialing: dial tcp 10.10.1.4:50053: connect: connection refused"
2026/10/04 07:32:18 telemetry push failed: rpc error: code = Unavailable desc = connection error: desc = "transport: Error while dialing: dial tcp 10.10.1.4:50053: connect: connection refused"
2026/10/04 07:32:21 telemetry push failed: rpc error: code = Unavailable desc = connection error: desc = "transport: Error while dialing: dial tcp 10.10.1.4:50053: connect: connection refused"
2026/10/04 07:32:24 telemetry push failed: rpc error: code = Unavailable desc = connection error: desc = "transport: Error while dialing: dial tcp 10.10.1.4:50053: connect: connection refused"
2026/10/04 07:32:27 telemetry push failed: rpc error: code = Unavailable desc = connection error: desc = "transport: Error while dialing: dial tcp 10.10.1.4:50053: connect: connection refused"
2026/10/04 07:32:30 telemetry push failed: rpc error: code = Unavailable desc = connection error: desc = "transport: Error while dialing: dial tcp 10.10.1.4:50053: connect: connection refused"
2026/10/04 07:32:33 telemetry push failed: rpc error: code = Unavailable desc = connection error: desc = "transport: Error while dialing: dial tcp 10.10.1.4:50053: connect: connection refused"
2026/10/04 07:32:36 telemetry push failed: rpc error: code = Unavailable desc = connection error: desc = "transport: Error while dialing: dial tcp 10.10.1.4:50053: connect: connection refused"
2026/10/04 07:32:39 telemetry push failed: rpc error: code = Unavailable desc = connection error: desc = "transport: Error while dialing: dial tcp 10.10.1.4:50053: connect: connection refused"
2026/10/04 07:32:42 telemetry push failed: rpc error: code = Unavailable desc = connection error: desc = "transport: Error while dialing: dial tcp 10.10.1.4:50053: connect: connection refused"
2026/10/04 07:32:45 telemetry push failed: rpc error: code = Unavailable desc = connection error: desc = "transport: Error while dialing: dial tcp 10.10.1.4:50053: connect: connection refused"
2026/10/04 07:32:48 telemetry push failed: rpc error: code = Unavailable desc = connection error: desc = "transport: Error while dialing: dial tcp 10.10.1.4:50053: connect: connection refused"
2026/10/04 07:32:51 telemetry push failed: rpc error: code = Unavailable desc = connection error: desc = "transport: Error while dialing: dial tcp 10.10.1.4:50053: connect: connection refused"
2026/10/04 07:32:54 telemetry push failed: rpc error: code = Unavailable desc = connection error: desc = "transport: Error while dialing: dial tcp 10.10.1.4:50053: connect: connection refused"
2026/10/04 07:32:57 telemetry push failed: rpc error: code = Unavailable desc = connection error: desc = "transport: Error while dialing: dial tcp 10.10.1.4:50053: connect: connection refused"
2026/10/04 07:33:00 telemetry push failed: rpc error: code = Unavailable desc = connection error: desc = "transport: Error while dialing: dial tcp 10.10.1.4:50053: connect: connection refused"
2026/10/04 07:33:03 telemetry push failed: rpc error: code = Unavailable desc = connection error: desc = "transport: Error while dialing: dial tcp 10.10.1.4:50053: connect: connection refused"
2026/10/04 07:33:06 telemetry push failed: rpc error: code = Unavailable desc = connection error: desc = "transport: Error while dialing: dial tcp 10.10.1.4:50053: connect: connection refused"
2026/10/04 07:33:09 telemetry push failed: rpc error: code = Unavailable desc = connection error: desc = "transport: Error while dialing: dial tcp 10.10.1.4:50053: connect: connection refused"
2026/10/04 07:33:12 telemetry push failed: rpc error: code = Unavailable desc = connection error: desc = "transport: Error while dialing: dial tcp 10.10.1.4:50053: connect: connection refused"
2026/10/04 07:33:15 telemetry push failed: rpc error: code = Unavailable desc = connection error: desc = "transport: Error while dialing: dial tcp 10.10.1.4:50053: connect: connection refused"
2026/10/04 07:33:18 telemetry push failed: rpc error: code = Unavailable desc = connection error: desc = "transport: Error while dialing: dial tcp 10.10.1.4:50053: connect: connection refused"
2026/10/04 07:33:21 telemetry push failed: rpc error: code = Unavailable desc = connection error: desc = "transport: Error while dialing: dial tcp 10.10.1.4:50053: connect: connection refused"
2026/10/04 07:33:24 telemetry push failed: rpc error: code = Unavailable desc = connection error: desc = "transport: Error while dialing: dial tcp 10.10.1.4:50053: connect: connection refused"
2026/10/04 07:33:27 telemetry push failed: rpc error: code = Unavailable desc = connection error: desc = "transport: Error while dialing: dial tcp 10.10.1.4:50053: connect: connection refused"
2026/10/04 07:33:30 telemetry push failed: rpc error: code = Unavailable desc = connection error: desc = "transport: Error while dialing: dial tcp 10.10.1.4:50053: connect: connection refused"
2026/10/04 07:33:33 telemetry push failed: rpc error: code = Unavailable desc = connection error: desc = "transport: Error while dialing: dial tcp 10.10.1.4:50053: connect: connection refused"
2026/10/04 07:33:36 telemetry push failed: rpc error: code = Unavailable desc = connection error: desc = "transport: Error while dialing: dial tcp 10.10.1.4:50053: connect: connection refused"
2026/10/04 07:33:39 telemetry push failed: rpc error: code = Unavailable desc = connection error: desc = "transport: Error while dialing: dial tcp 10.10.1.4:50053: connect: connection refused"
2026/10/04 07:33:42 telemetry push failed: rpc error: code = Unavailable desc = connection error: desc = "transport: Error while dialing: dial tcp 10.10.1.4:50053: connect: connection refused"
2026/10/04 07:33:45 telemetry push failed: rpc error: code = Unavailable desc = connection error: desc = "transport: Error while dialing: dial tcp 10.10.1.4:50053: connect: connection refused"
2026/10/04 07:33:48 telemetry push failed: rpc error: code = Unavailable desc = connection error: desc = "transport: Error while dialing: dial tcp 10.10.1.4:50053: connect: connection refused"
2026/10/04 07:33:51 telemetry push failed: rpc error: code = Unavailable desc = connection error: desc = "transport: Error while dialing: dial tcp 10.10.1.4:50053: connect: connection refused"
2026/10/04 07:33:54 telemetry push failed: rpc error: code = Unavailable desc = connection error: desc = "transport: Error while dialing: dial tcp 10.10.1.4:50053: connect: connection refused"
2026/10/04 07:33:57 telemetry push failed: rpc error: code = Unavailable desc = connection error: desc = "transport: Error while dialing: dial tcp 10.10.1.4:50053: connect: connection refused"
2026/10/04 07:34:00 telemetry push failed: rpc error: code = Unavailable desc = connection error: desc = "transport: Error while dialing: dial tcp 10.10.1.4:50053: connect: connection refused"
2026/10/04 07:34:03 telemetry push failed: rpc error: code = Unavailable desc = connection error: desc = "transport: Error while dialing: dial tcp 10.10.1.4:50053: connect: connection refused"
2026/10/04 07:34:06 telemetry push failed: rpc error: code = Unavailable desc = connection error: desc = "transport: Error while dialing: dial tcp 10.10.1.4:50053: connect: connection refused"
2026/10/04 07:34:09 telemetry push failed: rpc error: code = Unavailable desc = connection error: desc = "transport: Error while dialing: dial tcp 10.10.1.4:50053: connect: connection refused"
2026/10/04 07:34:12 telemetry push failed: rpc error: code = Unavailable desc = connection error: desc = "transport: Error while dialing: dial tcp 10.10.1.4:50053: connect: connection refused"
2026/10/04 07:34:15 telemetry push failed: rpc error: code = Unavailable desc = connection error: desc = "transport: Error while dialing: dial tcp 10.10.1.4:50053: connect: connection refused"
2026/10/04 07:34:18 telemetry push failed: rpc error: code = Unavailable desc = connection error: desc = "transport: Error while dialing: dial tcp 10.10.1.4:50053: connect: connection refused"
2026/10/04 07:34:21 telemetry push failed: rpc error: code = Unavailable desc = connection error: desc = "transport: Error while dialing: dial tcp 10.10.1.4:50053: connect: connection refused"
2026/10/04 07:34:24 telemetry push failed: rpc error: code = Unavailable desc = connection error: desc = "transport: Error while dialing: dial tcp 10.10.1.4:50053: connect: connection refused"
2026/10/04 07:34:27 telemetry push failed: rpc error: code = Unavailable desc = connection error: desc = "transport: Error while dialing: dial tcp 10.10.1.4:50053: connect: connection refused"
2026/10/04 07:34:30 telemetry push failed: rpc error: code = Unavailable desc = connection error: desc = "transport: Error while dialing: dial tcp 10.10.1.4:50053: connect: connection refused"
2026/10/04 07:34:33 telemetry push failed: rpc error: code = Unavailable desc = connection error: desc = "transport: Error while dialing: dial tcp 10.10.1.4:50053: connect: connection refused"
2026/10/04 07:34:36 telemetry push failed: rpc error: code = Unavailable desc = connection error: desc = "transport: Error while dialing: dial tcp 10.10.1.4:50053: connect: connection refused"
2026/10/04 07:34:39 telemetry push failed: rpc error: code = Unavailable desc = connection error: desc = "transport: Error while dialing: dial tcp 10.10.1.4:50053: connect: connection refused"
2026/10/04 07:34:42 telemetry push failed: rpc error: code = Unavailable desc = connection error: desc = "transport: Error while dialing: dial tcp 10.10.1.4:50053: connect: connection refused"
2026/10/04 07:34:45 telemetry push failed: rpc error: code = Unavailable desc = connection error: desc = "transport: Error while dialing: dial tcp 10.10.1.4:50053: connect: connection refused"
2026/10/04 07:34:48 telemetry push failed: rpc error: code = Unavailable desc = connection error: desc = "transport: Error while dialing: dial tcp 10.10.1.4:50053: connect: connection refused"
2026/10/04 07:34:51 telemetry push failed: rpc error: code = Unavailable desc = connection error: desc = "transport: Error while dialing: dial tcp 10.10.1.4:50053: connect: connection refused"
2026/10/04 07:34:54 telemetry push failed: rpc error: code = Unavailable desc = connection error: desc = "transport: Error while dialing: dial tcp 10.10.1.4:50053: connect: connection refused"
2026/10/04 07:34:57 telemetry push failed: rpc error: code = Unavailable desc = connection error: desc = "transport: Error while dialing: dial tcp 10.10.1.4:50053: connect: connection refused"
2026/10/04 07:35:00 telemetry push failed: rpc error: code = Unavailable desc = connection error: desc = "transport: Error while dialing: dial tcp 10.10.1.4:50053: connect: connection refused"
2026/10/04 07:35:03 telemetry push failed: rpc error: code = Unavailable desc = connection error: desc = "transport: Error while dialing: dial tcp 10.10.1.4:50053: connect: connection refused"
2026/10/04 07:35:06 telemetry push failed: rpc error: code = Unavailable desc = connection error: desc = "transport: Error while dialing: dial tcp 10.10.1.4:50053: connect: connection refused"
2026/10/04 07:35:09 telemetry push failed: rpc error: code = Unavailable desc = connection error: desc = "transport: Error while dialing: dial tcp 10.10.1.4:50053: connect: connection refused"
2026/10/04 07:35:12 telemetry push failed: rpc error: code = Unavailable desc = connection error: desc = "transport: Error while dialing: dial tcp 10.10.1.4:50053: connect: connection refused"
2026/10/04 07:35:15 telemetry push failed: rpc error: code = Unavailable desc = connection error: desc = "transport: Error while dialing: dial tcp 10.10.1.4:50053: connect: connection refused"
2026/10/04 07:35:18 telemetry push failed: rpc error: code = Unavailable desc = connection error: desc = "transport: Error while dialing: dial tcp 10.10.1.4:50053: connect: connection refused"
2026/10/04 07:35:21 telemetry push failed: rpc error: code = Unavailable desc = connection error: desc = "transport: Error while dialing: dial tcp 10.10.1.4:50053: connect: connection refused"
2026/10/04 07:35:24 telemetry push failed: rpc error: code = Unavailable desc = connection error: desc = "transport: Error while dialing: dial tcp 10.10.1.4:50053: connect: connection refused"
2026/10/04 07:35:27 telemetry push failed: rpc error: code = Unavailable desc = connection error: desc = "transport: Error while dialing: dial tcp 10.10.1.4:50053: connect: connection refused"
2026/10/04 07:35:30 telemetry push failed: rpc error: code = Unavailable desc = connection error: desc = "transport: Error while dialing: dial tcp 10.10.1.4:50053: connect: connection refused"
2026/10/04 07:35:33 telemetry push failed: rpc error: code = Unavailable desc = connection error: desc = "transport: Error while dialing: dial tcp 10.10.1.4:50053: connect: connection refused"
2026/10/04 07:35:36 telemetry push failed: rpc error: code = Unavailable desc = connection error: desc = "transport: Error while dialing: dial tcp 10.10.1.4:50053: connect: connection refused"
2026/10/04 07:35:39 telemetry push failed: rpc error: code = Unavailable desc = connection error: desc = "transport: Error while dialing: dial tcp 10.10.1.4:50053: connect: connection refused"
2026/10/04 07:35:42 telemetry push failed: rpc error: code = Unavailable desc = connection error: desc = "transport: Error while dialing: dial tcp 10.10.1.4:50053: connect: connection refused"
2026/10/04 07:35:46 telemetry push failed: rpc error: code = Unavailable desc = connection error: desc = "transport: Error while dialing: dial tcp 10.10.1.4:50053: connect: connection refused"
2026/10/04 07:35:49 telemetry push failed: rpc error: code = Unavailable desc = connection error: desc = "transport: Error while dialing: dial tcp 10.10.1.4:50053: connect: connection refused"
2026/10/04 07:35:52 telemetry push failed: rpc error: code = Unavailable desc = connection error: desc = "transport: Error while dialing: dial tcp 10.10.1.4:50053: connect: connection refused"
2026/10/04 07:35:55 telemetry push failed: rpc error: code = Unavailable desc = connection error: desc = "transport: Error while dialing: dial tcp 10.10.1.4:50053: connect: connection refused"
2026/10/04 07:35:58 telemetry push failed: rpc error: code = Unavailable desc = connection error: desc = "transport: Error while dialing: dial tcp 10.10.1.4:50053: connect: connection refused"
2026/10/04 07:36:01 telemetry push failed: rpc error: code = Unavailable desc = connection error: desc = "transport: Error while dialing: dial tcp 10.10.1.4:50053: connect: connection refused"
2026/10/04 07:36:04 telemetry push failed: rpc error: code = Unavailable desc = connection error: desc = "transport: Error while dialing: dial tcp 10.10.1.4:50053: connect: connection refused"
2026/10/04 07:36:07 telemetry push failed: rpc error: code = Unavailable desc = connection error: desc = "transport: Error while dialing: dial tcp 10.10.1.4:50053: connect: connection refused"
2026/10/04 07:36:10 telemetry push failed: rpc error: code = Unavailable desc = connection error: desc = "transport: Error while dialing: dial tcp 10.10.1.4:50053: connect: connection refused"
2026/10/04 07:36:13 telemetry push failed: rpc error: code = Unavailable desc = connection error: desc = "transport: Error while dialing: dial tcp 10.10.1.4:50053: connect: connection refused"
2026/10/04 07:36:16 telemetry push failed: rpc error: code = Unavailable desc = connection error: desc = "transport: Error while dialing: dial tcp 10.10.1.4:50053: connect: connection refused"
2026/10/04 07:36:19 telemetry push failed: rpc error: code = Unavailable desc = connection error: desc = "transport: Error while dialing: dial tcp 10.10.1.4:50053: connect: connection refused"
2026/10/04 07:36:22 telemetry push failed: rpc error: code = Unavailable desc = connection error: desc = "transport: Error while dialing: dial tcp 10.10.1.4:50053: connect: connection refused"
2026/10/04 07:36:25 telemetry push failed: rpc error: code = Unavailable desc = connection error: desc = "transport: Error while dialing: dial tcp 10.10.1.4:50053: connect: connection refused"
2026/10/04 07:36:28 telemetry push failed: rpc error: code = Unavailable desc = connection error: desc = "transport: Error while dialing: dial tcp 10.10.1.4:50053: connect: connection refused"
2026/10/04 07:36:31 telemetry push failed: rpc error: code = Unavailable desc = connection error: desc = "transport: Error while dialing: dial tcp 10.10.1.4:50053: connect: connection refused"
2026/10/04 07:36:34 telemetry push failed: rpc error: code = Unavailable desc = connection error: desc = "transport: Error while dialing: dial tcp 10.10.1.4:50053: connect: connection refused"
2026/10/04 07:36:37 telemetry push failed: rpc error: code = Unavailable desc = connection error: desc = "transport: Error while dialing: dial tcp 10.10.1.4:50053: connect: connection refused"
2026/10/04 07:36:40 telemetry push failed: rpc error: code = Unavailable desc = connection error: desc = "transport: Error while dialing: dial tcp 10.10.1.4:50053: connect: connection refused"
2026/10/04 07:36:43 telemetry push failed: rpc error: code = Unavailable desc = connection error: desc = "transport: Error while dialing: dial tcp 10.10.1.4:50053: connect: connection refused"
2026/10/04 07:36:46 telemetry push failed: rpc error: code = Unavailable desc = connection error: desc = "transport: Error while dialing: dial tcp 10.10.1.4:50053: connect: connection refused"
2026/10/04 07:36:49 telemetry push failed: rpc error: code = Unavailable desc = connection error: desc = "transport: Error while dialing: dial tcp 10.10.1.4:50053: connect: connection refused"
2026/10/04 07:36:52 telemetry push failed: rpc error: code = Unavailable desc = connection error: desc = "transport: Error while dialing: dial tcp 10.10.1.4:50053: connect: connection refused"
2026/10/04 07:36:55 telemetry push failed: rpc error: code = Unavailable desc = connection error: desc = "transport: Error while dialing: dial tcp 10.10.1.4:50053: connect: connection refused"
2026/10/04 07:36:58 telemetry push failed: rpc error: code = Unavailable desc = connection error: desc = "transport: Error while dialing: dial tcp 10.10.1.4:50053: connect: connection refused"
2026/10/04 07:37:01 telemetry push failed: rpc error: code = Unavailable desc = connection error: desc = "transport: Error while dialing: dial tcp 10.10.1.4:50053: connect: connection refused"
2026/10/04 07:37:04 telemetry push failed: rpc error: code = Unavailable desc = connection error: desc = "transport: Error while dialing: dial tcp 10.10.1.4:50053: connect: connection refused"
2026/10/04 07:37:07 telemetry push failed: rpc error: code = Unavailable desc = connection error: desc = "transport: Error while dialing: dial tcp 10.10.1.4:50053: connect: connection refused"
2026/10/04 07:37:10 telemetry push failed: rpc error: code = Unavailable desc = connection error: desc = "transport: Error while dialing: dial tcp 10.10.1.4:50053: connect: connection refused"
2026/10/04 07:37:13 telemetry push failed: rpc error: code = Unavailable desc = connection error: desc = "transport: Error while dialing: dial tcp 10.10.1.4:50053: connect: connection refused"
2026/10/04 07:37:16 telemetry push failed: rpc error: code = Unavailable desc = connection error: desc = "transport: Error while dialing: dial tcp 10.10.1.4:50053: connect: connection refused"
2026/10/04 07:37:19 telemetry push failed: rpc error: code = Unavailable desc = connection error: desc = "transport: Error while dialing: dial tcp 10.10.1.4:50053: connect: connection refused"
2026/10/04 07:37:22 telemetry push failed: rpc error: code = Unavailable desc = connection error: desc = "transport: Error while dialing: dial tcp 10.10.1.4:50053: connect: connection refused"
2026/10/04 07:37:25 telemetry push failed: rpc error: code = Unavailable desc = connection error: desc = "transport: Error while dialing: dial tcp 10.10.1.4:50053: connect: connection refused"
2026/10/04 07:37:28 telemetry push failed: rpc error: code = Unavailable desc = connection error: desc = "transport: Error while dialing: dial tcp 10.10.1.4:50053: connect: connection refused"
2026/10/04 07:37:31 telemetry push failed: rpc error: code = Unavailable desc = connection error: desc = "transport: Error while dialing: dial tcp 10.10.1.4:50053: connect: connection refused"
2026/10/04 07:37:34 telemetry push failed: rpc error: code = Unavailable desc = connection error: desc = "transport: Error while dialing: dial tcp 10.10.1.4:50053: connect: connection refused"
2026/10/04 07:37:37 telemetry push failed: rpc error: code = Unavailable desc = connection error: desc = "transport: Error while dialing: dial tcp 10.10.1.4:50053: connect: connection refused"
2026/10/04 07:37:40 telemetry push failed: rpc error: code = Unavailable desc = connection error: desc = "transport: Error while dialing: dial tcp 10.10.1.4:50053: connect: connection refused"
2026/10/04 07:37:43 telemetry push failed: rpc error: code = Unavailable desc = connection error: desc = "transport: Error while dialing: dial tcp 10.10.1.4:50053: connect: connection refused"
2026/10/04 07:37:46 telemetry push failed: rpc error: code = Unavailable desc = connection error: desc = "transport: Error while dialing: dial tcp 10.10.1.4:50053: connect: connection refused"
2026/10/04 07:37:49 telemetry push failed: rpc error: code = Unavailable desc = connection error: desc = "transport: Error while dialing: dial tcp 10.10.1.4:50053: connect: connection refused"
2026/10/04 07:37:52 telemetry push failed: rpc error: code = Unavailable desc = connection error: desc = "transport: Error while dialing: dial tcp 10.10.1.4:50053: connect: connection refused"
2026/10/04 07:37:55 telemetry push failed: rpc error: code = Unavailable desc = connection error: desc = "transport: Error while dialing: dial tcp 10.10.1.4:50053: connect: connection refused"
2026/10/04 07:37:58 telemetry push failed: rpc error: code = Unavailable desc = connection error: desc = "transport: Error while dialing: dial tcp 10.10.1.4:50053: connect: connection refused"
2026/10/04 07:38:01 telemetry push failed: rpc error: code = Unavailable desc = connection error: desc = "transport: Error while dialing: dial tcp 10.10.1.4:50053: connect: connection refused"
2026/10/04 07:38:04 telemetry push failed: rpc error: code = Unavailable desc = connection error: desc = "transport: Error while dialing: dial tcp 10.10.1.4:50053: connect: connection refused"
2026/10/04 07:38:07 telemetry push failed: rpc error: code = Unavailable desc = connection error: desc = "transport: Error while dialing: dial tcp 10.10.1.4:50053: connect: connection refused"
2026/10/04 07:38:10 telemetry push failed: rpc error: code = Unavailable desc = connection error: desc = "transport: Error while dialing: dial tcp 10.10.1.4:50053: connect: connection refused"
2026/10/04 07:38:13 telemetry push failed: rpc error: code = Unavailable desc = connection error: desc = "transport: Error while dialing: dial tcp 10.10.1.4:50053: connect: connection refused"
2026/10/04 07:38:16 telemetry push failed: rpc error: code = Unavailable desc = connection error: desc = "transport: Error while dialing: dial tcp 10.10.1.4:50053: connect: connection refused"
2026/10/04 07:38:19 telemetry push failed: rpc error: code = Unavailable desc = connection error: desc = "transport: Error while dialing: dial tcp 10.10.1.4:50053: connect: connection refused"
2026/10/04 07:38:22 telemetry push failed: rpc error: code = Unavailable desc = connection error: desc = "transport: Error while dialing: dial tcp 10.10.1.4:50053: connect: connection refused"
2026/10/04 07:38:25 telemetry push failed: rpc error: code = Unavailable desc = connection error: desc = "transport: Error while dialing: dial tcp 10.10.1.4:50053: connect: connection refused"
2026/10/04 07:38:28 telemetry push failed: rpc error: code = Unavailable desc = connection error: desc = "transport: Error while dialing: dial tcp 10.10.1.4:50053: connect: connection refused"
2026/10/04 07:38:31 telemetry push failed: rpc error: code = Unavailable desc = connection error: desc = "transport: Error while dialing: dial tcp 10.10.1.4:50053: connect: connection refused"
2026/10/04 07:38:34 telemetry push failed: rpc error: code = Unavailable desc = connection error: desc = "transport: Error while dialing: dial tcp 10.10.1.4:50053: connect: connection refused"
2026/10/04 07:38:37 telemetry push failed: rpc error: code = Unavailable desc = connection error: desc = "transport: Error while dialing: dial tcp 10.10.1.4:50053: connect: connection refused"
2026/10/04 07:38:40 telemetry push failed: rpc error: code = Unavailable desc = connection error: desc = "transport: Error while dialing: dial tcp 10.10.1.4:50053: connect: connection refused"
2026/10/04 07:38:43 telemetry push failed: rpc error: code = Unavailable desc = connection error: desc = "transport: Error while dialing: dial tcp 10.10.1.4:50053: connect: connection refused"
2026/10/04 07:38:46 telemetry push failed: rpc error: code = Unavailable desc = connection error: desc = "transport: Error while dialing: dial tcp 10.10.1.4:50053: connect: connection refused"
2026/10/04 07:38:49 telemetry push failed: rpc error: code = Unavailable desc = connection error: desc = "transport: Error while dialing: dial tcp 10.10.1.4:50053: connect: connection refused"
2026/10/04 07:38:52 telemetry push failed: rpc error: code = Unavailable desc = connection error: desc = "transport: Error while dialing: dial tcp 10.10.1.4:50053: connect: connection refused"
2026/10/04 07:38:55 telemetry push failed: rpc error: code = Unavailable desc = connection error: desc = "transport: Error while dialing: dial tcp 10.10.1.4:50053: connect: connection refused"
2026/10/04 07:38:58 telemetry push failed: rpc error: code = Unavailable desc = connection error: desc = "transport: Error while dialing: dial tcp 10.10.1.4:50053: connect: connection refused"
2026/10/04 07:39:01 telemetry push failed: rpc error: code = Unavailable desc = connection error: desc = "transport: Error while dialing: dial tcp 10.10.1.4:50053: connect: connection refused"
2026/10/04 07:39:04 telemetry push failed: rpc error: code = Unavailable desc = connection error: desc = "transport: Error while dialing: dial tcp 10.10.1.4:50053: connect: connection refused"
2026/10/04 07:39:07 telemetry push failed: rpc error: code = Unavailable desc = connection error: desc = "transport: Error while dialing: dial tcp 10.10.1.4:50053: connect: connection refused"
2026/10/04 07:39:10 telemetry push failed: rpc error: code = Unavailable desc = connection error: desc = "transport: Error while dialing: dial tcp 10.10.1.4:50053: connect: connection refused"
2026/10/04 07:39:13 telemetry push failed: rpc error: code = Unavailable desc = connection error: desc = "transport: Error while dialing: dial tcp 10.10.1.4:50053: connect: connection refused"
2026/10/04 07:39:16 telemetry push failed: rpc error: code = Unavailable desc = connection error: desc = "transport: Error while dialing: dial tcp 10.10.1.4:50053: connect: connection refused"
2026/10/04 07:39:19 telemetry push failed: rpc error: code = Unavailable desc = connection error: desc = "transport: Error while dialing: dial tcp 10.10.1.4:50053: connect: connection refused"
2026/10/04 07:39:22 telemetry push failed: rpc error: code = Unavailable desc = connection error: desc = "transport: Error while dialing: dial tcp 10.10.1.4:50053: connect: connection refused"
2026/10/04 07:39:25 telemetry push failed: rpc error: code = Unavailable desc = connection error: desc = "transport: Error while dialing: dial tcp 10.10.1.4:50053: connect: connection refused"
2026/10/04 07:39:28 telemetry push failed: rpc error: code = Unavailable desc = connection error: desc = "transport: Error while dialing: dial tcp 10.10.1.4:50053: connect: connection refused"
2026/10/04 07:39:31 telemetry push failed: rpc error: code = Unavailable desc = connection error: desc = "transport: Error while dialing: dial tcp 10.10.1.4:50053: connect: connection refused"
2026/10/04 07:39:34 telemetry push failed: rpc error: code = Unavailable desc = connection error: desc = "transport: Error while dialing: dial tcp 10.10.1.4:50053: connect: connection refused"
2026/10/04 07:39:37 telemetry push failed: rpc error: code = Unavailable desc = connection error: desc = "transport: Error while dialing: dial tcp 10.10.1.4:50053: connect: connection refused"
2026/10/04 07:39:40 telemetry push failed: rpc error: code = Unavailable desc = connection error: desc = "transport: Error while dialing: dial tcp 10.10.1.4:50053: connect: connection refused"
2026/10/04 07:39:43 telemetry push failed: rpc error: code = Unavailable desc = connection error: desc = "transport: Error while dialing: dial tcp 10.10.1.4:50053: connect: connection refused"
2026/10/04 07:39:46 telemetry push failed: rpc error: code = Unavailable desc = connection error: desc = "transport: Error while dialing: dial tcp 10.10.1.4:50053: connect: connection refused"
2026/10/04 07:39:49 telemetry push failed: rpc error: code = Unavailable desc = connection error: desc = "transport: Error while dialing: dial tcp 10.10.1.4:50053: connect: connection refused"
2026/10/04 07:39:52 telemetry push failed: rpc error: code = Unavailable desc = connection error: desc = "transport: Error while dialing: dial tcp 10.10.1.4:50053: connect: connection refused"
2026/10/04 07:39:55 telemetry push failed: rpc error: code = Unavailable desc = connection error: desc = "transport: Error while dialing: dial tcp 10.10.1.4:50053: connect: connection refused"
2026/10/04 07:39:58 telemetry push failed: rpc error: code = Unavailable desc = connection error: desc = "transport: Error while dialing: dial tcp 10.10.1.4:50053: connect: connection refused"
2026/10/04 07:40:01 telemetry push failed: rpc error: code = Unavailable desc = connection error: desc = "transport: Error while dialing: dial tcp 10.10.1.4:50053: connect: connection refused"
2026/10/04 07:40:04 telemetry push failed: rpc error: code = Unavailable desc = connection error: desc = "transport: Error while dialing: dial tcp 10.10.1.4:50053: connect: connection refused"
2026/10/04 07:40:07 telemetry push failed: rpc error: code = Unavailable desc = connection error: desc = "transport: Error while dialing: dial tcp 10.10.1.4:50053: connect: connection refused"
2026/10/04 07:40:10 telemetry push failed: rpc error: code = Unavailable desc = connection error: desc = "transport: Error while dialing: dial tcp 10.10.1.4:50053: connect: connection refused"
2026/10/04 07:40:13 telemetry push failed: rpc error: code = Unavailable desc = connection error: desc = "transport: Error while dialing: dial tcp 10.10.1.4:50053: connect: connection refused"
2026/10/04 07:40:16 telemetry push failed: rpc error: code = Unavailable desc = connection error: desc = "transport: Error while dialing: dial tcp 10.10.1.4:50053: connect: connection refused"
2026/10/04 07:40:19 telemetry push failed: rpc error: code = Unavailable desc = connection error: desc = "transport: Error while dialing: dial tcp 10.10.1.4:50053: connect: connection refused"
2026/10/04 07:40:22 telemetry push failed: rpc error: code = Unavailable desc = connection error: desc = "transport: Error while dialing: dial tcp 10.10.1.4:50053: connect: connection refused"
2026/10/04 07:40:25 telemetry push failed: rpc error: code = Unavailable desc = connection error: desc = "transport: Error while dialing: dial tcp 10.10.1.4:50053: connect: connection refused"
2026/10/04 07:40:28 telemetry push failed: rpc error: code = Unavailable desc = connection error: desc = "transport: Error while dialing: dial tcp 10.10.1.4:50053: connect: connection refused"
2026/10/04 07:40:31 telemetry push failed: rpc error: code = Unavailable desc = connection error: desc = "transport: Error while dialing: dial tcp 10.10.1.4:50053: connect: connection refused"
2026/10/04 07:40:34 telemetry push failed: rpc error: code = Unavailable desc = connection error: desc = "transport: Error while dialing: dial tcp 10.10.1.4:50053: connect: connection refused"
2026/10/04 07:40:37 telemetry push failed: rpc error: code = Unavailable desc = connection error: desc = "transport: Error while dialing: dial tcp 10.10.1.4:50053: connect: connection refused"
2026/10/04 07:40:40 telemetry push failed: rpc error: code = Unavailable desc = connection error: desc = "transport: Error while dialing: dial tcp 10.10.1.4:50053: connect: connection refused"
2026/10/04 07:40:43 telemetry push failed: rpc error: code = Unavailable desc = connection error: desc = "transport: Error while dialing: dial tcp 10.10.1.4:50053: connect: connection refused"
2026/10/04 07:40:46 telemetry push failed: rpc error: code = Unavailable desc = connection error: desc = "transport: Error while dialing: dial tcp 10.10.1.4:50053: connect: connection refused"
2026/10/04 07:40:49 telemetry push failed: rpc error: code = Unavailable desc = connection error: desc = "transport: Error while dialing: dial tcp 10.10.1.4:50053: connect: connection refused"
2026/10/04 07:40:52 telemetry push failed: rpc error: code = Unavailable desc = connection error: desc = "transport: Error while dialing: dial tcp 10.10.1.4:50053: connect: connection refused"
2026/10/04 07:40:55 telemetry push failed: rpc error: code = Unavailable desc = connection error: desc = "transport: Error while dialing: dial tcp 10.10.1.4:50053: connect: connection refused"
2026/10/04 07:40:58 telemetry push failed: rpc error: code = Unavailable desc = connection error: desc = "transport: Error while dialing: dial tcp 10.10.1.4:50053: connect: connection refused"
2026/10/04 07:41:01 telemetry push failed: rpc error: code = Unavailable desc = connection error: desc = "transport: Error while dialing: dial tcp 10.10.1.4:50053: connect: connection refused"
2026/10/04 07:41:04 telemetry push failed: rpc error: code = Unavailable desc = connection error: desc = "transport: Error while dialing: dial tcp 10.10.1.4:50053: connect: connection refused"
2026/10/04 07:41:07 telemetry push failed: rpc error: code = Unavailable desc = connection error: desc = "transport: Error while dialing: dial tcp 10.10.1.4:50053: connect: connection refused"
2026/10/04 07:41:10 telemetry push failed: rpc error: code = Unavailable desc = connection error: desc = "transport: Error while dialing: dial tcp 10.10.1.4:50053: connect: connection refused"
2026/10/04 07:41:13 telemetry push failed: rpc error: code = Unavailable desc = connection error: desc = "transport: Error while dialing: dial tcp 10.10.1.4:50053: connect: connection refused"
2026/10/04 07:41:16 telemetry push failed: rpc error: code = Unavailable desc = connection error: desc = "transport: Error while dialing: dial tcp 10.10.1.4:50053: connect: connection refused"
2026/10/04 07:41:19 telemetry push failed: rpc error: code = Unavailable desc = connection error: desc = "transport: Error while dialing: dial tcp 10.10.1.4:50053: connect: connection refused"
2026/10/04 07:41:22 telemetry push failed: rpc error: code = Unavailable desc = connection error: desc = "transport: Error while dialing: dial tcp 10.10.1.4:50053: connect: connection refused"
2026/10/04 07:41:25 telemetry push failed: rpc error: code = Unavailable desc = connection error: desc = "transport: Error while dialing: dial tcp 10.10.1.4:50053: connect: connection refused"
2026/10/04 07:41:28 telemetry push failed: rpc error: code = Unavailable desc = connection error: desc = "transport: Error while dialing: dial tcp 10.10.1.4:50053: connect: connection refused"
2026/10/04 07:41:31 telemetry push failed: rpc error: code = Unavailable desc = connection error: desc = "transport: Error while dialing: dial tcp 10.10.1.4:50053: connect: connection refused"
2026/10/04 07:41:34 telemetry push failed: rpc error: code = Unavailable desc = connection error: desc = "transport: Error while dialing: dial tcp 10.10.1.4:50053: connect: connection refused"
2026/10/04 07:41:37 telemetry push failed: rpc error: code = Unavailable desc = connection error: desc = "transport: Error while dialing: dial tcp 10.10.1.4:50053: connect: connection refused"
2026/10/04 07:41:40 telemetry push failed: rpc error: code = Unavailable desc = connection error: desc = "transport: Error while dialing: dial tcp 10.10.1.4:50053: connect: connection refused"
2026/10/04 07:41:43 telemetry push failed: rpc error: code = Unavailable desc = connection error: desc = "transport: Error while dialing: dial tcp 10.10.1.4:50053: connect: connection refused"
2026/10/04 07:41:46 telemetry push failed: rpc error: code = Unavailable desc = connection error: desc = "transport: Error while dialing: dial tcp 10.10.1.4:50053: connect: connection refused"
2026/10/04 07:41:49 telemetry push failed: rpc error: code = Unavailable desc = connection error: desc = "transport: Error while dialing: dial tcp 10.10.1.4:50053: connect: connection refused"
2026/10/04 07:41:52 telemetry push failed: rpc error: code = Unavailable desc = connection error: desc = "transport: Error while dialing: dial tcp 10.10.1.4:50053: connect: connection refused"
2026/10/04 07:41:55 telemetry push failed: rpc error: code = Unavailable desc = connection error: desc = "transport: Error while dialing: dial tcp 10.10.1.4:50053: connect: connection refused"
2026/10/04 07:41:58 telemetry push failed: rpc error: code = Unavailable desc = connection error: desc = "transport: Error while dialing: dial tcp 10.10.1.4:50053: connect: connection refused"
2026/10/04 07:42:01 telemetry push failed: rpc error: code = Unavailable desc = connection error: desc = "transport: Error while dialing: dial tcp 10.10.1.4:50053: connect: connection refused"
2026/10/04 07:42:04 telemetry push failed: rpc error: code = Unavailable desc = connection error: desc = "transport: Error while dialing: dial tcp 10.10.1.4:50053: connect: connection refused"
2026/10/04 07:42:07 telemetry push failed: rpc error: code = Unavailable desc = connection error: desc = "transport: Error while dialing: dial tcp 10.10.1.4:50053: connect: connection refused"
2026/10/04 07:42:10 telemetry push failed: rpc error: code = Unavailable desc = connection error: desc = "transport: Error while dialing: dial tcp 10.10.1.4:50053: connect: connection refused"
2026/10/04 07:42:13 telemetry push failed: rpc error: code = Unavailable desc = connection error: desc = "transport: Error while dialing: dial tcp 10.10.1.4:50053: connect: connection refused"
2026/10/04 07:42:16 telemetry push failed: rpc error: code = Unavailable desc = connection error: desc = "transport: Error while dialing: dial tcp 10.10.1.4:50053: connect: connection refused"
2026/10/04 07:42:19 telemetry push failed: rpc error: code = Unavailable desc = connection error: desc = "transport: Error while dialing: dial tcp 10.10.1.4:50053: connect: connection refused"
2026/10/04 07:42:22 telemetry push failed: rpc error: code = Unavailable desc = connection error: desc = "transport: Error while dialing: dial tcp 10.10.1.4:50053: connect: connection refused"
2026/10/04 07:42:25 telemetry push failed: rpc error: code = Unavailable desc = connection error: desc = "transport: Error while dialing: dial tcp 10.10.1.4:50053: connect: connection refused"
2026/10/04 07:42:28 telemetry push failed: rpc error: code = Unavailable desc = connection error: desc = "transport: Error while dialing: dial tcp 10.10.1.4:50053: connect: connection refused"
2026/10/04 07:42:31 telemetry push failed: rpc error: code = Unavailable desc = connection error: desc = "transport: Error while dialing: dial tcp 10.10.1.4:50053: connect: connection refused"
2026/10/04 07:42:34 telemetry push failed: rpc error: code = Unavailable desc = connection error: desc = "transport: Error while dialing: dial tcp 10.10.1.4:50053: connect: connection refused"
2026/10/04 07:42:37 telemetry push failed: rpc error: code = Unavailable desc = connection error: desc = "transport: Error while dialing: dial tcp 10.10.1.4:50053: connect: connection refused"
2026/10/04 07:42:40 telemetry push failed: rpc error: code = Unavailable desc = connection error: desc = "transport: Error while dialing: dial tcp 10.10.1.4:50053: connect: connection refused"
2026/10/04 07:42:43 telemetry push failed: rpc error: code = Unavailable desc = connection error: desc = "transport: Error while dialing: dial tcp 10.10.1.4:50053: connect: connection refused"
2026/10/04 07:42:46 telemetry push failed: rpc error: code = Unavailable desc = connection error: desc = "transport: Error while dialing: dial tcp 10.10.1.4:50053: connect: connection refused"
2026/10/04 07:42:49 telemetry push failed: rpc error: code = Unavailable desc = connection error: desc = "transport: Error while dialing: dial tcp 10.10.1.4:50053: connect: connection refused"
2026/10/04 07:42:52 telemetry push failed: rpc error: code = Unavailable desc = connection error: desc = "transport: Error while dialing: dial tcp 10.10.1.4:50053: connect: connection refused"
2026/10/04 07:42:55 telemetry push failed: rpc error: code = Unavailable desc = connection error: desc = "transport: Error while dialing: dial tcp 10.10.1.4:50053: connect: connection refused"
2026/10/04 07:42:58 telemetry push failed: rpc error: code = Unavailable desc = connection error: desc = "transport: Error while dialing: dial tcp 10.10.1.4:50053: connect: connection refused"
2026/10/04 07:43:01 telemetry push failed: rpc error: code = Unavailable desc = connection error: desc = "transport: Error while dialing: dial tcp 10.10.1.4:50053: connect: connection refused"
2026/10/04 07:43:04 telemetry push failed: rpc error: code = Unavailable desc = connection error: desc = "transport: Error while dialing: dial tcp 10.10.1.4:50053: connect: connection refused"
2026/10/04 07:43:07 telemetry push failed: rpc error: code = Unavailable desc = connection error: desc = "transport: Error while dialing: dial tcp 10.10.1.4:50053: connect: connection refused"
2026/10/04 07:43:10 telemetry push failed: rpc error: code = Unavailable desc = connection error: desc = "transport: Error while dialing: dial tcp 10.10.1.4:50053: connect: connection refused"
2026/10/04 07:43:13 telemetry push failed: rpc error: code = Unavailable desc = connection error: desc = "transport: Error while dialing: dial tcp 10.10.1.4:50053: connect: connection refused"
2026/10/04 07:43:16 telemetry push failed: rpc error: code = Unavailable desc = connection error: desc = "transport: Error while dialing: dial tcp 10.10.1.4:50053: connect: connection refused"
2026/10/04 07:43:19 telemetry push failed: rpc error: code = Unavailable desc = connection error: desc = "transport: Error while dialing: dial tcp 10.10.1.4:50053: connect: connection refused"
2026/10/04 07:43:22 telemetry push failed: rpc error: code = Unavailable desc = connection error: desc = "transport: Error while dialing: dial tcp 10.10.1.4:50053: connect: connection refused"
2026/10/04 07:43:25 telemetry push failed: rpc error: code = Unavailable desc = connection error: desc = "transport: Error while dialing: dial tcp 10.10.1.4:50053: connect: connection refused"
2026/10/04 07:43:28 telemetry push failed: rpc error: code = Unavailable desc = connection error: desc = "transport: Error while dialing: dial tcp 10.10.1.4:50053: connect: connection refused"
2026/10/04 07:43:31 telemetry push failed: rpc error: code = Unavailable desc = connection error: desc = "transport: Error while dialing: dial tcp 10.10.1.4:50053: connect: connection refused"
2026/10/04 07:43:34 telemetry push failed: rpc error: code = Unavailable desc = connection error: desc = "transport: Error while dialing: dial tcp 10.10.1.4:50053: connect: connection refused"
2026/10/04 07:43:37 telemetry push failed: rpc error: code = Unavailable desc = connection error: desc = "transport: Error while dialing: dial tcp 10.10.1.4:50053: connect: connection refused"
2026/10/04 07:43:40 telemetry push failed: rpc error: code = Unavailable desc = connection error: desc = "transport: Error while dialing: dial tcp 10.10.1.4:50053: connect: connection refused"
2026/10/04 07:43:43 telemetry push failed: rpc error: code = Unavailable desc = connection error: desc = "transport: Error while dialing: dial tcp 10.10.1.4:50053: connect: connection refused"
2026/10/04 07:43:46 telemetry push failed: rpc error: code = Unavailable desc = connection error: desc = "transport: Error while dialing: dial tcp 10.10.1.4:50053: connect: connection refused"
2026/10/04 07:43:49 telemetry push failed: rpc error: code = Unavailable desc = connection error: desc = "transport: Error while dialing: dial tcp 10.10.1.4:50053: connect: connection refused"
2026/10/04 07:43:52 telemetry push failed: rpc error: code = Unavailable desc = connection error: desc = "transport: Error while dialing: dial tcp 10.10.1.4:50053: connect: connection refused"
2026/10/04 07:43:55 telemetry push failed: rpc error: code = Unavailable desc = connection error: desc = "transport: Error while dialing: dial tcp 10.10.1.4:50053: connect: connection refused"
2026/10/04 07:43:58 telemetry push failed: rpc error: code = Unavailable desc = connection error: desc = "transport: Error while dialing: dial tcp 10.10.1.4:50053: connect: connection refused"
2026/10/04 07:44:01 telemetry push failed: rpc error: code = Unavailable desc = connection error: desc = "transport: Error while dialing: dial tcp 10.10.1.4:50053: connect: connection refused"
2026/10/04 07:44:04 telemetry push failed: rpc error: code = Unavailable desc = connection error: desc = "transport: Error while dialing: dial tcp 10.10.1.4:50053: connect: connection refused"
2026/10/04 07:44:07 telemetry push failed: rpc error: code = Unavailable desc = connection error: desc = "transport: Error while dialing: dial tcp 10.10.1.4:50053: connect: connection refused"
2026/10/04 07:44:10 telemetry push failed: rpc error: code = Unavailable desc = connection error: desc = "transport: Error while dialing: dial tcp 10.10.1.4:50053: connect: connection refused"
2026/10/04 07:44:13 telemetry push failed: rpc error: code = Unavailable desc = connection error: desc = "transport: Error while dialing: dial tcp 10.10.1.4:50053: connect: connection refused"
2026/10/04 07:44:16 telemetry push failed: rpc error: code = Unavailable desc = connection error: desc = "transport: Error while dialing: dial tcp 10.10.1.4:50053: connect: connection refused"
2026/10/04 07:44:19 telemetry push failed: rpc error: code = Unavailable desc = connection error: desc = "transport: Error while dialing: dial tcp 10.10.1.4:50053: connect: connection refused"
2026/10/04 07:44:22 telemetry push failed: rpc error: code = Unavailable desc = connection error: desc = "transport: Error while dialing: dial tcp 10.10.1.4:50053: connect: connection refused"
2026/10/04 07:44:25 telemetry push failed: rpc error: code = Unavailable desc = connection error: desc = "transport: Error while dialing: dial tcp 10.10.1.4:50053: connect: connection refused"
2026/10/04 07:44:28 telemetry push failed: rpc error: code = Unavailable desc = connection error: desc = "transport: Error while dialing: dial tcp 10.10.1.4:50053: connect: connection refused"
2026/10/04 07:44:31 telemetry push failed: rpc error: code = Unavailable desc = connection error: desc = "transport: Error while dialing: dial tcp 10.10.1.4:50053: connect: connection refused"
2026/10/04 07:44:34 telemetry push failed: rpc error: code = Unavailable desc = connection error: desc = "transport: Error while dialing: dial tcp 10.10.1.4:50053: connect: connection refused"
2026/10/04 07:44:37 telemetry push failed: rpc error: code = Unavailable desc = connection error: desc = "transport: Error while dialing: dial tcp 10.10.1.4:50053: connect: connection refused"
2026/10/04 07:44:40 telemetry push failed: rpc error: code = Unavailable desc = connection error: desc = "transport: Error while dialing: dial tcp 10.10.1.4:50053: connect: connection refused"
2026/10/04 07:44:43 telemetry push failed: rpc error: code = Unavailable desc = connection error: desc = "transport: Error while dialing: dial tcp 10.10.1.4:50053: connect: connection refused"
2026/10/04 07:44:46 telemetry push failed: rpc error: code = Unavailable desc = connection error: desc = "transport: Error while dialing: dial tcp 10.10.1.4:50053: connect: connection refused"
2026/10/04 07:44:49 telemetry push failed: rpc error: code = Unavailable desc = connection error: desc = "transport: Error while dialing: dial tcp 10.10.1.4:50053: connect: connection refused"
2026/10/04 07:44:52 telemetry push failed: rpc error: code = Unavailable desc = connection error: desc = "transport: Error while dialing: dial tcp 10.10.1.4:50053: connect: connection refused"
2026/10/04 07:44:55 telemetry push failed: rpc error: code = Unavailable desc = connection error: desc = "transport: Error while dialing: dial tcp 10.10.1.4:50053: connect: connection refused"
2026/10/04 07:44:58 telemetry push failed: rpc error: code = Unavailable desc = connection error: desc = "transport: Error while dialing: dial tcp 10.10.1.4:50053: connect: connection refused"
2026/10/04 07:45:01 telemetry push failed: rpc error: code = Unavailable desc = connection error: desc = "transport: Error while dialing: dial tcp 10.10.1.4:50053: connect: connection refused"
2026/10/04 07:45:04 telemetry push failed: rpc error: code = Unavailable desc = connection error: desc = "transport: Error while dialing: dial tcp 10.10.1.4:50053: connect: connection refused"
2026/10/04 07:45:07 telemetry push failed: rpc error: code = Unavailable desc = connection error: desc = "transport: Error while dialing: dial tcp 10.10.1.4:50053: connect: connection refused"
2026/10/04 07:45:10 telemetry push failed: rpc error: code = Unavailable desc = connection error: desc = "transport: Error while dialing: dial tcp 10.10.1.4:50053: connect: connection refused"
2026/10/04 07:45:13 telemetry push failed: rpc error: code = Unavailable desc = connection error: desc = "transport: Error while dialing: dial tcp 10.10.1.4:50053: connect: connection refused"
2026/10/04 07:45:16 telemetry push failed: rpc error: code = Unavailable desc = connection error: desc = "transport: Error while dialing: dial tcp 10.10.1.4:50053: connect: connection refused"
2026/10/04 07:45:19 telemetry push failed: rpc error: code = Unavailable desc = connection error: desc = "transport: Error while dialing: dial tcp 10.10.1.4:50053: connect: connection refused"
2026/10/04 07:45:22 telemetry push failed: rpc error: code = Unavailable desc = connection error: desc = "transport: Error while dialing: dial tcp 10.10.1.4:50053: connect: connection refused"
2026/10/04 07:45:25 telemetry push failed: rpc error: code = Unavailable desc = connection error: desc = "transport: Error while dialing: dial tcp 10.10.1.4:50053: connect: connection refused"
2026/10/04 07:45:28 telemetry push failed: rpc error: code = Unavailable desc = connection error: desc = "transport: Error while dialing: dial tcp 10.10.1.4:50053: connect: connection refused"
2026/10/04 07:45:31 telemetry push failed: rpc error: code = Unavailable desc = connection error: desc = "transport: Error while dialing: dial tcp 10.10.1.4:50053: connect: connection refused"
2026/10/04 07:45:34 telemetry push failed: rpc error: code = Unavailable desc = connection error: desc = "transport: Error while dialing: dial tcp 10.10.1.4:50053: connect: connection refused"
2026/10/04 07:45:37 telemetry push failed: rpc error: code = Unavailable desc = connection error: desc = "transport: Error while dialing: dial tcp 10.10.1.4:50053: connect: connection refused"
2026/10/04 07:45:40 telemetry push failed: rpc error: code = Unavailable desc = connection error: desc = "transport: Error while dialing: dial tcp 10.10.1.4:50053: connect: connection refused"
2026/10/04 07:45:43 telemetry push failed: rpc error: code = Unavailable desc = connection error: desc = "transport: Error while dialing: dial tcp 10.10.1.4:50053: connect: connection refused"
2026/10/04 07:45:46 telemetry push failed: rpc error: code = Unavailable desc = connection error: desc = "transport: Error while dialing: dial tcp 10.10.1.4:50053: connect: connection refused"
2026/10/04 07:45:49 telemetry push failed: rpc error: code = Unavailable desc = connection error: desc = "transport: Error while dialing: dial tcp 10.10.1.4:50053: connect: connection refused"
2026/10/04 07:45:52 telemetry push failed: rpc error: code = Unavailable desc = connection error: desc = "transport: Error while dialing: dial tcp 10.10.1.4:50053: connect: connection refused"
2026/10/04 07:45:55 telemetry push failed: rpc error: code = Unavailable desc = connection error: desc = "transport: Error while dialing: dial tcp 10.10.1.4:50053: connect: connection refused"
2026/10/04 07:45:58 telemetry push failed: rpc error: code = Unavailable desc = connection error: desc = "transport: Error while dialing: dial tcp 10.10.1.4:50053: connect: connection refused"
2026/10/04 07:46:01 telemetry push failed: rpc error: code = Unavailable desc = connection error: desc = "transport: Error while dialing: dial tcp 10.10.1.4:50053: connect: connection refused"
2026/10/04 07:46:04 telemetry push failed: rpc error: code = Unavailable desc = connection error: desc = "transport: Error while dialing: dial tcp 10.10.1.4:50053: connect: connection refused"
2026/10/04 07:46:07 telemetry push failed: rpc error: code = Unavailable desc = connection error: desc = "transport: Error while dialing: dial tcp 10.10.1.4:50053: connect: connection refused"
2026/10/04 07:46:10 telemetry push failed: rpc error: code = Unavailable desc = connection error: desc = "transport: Error while dialing: dial tcp 10.10.1.4:50053: connect: connection refused"
2026/10/04 07:46:13 telemetry push failed: rpc error: code = Unavailable desc = connection error: desc = "transport: Error while dialing: dial tcp 10.10.1.4:50053: connect: connection refused"
2026/10/04 07:46:16 telemetry push failed: rpc error: code = Unavailable desc = connection error: desc = "transport: Error while dialing: dial tcp 10.10.1.4:50053: connect: connection refused"
2026/10/04 07:46:19 telemetry push failed: rpc error: code = Unavailable desc = connection error: desc = "transport: Error while dialing: dial tcp 10.10.1.4:50053: connect: connection refused"
2026/10/04 07:46:22 telemetry push failed: rpc error: code = Unavailable desc = connection error: desc = "transport: Error while dialing: dial tcp 10.10.1.4:50053: connect: connection refused"
2026/10/04 07:46:25 telemetry push failed: rpc error: code = Unavailable desc = connection error: desc = "transport: Error while dialing: dial tcp 10.10.1.4:50053: connect: connection refused"
2026/10/04 07:46:28 telemetry push failed: rpc error: code = Unavailable desc = connection error: desc = "transport: Error while dialing: dial tcp 10.10.1.4:50053: connect: connection refused"
2026/10/04 07:46:31 telemetry push failed: rpc error: code = Unavailable desc = connection error: desc = "transport: Error while dialing: dial tcp 10.10.1.4:50053: connect: connection refused"
2026/10/04 07:46:34 telemetry push failed: rpc error: code = Unavailable desc = connection error: desc = "transport: Error while dialing: dial tcp 10.10.1.4:50053: connect: connection refused"
2026/10/04 07:46:37 telemetry push failed: rpc error: code = Unavailable desc = connection error: desc = "transport: Error while dialing: dial tcp 10.10.1.4:50053: connect: connection refused"
2026/10/04 07:46:40 telemetry push failed: rpc error: code = Unavailable desc = connection error: desc = "transport: Error while dialing: dial tcp 10.10.1.4:50053: connect: connection refused"
2026/10/04 07:46:43 telemetry push failed: rpc error: code = Unavailable desc = connection error: desc = "transport: Error while dialing: dial tcp 10.10.1.4:50053: connect: connection refused"
2026/10/04 07:46:46 telemetry push failed: rpc error: code = Unavailable desc = connection error: desc = "transport: Error while dialing: dial tcp 10.10.1.4:50053: connect: connection refused"
2026/10/04 07:46:49 telemetry push failed: rpc error: code = Unavailable desc = connection error: desc = "transport: Error while dialing: dial tcp 10.10.1.4:50053: connect: connection refused"
2026/10/04 07:46:52 telemetry push failed: rpc error: code = Unavailable desc = connection error: desc = "transport: Error while dialing: dial tcp 10.10.1.4:50053: connect: connection refused"
2026/10/04 07:46:55 telemetry push failed: rpc error: code = Unavailable desc = connection error: desc = "transport: Error while dialing: dial tcp 10.10.1.4:50053: connect: connection refused"
2026/10/04 07:46:58 telemetry push failed: rpc error: code = Unavailable desc = connection error: desc = "transport: Error while dialing: dial tcp 10.10.1.4:50053: connect: connection refused"
2026/10/04 07:47:01 telemetry push failed: rpc error: code = Unavailable desc = connection error: desc = "transport: Error while dialing: dial tcp 10.10.1.4:50053: connect: connection refused"
2026/10/04 07:47:04 telemetry push failed: rpc error: code = Unavailable desc = connection error: desc = "transport: Error while dialing: dial tcp 10.10.1.4:50053: connect: connection refused"
2026/10/04 07:47:07 telemetry push failed: rpc error: code = Unavailable desc = connection error: desc = "transport: Error while dialing: dial tcp 10.10.1.4:50053: connect: connection refused"
2026/10/04 07:47:10 telemetry push failed: rpc error: code = Unavailable desc = connection error: desc = "transport: Error while dialing: dial tcp 10.10.1.4:50053: connect: connection refused"
2026/10/04 07:47:13 telemetry push failed: rpc error: code = Unavailable desc = connection error: desc = "transport: Error while dialing: dial tcp 10.10.1.4:50053: connect: connection refused"
2026/10/04 07:47:16 telemetry push failed: rpc error: code = Unavailable desc = connection error: desc = "transport: Error while dialing: dial tcp 10.10.1.4:50053: connect: connection refused"
2026/10/04 07:47:19 telemetry push failed: rpc error: code = Unavailable desc = connection error: desc = "transport: Error while dialing: dial tcp 10.10.1.4:50053: connect: connection refused"
2026/10/04 07:47:22 telemetry push failed: rpc error: code = Unavailable desc = connection error: desc = "transport: Error while dialing: dial tcp 10.10.1.4:50053: connect: connection refused"
2026/10/04 07:47:25 telemetry push failed: rpc error: code = Unavailable desc = connection error: desc = "transport: Error while dialing: dial tcp 10.10.1.4:50053: connect: connection refused"
2026/10/04 07:47:28 telemetry push failed: rpc error: code = Unavailable desc = connection error: desc = "transport: Error while dialing: dial tcp 10.10.1.4:50053: connect: connection refused"
2026/10/04 07:47:31 telemetry push failed: rpc error: code = Unavailable desc = connection error: desc = "transport: Error while dialing: dial tcp 10.10.1.4:50053: connect: connection refused"
2026/10/04 07:47:34 telemetry push failed: rpc error: code = Unavailable desc = connection error: desc = "transport: Error while dialing: dial tcp 10.10.1.4:50053: connect: connection refused"
2026/10/04 07:47:37 telemetry push failed: rpc error: code = Unavailable desc = connection error: desc = "transport: Error while dialing: dial tcp 10.10.1.4:50053: connect: connection refused"
2026/10/04 07:47:40 telemetry push failed: rpc error: code = Unavailable desc = connection error: desc = "transport: Error while dialing: dial tcp 10.10.1.4:50053: connect: connection refused"
2026/10/04 07:47:43 telemetry push failed: rpc error: code = Unavailable desc = connection error: desc = "transport: Error while dialing: dial tcp 10.10.1.4:50053: connect: connection refused"
2026/10/04 07:47:46 telemetry push failed: rpc error: code = Unavailable desc = connection error: desc = "transport: Error while dialing: dial tcp 10.10.1.4:50053: connect: connection refused"
2026/10/04 07:47:49 telemetry push failed: rpc error: code = Unavailable desc = connection error: desc = "transport: Error while dialing: dial tcp 10.10.1.4:50053: connect: connection refused"
2026/10/04 07:47:52 telemetry push failed: rpc error: code = Unavailable desc = connection error: desc = "transport: Error while dialing: dial tcp 10.10.1.4:50053: connect: connection refused"
2026/10/04 07:47:55 telemetry push failed: rpc error: code = Unavailable desc = connection error: desc = "transport: Error while dialing: dial tcp 10.10.1.4:50053: connect: connection refused"
2026/10/04 07:47:58 telemetry push failed: rpc error: code = Unavailable desc = connection error: desc = "transport: Error while dialing: dial tcp 10.10.1.4:50053: connect: connection refused"
2026/10/04 07:48:01 telemetry push failed: rpc error: code = Unavailable desc = connection error: desc = "transport: Error while dialing: dial tcp 10.10.1.4:50053: connect: connection refused"
2026/10/04 07:48:04 telemetry push failed: rpc error: code = Unavailable desc = connection error: desc = "transport: Error while dialing: dial tcp 10.10.1.4:50053: connect: connection refused"
2026/10/04 07:48:07 telemetry push failed: rpc error: code = Unavailable desc = connection error: desc = "transport: Error while dialing: dial tcp 10.10.1.4:50053: connect: connection refused"
2026/10/04 07:48:10 telemetry push failed: rpc error: code = Unavailable desc = connection error: desc = "transport: Error while dialing: dial tcp 10.10.1.4:50053: connect: connection refused"
2026/10/04 07:48:13 telemetry push failed: rpc error: code = Unavailable desc = connection error: desc = "transport: Error while dialing: dial tcp 10.10.1.4:50053: connect: connection refused"
2026/10/04 07:48:16 telemetry push failed: rpc error: code = Unavailable desc = connection error: desc = "transport: Error while dialing: dial tcp 10.10.1.4:50053: connect: connection refused"
2026/10/04 07:48:19 telemetry push failed: rpc error: code = Unavailable desc = connection error: desc = "transport: Error while dialing: dial tcp 10.10.1.4:50053: connect: connection refused"
2026/10/04 07:48:22 telemetry push failed: rpc error: code = Unavailable desc = connection error: desc = "transport: Error while dialing: dial tcp 10.10.1.4:50053: connect: connection refused"
2026/10/04 07:48:25 telemetry push failed: rpc error: code = Unavailable desc = connection error: desc = "transport: Error while dialing: dial tcp 10.10.1.4:50053: connect: connection refused"
2026/10/04 07:48:28 telemetry push failed: rpc error: code = Unavailable desc = connection error: desc = "transport: Error while dialing: dial tcp 10.10.1.4:50053: connect: connection refused"
2026/10/04 07:48:31 worker 10.10.1.5:50051 ready=false
2026/10/04 07:48:31 telemetry push failed: rpc error: code = Unavailable desc = connection error: desc = "transport: Error while dialing: dial tcp 10.10.1.4:50053: connect: connection refused"
2026/10/04 07:48:32 worker 10.10.1.5:50051 ready=true
2026/10/04 07:48:34 telemetry push failed: rpc error: code = Unavailable desc = connection error: desc = "transport: Error while dialing: dial tcp 10.10.1.4:50053: connect: connection refused"
2026/10/04 07:48:37 telemetry push failed: rpc error: code = Unavailable desc = connection error: desc = "transport: Error while dialing: dial tcp 10.10.1.4:50053: connect: connection refused"
2026/10/04 07:48:40 telemetry push failed: rpc error: code = Unavailable desc = connection error: desc = "transport: Error while dialing: dial tcp 10.10.1.4:50053: connect: connection refused"
2026/10/04 07:48:43 telemetry push failed: rpc error: code = Unavailable desc = connection error: desc = "transport: Error while dialing: dial tcp 10.10.1.4:50053: connect: connection refused"
2026/10/04 07:48:46 telemetry push failed: rpc error: code = Unavailable desc = connection error: desc = "transport: Error while dialing: dial tcp 10.10.1.4:50053: connect: connection refused"
2026/10/04 07:48:49 telemetry push failed: rpc error: code = Unavailable desc = connection error: desc = "transport: Error while dialing: dial tcp 10.10.1.4:50053: connect: connection refused"
2026/10/04 07:48:52 telemetry push failed: rpc error: code = Unavailable desc = connection error: desc = "transport: Error while dialing: dial tcp 10.10.1.4:50053: connect: connection refused"
2026/10/04 07:48:55 telemetry push failed: rpc error: code = Unavailable desc = connection error: desc = "transport: Error while dialing: dial tcp 10.10.1.4:50053: connect: connection refused"
2026/10/04 07:48:58 telemetry push failed: rpc error: code = Unavailable desc = connection error: desc = "transport: Error while dialing: dial tcp 10.10.1.4:50053: connect: connection refused"
2026/10/04 07:49:01 telemetry push failed: rpc error: code = Unavailable desc = connection error: desc = "transport: Error while dialing: dial tcp 10.10.1.4:50053: connect: connection refused"
2026/10/04 07:49:04 telemetry push failed: rpc error: code = Unavailable desc = connection error: desc = "transport: Error while dialing: dial tcp 10.10.1.4:50053: connect: connection refused"
2026/10/04 07:49:07 telemetry push failed: rpc error: code = Unavailable desc = connection error: desc = "transport: Error while dialing: dial tcp 10.10.1.4:50053: connect: connection refused"
2026/10/04 07:49:10 telemetry push failed: rpc error: code = Unavailable desc = connection error: desc = "transport: Error while dialing: dial tcp 10.10.1.4:50053: connect: connection refused"
2026/10/04 07:49:13 telemetry push failed: rpc error: code = Unavailable desc = connection error: desc = "transport: Error while dialing: dial tcp 10.10.1.4:50053: connect: connection refused"
2026/10/04 07:49:16 telemetry push failed: rpc error: code = Unavailable desc = connection error: desc = "transport: Error while dialing: dial tcp 10.10.1.4:50053: connect: connection refused"
2026/10/04 07:49:19 telemetry push failed: rpc error: code = Unavailable desc = connection error: desc = "transport: Error while dialing: dial tcp 10.10.1.4:50053: connect: connection refused"
2026/10/04 07:49:22 telemetry push failed: rpc error: code = Unavailable desc = connection error: desc = "transport: Error while dialing: dial tcp 10.10.1.4:50053: connect: connection refused"
2026/10/04 07:49:25 telemetry push failed: rpc error: code = Unavailable desc = connection error: desc = "transport: Error while dialing: dial tcp 10.10.1.4:50053: connect: connection refused"
2026/10/04 07:49:28 telemetry push failed: rpc error: code = Unavailable desc = connection error: desc = "transport: Error while dialing: dial tcp 10.10.1.4:50053: connect: connection refused"
2026/10/04 07:49:31 telemetry push failed: rpc error: code = Unavailable desc = connection error: desc = "transport: Error while dialing: dial tcp 10.10.1.4:50053: connect: connection refused"
2026/10/04 07:49:34 telemetry push failed: rpc error: code = Unavailable desc = connection error: desc = "transport: Error while dialing: dial tcp 10.10.1.4:50053: connect: connection refused"
2026/10/04 07:49:37 telemetry push failed: rpc error: code = Unavailable desc = connection error: desc = "transport: Error while dialing: dial tcp 10.10.1.4:50053: connect: connection refused"
2026/10/04 07:49:40 telemetry push failed: rpc error: code = Unavailable desc = connection error: desc = "transport: Error while dialing: dial tcp 10.10.1.4:50053: connect: connection refused"
2026/10/04 07:49:43 telemetry push failed: rpc error: code = Unavailable desc = connection error: desc = "transport: Error while dialing: dial tcp 10.10.1.4:50053: connect: connection refused"
2026/10/04 07:49:46 telemetry push failed: rpc error: code = Unavailable desc = connection error: desc = "transport: Error while dialing: dial tcp 10.10.1.4:50053: connect: connection refused"
2026/10/04 07:49:49 telemetry push failed: rpc error: code = Unavailable desc = connection error: desc = "transport: Error while dialing: dial tcp 10.10.1.4:50053: connect: connection refused"
2026/10/04 07:49:52 telemetry push failed: rpc error: code = Unavailable desc = connection error: desc = "transport: Error while dialing: dial tcp 10.10.1.4:50053: connect: connection refused"
2026/10/04 07:49:55 telemetry push failed: rpc error: code = Unavailable desc = connection error: desc = "transport: Error while dialing: dial tcp 10.10.1.4:50053: connect: connection refused"
2026/10/04 07:49:58 telemetry push failed: rpc error: code = Unavailable desc = connection error: desc = "transport: Error while dialing: dial tcp 10.10.1.4:50053: connect: connection refused"
2026/10/04 07:50:01 telemetry push failed: rpc error: code = Unavailable desc = connection error: desc = "transport: Error while dialing: dial tcp 10.10.1.4:50053: connect: connection refused"
2026/10/04 07:50:04 telemetry push failed: rpc error: code = Unavailable desc = connection error: desc = "transport: Error while dialing: dial tcp 10.10.1.4:50053: connect: connection refused"
2026/10/04 07:50:07 telemetry push failed: rpc error: code = Unavailable desc = connection error: desc = "transport: Error while dialing: dial tcp 10.10.1.4:50053: connect: connection refused"
2026/10/04 07:50:10 telemetry push failed: rpc error: code = Unavailable desc = connection error: desc = "transport: Error while dialing: dial tcp 10.10.1.4:50053: connect: connection refused"
2026/10/04 07:50:13 telemetry push failed: rpc error: code = Unavailable desc = connection error: desc = "transport: Error while dialing: dial tcp 10.10.1.4:50053: connect: connection refused"
2026/10/04 07:50:16 telemetry push failed: rpc error: code = Unavailable desc = connection error: desc = "transport: Error while dialing: dial tcp 10.10.1.4:50053: connect: connection refused"
2026/10/04 07:50:19 telemetry push failed: rpc error: code = Unavailable desc = connection error: desc = "transport: Error while dialing: dial tcp 10.10.1.4:50053: connect: connection refused"
2026/10/04 07:50:22 telemetry push failed: rpc error: code = Unavailable desc = connection error: desc = "transport: Error while dialing: dial tcp 10.10.1.4:50053: connect: connection refused"
2026/10/04 07:50:25 telemetry push failed: rpc error: code = Unavailable desc = connection error: desc = "transport: Error while dialing: dial tcp 10.10.1.4:50053: connect: connection refused"
2026/10/04 07:50:28 telemetry push failed: rpc error: code = Unavailable desc = connection error: desc = "transport: Error while dialing: dial tcp 10.10.1.4:50053: connect: connection refused"
2026/10/04 07:50:31 telemetry push failed: rpc error: code = Unavailable desc = connection error: desc = "transport: Error while dialing: dial tcp 10.10.1.4:50053: connect: connection refused"
2026/10/04 07:50:34 telemetry push failed: rpc error: code = Unavailable desc = connection error: desc = "transport: Error while dialing: dial tcp 10.10.1.4:50053: connect: connection refused"
2026/10/04 07:50:37 telemetry push failed: rpc error: code = Unavailable desc = connection error: desc = "transport: Error while dialing: dial tcp 10.10.1.4:50053: connect: connection refused"
2026/10/04 07:50:40 telemetry push failed: rpc error: code = Unavailable desc = connection error: desc = "transport: Error while dialing: dial tcp 10.10.1.4:50053: connect: connection refused"
2026/10/04 07:50:43 telemetry push failed: rpc error: code = Unavailable desc = connection error: desc = "transport: Error while dialing: dial tcp 10.10.1.4:50053: connect: connection refused"
2026/10/04 07:50:46 telemetry push failed: rpc error: code = Unavailable desc = connection error: desc = "transport: Error while dialing: dial tcp 10.10.1.4:50053: connect: connection refused"
2026/10/04 07:50:49 telemetry push failed: rpc error: code = Unavailable desc = connection error: desc = "transport: Error while dialing: dial tcp 10.10.1.4:50053: connect: connection refused"
2026/10/04 07:50:52 telemetry push failed: rpc error: code = Unavailable desc = connection error: desc = "transport: Error while dialing: dial tcp 10.10.1.4:50053: connect: connection refused"
2026/10/04 07:50:55 telemetry push failed: rpc error: code = Unavailable desc = connection error: desc = "transport: Error while dialing: dial tcp 10.10.1.4:50053: connect: connection refused"
2026/10/04 07:50:58 telemetry push failed: rpc error: code = Unavailable desc = connection error: desc = "transport: Error while dialing: dial tcp 10.10.1.4:50053: connect: connection refused"
2026/10/04 07:51:01 telemetry push failed: rpc error: code = Unavailable desc = connection error: desc = "transport: Error while dialing: dial tcp 10.10.1.4:50053: connect: connection refused"
2026/10/04 07:51:04 telemetry push failed: rpc error: code = Unavailable desc = connection error: desc = "transport: Error while dialing: dial tcp 10.10.1.4:50053: connect: connection refused"
2026/10/04 07:51:07 telemetry push failed: rpc error: code = Unavailable desc = connection error: desc = "transport: Error while dialing: dial tcp 10.10.1.4:50053: connect: connection refused"
2026/10/04 07:51:10 telemetry push failed: rpc error: code = Unavailable desc = connection error: desc = "transport: Error while dialing: dial tcp 10.10.1.4:50053: connect: connection refused"
2026/10/04 07:51:13 telemetry push failed: rpc error: code = Unavailable desc = connection error: desc = "transport: Error while dialing: dial tcp 10.10.1.4:50053: connect: connection refused"
2026/10/04 07:51:16 telemetry push failed: rpc error: code = Unavailable desc = connection error: desc = "transport: Error while dialing: dial tcp 10.10.1.4:50053: connect: connection refused"
2026/10/04 07:51:19 telemetry push failed: rpc error: code = Unavailable desc = connection error: desc = "transport: Error while dialing: dial tcp 10.10.1.4:50053: connect: connection refused"
2026/10/04 07:51:22 telemetry push failed: rpc error: code = Unavailable desc = connection error: desc = "transport: Error while dialing: dial tcp 10.10.1.4:50053: connect: connection refused"
2026/10/04 07:51:25 telemetry push failed: rpc error: code = Unavailable desc = connection error: desc = "transport: Error while dialing: dial tcp 10.10.1.4:50053: connect: connection refused"
2026/10/04 07:51:28 telemetry push failed: rpc error: code = Unavailable desc = connection error: desc = "transport: Error while dialing: dial tcp 10.10.1.4:50053: connect: connection refused"
2026/10/04 07:51:31 telemetry push failed: rpc error: code = Unavailable desc = connection error: desc = "transport: Error while dialing: dial tcp 10.10.1.4:50053: connect: connection refused"
2026/10/04 07:51:34 telemetry push failed: rpc error: code = Unavailable desc = connection error: desc = "transport: Error while dialing: dial tcp 10.10.1.4:50053: connect: connection refused"
2026/10/04 07:51:37 telemetry push failed: rpc error: code = Unavailable desc = connection error: desc = "transport: Error while dialing: dial tcp 10.10.1.4:50053: connect: connection refused"
2026/10/04 07:51:40 telemetry push failed: rpc error: code = Unavailable desc = connection error: desc = "transport: Error while dialing: dial tcp 10.10.1.4:50053: connect: connection refused"
2026/10/04 07:51:43 telemetry push failed: rpc error: code = Unavailable desc = connection error: desc = "transport: Error while dialing: dial tcp 10.10.1.4:50053: connect: connection refused"
2026/10/04 07:51:46 telemetry push failed: rpc error: code = Unavailable desc = connection error: desc = "transport: Error while dialing: dial tcp 10.10.1.4:50053: connect: connection refused"
2026/10/04 07:51:49 telemetry push failed: rpc error: code = Unavailable desc = connection error: desc = "transport: Error while dialing: dial tcp 10.10.1.4:50053: connect: connection refused"
2026/10/04 07:51:52 telemetry push failed: rpc error: code = Unavailable desc = connection error: desc = "transport: Error while dialing: dial tcp 10.10.1.4:50053: connect: connection refused"
2026/10/04 07:51:55 telemetry push failed: rpc error: code = Unavailable desc = connection error: desc = "transport: Error while dialing: dial tcp 10.10.1.4:50053: connect: connection refused"
2026/10/04 07:51:58 telemetry push failed: rpc error: code = Unavailable desc = connection error: desc = "transport: Error while dialing: dial tcp 10.10.1.4:50053: connect: connection refused"
2026/10/04 07:52:01 telemetry push failed: rpc error: code = Unavailable desc = connection error: desc = "transport: Error while dialing: dial tcp 10.10.1.4:50053: connect: connection refused"
2026/10/04 07:52:04 telemetry push failed: rpc error: code = Unavailable desc = connection error: desc = "transport: Error while dialing: dial tcp 10.10.1.4:50053: connect: connection refused"
2026/10/04 07:52:07 telemetry push failed: rpc error: code = Unavailable desc = connection error: desc = "transport: Error while dialing: dial tcp 10.10.1.4:50053: connect: connection refused"
2026/10/04 07:52:10 telemetry push failed: rpc error: code = Unavailable desc = connection error: desc = "transport: Error while dialing: dial tcp 10.10.1.4:50053: connect: connection refused"
2026/10/04 07:52:13 telemetry push failed: rpc error: code = Unavailable desc = connection error: desc = "transport: Error while dialing: dial tcp 10.10.1.4:50053: connect: connection refused"
2026/10/04 07:52:17 telemetry push failed: rpc error: code = Unavailable desc = connection error: desc = "transport: Error while dialing: dial tcp 10.10.1.4:50053: connect: connection refused"
2026/10/04 07:52:20 telemetry push failed: rpc error: code = Unavailable desc = connection error: desc = "transport: Error while dialing: dial tcp 10.10.1.4:50053: connect: connection refused"
2026/10/04 07:52:23 telemetry push failed: rpc error: code = Unavailable desc = connection error: desc = "transport: Error while dialing: dial tcp 10.10.1.4:50053: connect: connection refused"
2026/10/04 07:52:26 telemetry push failed: rpc error: code = Unavailable desc = connection error: desc = "transport: Error while dialing: dial tcp 10.10.1.4:50053: connect: connection refused"
2026/10/04 07:52:29 telemetry push failed: rpc error: code = Unavailable desc = connection error: desc = "transport: Error while dialing: dial tcp 10.10.1.4:50053: connect: connection refused"
2026/10/04 07:52:32 telemetry push failed: rpc error: code = Unavailable desc = connection error: desc = "transport: Error while dialing: dial tcp 10.10.1.4:50053: connect: connection refused"
2026/10/04 07:52:35 telemetry push failed: rpc error: code = Unavailable desc = connection error: desc = "transport: Error while dialing: dial tcp 10.10.1.4:50053: connect: connection refused"
2026/10/04 07:52:38 telemetry push failed: rpc error: code = Unavailable desc = connection error: desc = "transport: Error while dialing: dial tcp 10.10.1.4:50053: connect: connection refused"
2026/10/04 07:52:41 telemetry push failed: rpc error: code = Unavailable desc = connection error: desc = "transport: Error while dialing: dial tcp 10.10.1.4:50053: connect: connection refused"
2026/10/04 07:52:44 telemetry push failed: rpc error: code = Unavailable desc = connection error: desc = "transport: Error while dialing: dial tcp 10.10.1.4:50053: connect: connection refused"
2026/10/04 07:52:47 telemetry push failed: rpc error: code = Unavailable desc = connection error: desc = "transport: Error while dialing: dial tcp 10.10.1.4:50053: connect: connection refused"
2026/10/04 07:52:50 telemetry push failed: rpc error: code = Unavailable desc = connection error: desc = "transport: Error while dialing: dial tcp 10.10.1.4:50053: connect: connection refused"
2026/10/04 07:52:53 telemetry push failed: rpc error: code = Unavailable desc = connection error: desc = "transport: Error while dialing: dial tcp 10.10.1.4:50053: connect: connection refused"
2026/10/04 07:52:56 telemetry push failed: rpc error: code = Unavailable desc = connection error: desc = "transport: Error while dialing: dial tcp 10.10.1.4:50053: connect: connection refused"
2026/10/04 07:52:59 telemetry push failed: rpc error: code = Unavailable desc = connection error: desc = "transport: Error while dialing: dial tcp 10.10.1.4:50053: connect: connection refused"
2026/10/04 07:53:02 telemetry push failed: rpc error: code = Unavailable desc = connection error: desc = "transport: Error while dialing: dial tcp 10.10.1.4:50053: connect: connection refused"
2026/10/04 07:53:05 telemetry push failed: rpc error: code = Unavailable desc = connection error: desc = "transport: Error while dialing: dial tcp 10.10.1.4:50053: connect: connection refused"
2026/10/04 07:53:08 telemetry push failed: rpc error: code = Unavailable desc = connection error: desc = "transport: Error while dialing: dial tcp 10.10.1.4:50053: connect: connection refused"
2026/10/04 07:53:11 telemetry push failed: rpc error: code = Unavailable desc = connection error: desc = "transport: Error while dialing: dial tcp 10.10.1.4:50053: connect: connection refused"
2026/10/04 07:53:14 telemetry push failed: rpc error: code = Unavailable desc = connection error: desc = "transport: Error while dialing: dial tcp 10.10.1.4:50053: connect: connection refused"
2026/10/04 07:53:17 telemetry push failed: rpc error: code = Unavailable desc = connection error: desc = "transport: Error while dialing: dial tcp 10.10.1.4:50053: connect: connection refused"
2026/10/04 07:53:20 telemetry push failed: rpc error: code = Unavailable desc = connection error: desc = "transport: Error while dialing: dial tcp 10.10.1.4:50053: connect: connection refused"
2026/10/04 07:53:23 telemetry push failed: rpc error: code = Unavailable desc = connection error: desc = "transport: Error while dialing: dial tcp 10.10.1.4:50053: connect: connection refused"
2026/10/04 07:53:26 telemetry push failed: rpc error: code = Unavailable desc = connection error: desc = "transport: Error while dialing: dial tcp 10.10.1.4:50053: connect: connection refused"
2026/10/04 07:53:29 telemetry push failed: rpc error: code = Unavailable desc = connection error: desc = "transport: Error while dialing: dial tcp 10.10.1.4:50053: connect: connection refused"
2026/10/04 07:53:32 telemetry push failed: rpc error: code = Unavailable desc = connection error: desc = "transport: Error while dialing: dial tcp 10.10.1.4:50053: connect: connection refused"
2026/10/04 07:53:35 telemetry push failed: rpc error: code = Unavailable desc = connection error: desc = "transport: Error while dialing: dial tcp 10.10.1.4:50053: connect: connection refused"
2026/10/04 07:53:38 telemetry push failed: rpc error: code = Unavailable desc = connection error: desc = "transport: Error while dialing: dial tcp 10.10.1.4:50053: connect: connection refused"
2026/10/04 07:53:41 telemetry push failed: rpc error: code = Unavailable desc = connection error: desc = "transport: Error while dialing: dial tcp 10.10.1.4:50053: connect: connection refused"
2026/10/04 07:53:44 telemetry push failed: rpc error: code = Unavailable desc = connection error: desc = "transport: Error while dialing: dial tcp 10.10.1.4:50053: connect: connection refused"
2026/10/04 07:53:47 telemetry push failed: rpc error: code = Unavailable desc = connection error: desc = "transport: Error while dialing: dial tcp 10.10.1.4:50053: connect: connection refused"
2026/10/04 07:53:50 telemetry push failed: rpc error: code = Unavailable desc = connection error: desc = "transport: Error while dialing: dial tcp 10.10.1.4:50053: connect: connection refused"
2026/10/04 07:53:53 telemetry push failed: rpc error: code = Unavailable desc = connection error: desc = "transport: Error while dialing: dial tcp 10.10.1.4:50053: connect: connection refused"
2026/10/04 07:53:56 telemetry push failed: rpc error: code = Unavailable desc = connection error: desc = "transport: Error while dialing: dial tcp 10.10.1.4:50053: connect: connection refused"
2026/10/04 07:53:59 telemetry push failed: rpc error: code = Unavailable desc = connection error: desc = "transport: Error while dialing: dial tcp 10.10.1.4:50053: connect: connection refused"
2026/10/04 07:54:02 telemetry push failed: rpc error: code = Unavailable desc = connection error: desc = "transport: Error while dialing: dial tcp 10.10.1.4:50053: connect: connection refused"
2026/10/04 07:54:05 telemetry push failed: rpc error: code = Unavailable desc = connection error: desc = "transport: Error while dialing: dial tcp 10.10.1.4:50053: connect: connection refused"
2026/10/04 07:54:08 telemetry push failed: rpc error: code = Unavailable desc = connection error: desc = "transport: Error while dialing: dial tcp 10.10.1.4:50053: connect: connection refused"
2026/10/04 07:54:11 telemetry push failed: rpc error: code = Unavailable desc = connection error: desc = "transport: Error while dialing: dial tcp 10.10.1.4:50053: connect: connection refused"
2026/10/04 07:54:14 telemetry push failed: rpc error: code = Unavailable desc = connection error: desc = "transport: Error while dialing: dial tcp 10.10.1.4:50053: connect: connection refused"
2026/10/04 07:54:17 telemetry push failed: rpc error: code = Unavailable desc = connection error: desc = "transport: Error while dialing: dial tcp 10.10.1.4:50053: connect: connection refused"
2026/10/04 07:54:20 telemetry push failed: rpc error: code = Unavailable desc = connection error: desc = "transport: Error while dialing: dial tcp 10.10.1.4:50053: connect: connection refused"
2026/10/04 07:54:23 telemetry push failed: rpc error: code = Unavailable desc = connection error: desc = "transport: Error while dialing: dial tcp 10.10.1.4:50053: connect: connection refused"
2026/10/04 07:54:26 telemetry push failed: rpc error: code = Unavailable desc = connection error: desc = "transport: Error while dialing: dial tcp 10.10.1.4:50053: connect: connection refused"
2026/10/04 07:54:29 telemetry push failed: rpc error: code = Unavailable desc = connection error: desc = "transport: Error while dialing: dial tcp 10.10.1.4:50053: connect: connection refused"
2026/10/04 07:54:32 telemetry push failed: rpc error: code = Unavailable desc = connection error: desc = "transport: Error while dialing: dial tcp 10.10.1.4:50053: connect: connection refused"
2026/10/04 07:54:35 telemetry push failed: rpc error: code = Unavailable desc = connection error: desc = "transport: Error while dialing: dial tcp 10.10.1.4:50053: connect: connection refused"
2026/10/04 07:54:38 telemetry push failed: rpc error: code = Unavailable desc = connection error: desc = "transport: Error while dialing: dial tcp 10.10.1.4:50053: connect: connection refused"
2026/10/04 07:54:41 telemetry push failed: rpc error: code = Unavailable desc = connection error: desc = "transport: Error while dialing: dial tcp 10.10.1.4:50053: connect: connection refused"
2026/10/04 07:54:44 telemetry push failed: rpc error: code = Unavailable desc = connection error: desc = "transport: Error while dialing: dial tcp 10.10.1.4:50053: connect: connection refused"
2026/10/04 07:54:47 telemetry push failed: rpc error: code = Unavailable desc = connection error: desc = "transport: Error while dialing: dial tcp 10.10.1.4:50053: connect: connection refused"
2026/10/04 07:54:50 telemetry push failed: rpc error: code = Unavailable desc = connection error: desc = "transport: Error while dialing: dial tcp 10.10.1.4:50053: connect: connection refused"
2026/10/04 07:54:53 telemetry push failed: rpc error: code = Unavailable desc = connection error: desc = "transport: Error while dialing: dial tcp 10.10.1.4:50053: connect: connection refused"
2026/10/04 07:54:56 telemetry push failed: rpc error: code = Unavailable desc = connection error: desc = "transport: Error while dialing: dial tcp 10.10.1.4:50053: connect: connection refused"
2026/10/04 07:54:59 telemetry push failed: rpc error: code = Unavailable desc = connection error: desc = "transport: Error while dialing: dial tcp 10.10.1.4:50053: connect: connection refused"
2026/10/04 07:55:02 telemetry push failed: rpc error: code = Unavailable desc = connection error: desc = "transport: Error while dialing: dial tcp 10.10.1.4:50053: connect: connection refused"
2026/10/04 07:55:05 telemetry push failed: rpc error: code = Unavailable desc = connection error: desc = "transport: Error while dialing: dial tcp 10.10.1.4:50053: connect: connection refused"
2026/10/04 07:55:08 telemetry push failed: rpc error: code = Unavailable desc = connection error: desc = "transport: Error while dialing: dial tcp 10.10.1.4:50053: connect: connection refused"
2026/10/04 07:55:11 telemetry push failed: rpc error: code = Unavailable desc = connection error: desc = "transport: Error while dialing: dial tcp 10.10.1.4:50053: connect: connection refused"
2026/10/04 07:55:14 telemetry push failed: rpc error: code = Unavailable desc = connection error: desc = "transport: Error while dialing: dial tcp 10.10.1.4:50053: connect: connection refused"
2026/10/04 07:55:17 telemetry push failed: rpc error: code = Unavailable desc = connection error: desc = "transport: Error while dialing: dial tcp 10.10.1.4:50053: connect: connection refused"
2026/10/04 07:55:20 telemetry push failed: rpc error: code = Unavailable desc = connection error: desc = "transport: Error while dialing: dial tcp 10.10.1.4:50053: connect: connection refused"
2026/10/04 07:55:23 telemetry push failed: rpc error: code = Unavailable desc = connection error: desc = "transport: Error while dialing: dial tcp 10.10.1.4:50053: connect: connection refused"
2026/10/04 07:55:26 telemetry push failed: rpc error: code = Unavailable desc = connection error: desc = "transport: Error while dialing: dial tcp 10.10.1.4:50053: connect: connection refused"
2026/10/04 07:55:29 telemetry push failed: rpc error: code = Unavailable desc = connection error: desc = "transport: Error while dialing: dial tcp 10.10.1.4:50053: connect: connection refused"
2026/10/04 07:55:32 telemetry push failed: rpc error: code = Unavailable desc = connection error: desc = "transport: Error while dialing: dial tcp 10.10.1.4:50053: connect: connection refused"
2026/10/04 07:55:35 telemetry push failed: rpc error: code = Unavailable desc = connection error: desc = "transport: Error while dialing: dial tcp 10.10.1.4:50053: connect: connection refused"
2026/10/04 07:55:38 telemetry push failed: rpc error: code = Unavailable desc = connection error: desc = "transport: Error while dialing: dial tcp 10.10.1.4:50053: connect: connection refused"
2026/10/04 07:55:41 telemetry push failed: rpc error: code = Unavailable desc = connection error: desc = "transport: Error while dialing: dial tcp 10.10.1.4:50053: connect: connection refused"
2026/10/04 07:55:44 telemetry push failed: rpc error: code = Unavailable desc = connection error: desc = "transport: Error while dialing: dial tcp 10.10.1.4:50053: connect: connection refused"
2026/10/04 07:55:47 telemetry push failed: rpc error: code = Unavailable desc = connection error: desc = "transport: Error while dialing: dial tcp 10.10.1.4:50053: connect: connection refused"
2026/10/04 07:55:50 telemetry push failed: rpc error: code = Unavailable desc = connection error: desc = "transport: Error while dialing: dial tcp 10.10.1.4:50053: connect: connection refused"
2026/10/04 07:55:53 telemetry push failed: rpc error: code = Unavailable desc = connection error: desc = "transport: Error while dialing: dial tcp 10.10.1.4:50053: connect: connection refused"
2026/10/04 07:55:56 telemetry push failed: rpc error: code = Unavailable desc = connection error: desc = "transport: Error while dialing: dial tcp 10.10.1.4:50053: connect: connection refused"
2026/10/04 07:55:59 telemetry push failed: rpc error: code = Unavailable desc = connection error: desc = "transport: Error while dialing: dial tcp 10.10.1.4:50053: connect: connection refused"
2026/10/04 07:56:02 telemetry push failed: rpc error: code = Unavailable desc = connection error: desc = "transport: Error while dialing: dial tcp 10.10.1.4:50053: connect: connection refused"
2026/10/04 07:56:05 telemetry push failed: rpc error: code = Unavailable desc = connection error: desc = "transport: Error while dialing: dial tcp 10.10.1.4:50053: connect: connection refused"
2026/10/04 07:56:08 telemetry push failed: rpc error: code = Unavailable desc = connection error: desc = "transport: Error while dialing: dial tcp 10.10.1.4:50053: connect: connection refused"
2026/10/04 07:56:11 telemetry push failed: rpc error: code = Unavailable desc = connection error: desc = "transport: Error while dialing: dial tcp 10.10.1.4:50053: connect: connection refused"
2026/10/04 07:56:14 telemetry push failed: rpc error: code = Unavailable desc = connection error: desc = "transport: Error while dialing: dial tcp 10.10.1.4:50053: connect: connection refused"
2026/10/04 07:56:17 telemetry push failed: rpc error: code = Unavailable desc = connection error: desc = "transport: Error while dialing: dial tcp 10.10.1.4:50053: connect: connection refused"
2026/10/04 07:56:20 telemetry push failed: rpc error: code = Unavailable desc = connection error: desc = "transport: Error while dialing: dial tcp 10.10.1.4:50053: connect: connection refused"
2026/10/04 07:56:23 telemetry push failed: rpc error: code = Unavailable desc = connection error: desc = "transport: Error while dialing: dial tcp 10.10.1.4:50053: connect: connection refused"
2026/10/04 07:56:26 telemetry push failed: rpc error: code = Unavailable desc = connection error: desc = "transport: Error while dialing: dial tcp 10.10.1.4:50053: connect: connection refused"
2026/10/04 07:56:29 telemetry push failed: rpc error: code = Unavailable desc = connection error: desc = "transport: Error while dialing: dial tcp 10.10.1.4:50053: connect: connection refused"
2026/10/04 07:56:32 telemetry push failed: rpc error: code = Unavailable desc = connection error: desc = "transport: Error while dialing: dial tcp 10.10.1.4:50053: connect: connection refused"
2026/10/04 07:56:35 telemetry push failed: rpc error: code = Unavailable desc = connection error: desc = "transport: Error while dialing: dial tcp 10.10.1.4:50053: connect: connection refused"
2026/10/04 07:56:38 telemetry push failed: rpc error: code = Unavailable desc = connection error: desc = "transport: Error while dialing: dial tcp 10.10.1.4:50053: connect: connection refused"
2026/10/04 07:56:41 telemetry push failed: rpc error: code = Unavailable desc = connection error: desc = "transport: Error while dialing: dial tcp 10.10.1.4:50053: connect: connection refused"
2026/10/04 07:56:44 telemetry push failed: rpc error: code = Unavailable desc = connection error: desc = "transport: Error while dialing: dial tcp 10.10.1.4:50053: connect: connection refused"
2026/10/04 07:56:47 telemetry push failed: rpc error: code = Unavailable desc = connection error: desc = "transport: Error while dialing: dial tcp 10.10.1.4:50053: connect: connection refused"
2026/10/04 07:56:50 telemetry push failed: rpc error: code = Unavailable desc = connection error: desc = "transport: Error while dialing: dial tcp 10.10.1.4:50053: connect: connection refused"
2026/10/04 07:56:53 telemetry push failed: rpc error: code = Unavailable desc = connection error: desc = "transport: Error while dialing: dial tcp 10.10.1.4:50053: connect: connection refused"
2026/10/04 07:56:56 telemetry push failed: rpc error: code = Unavailable desc = connection error: desc = "transport: Error while dialing: dial tcp 10.10.1.4:50053: connect: connection refused"
2026/10/04 07:56:59 telemetry push failed: rpc error: code = Unavailable desc = connection error: desc = "transport: Error while dialing: dial tcp 10.10.1.4:50053: connect: connection refused"
2026/10/04 07:57:02 telemetry push failed: rpc error: code = Unavailable desc = connection error: desc = "transport: Error while dialing: dial tcp 10.10.1.4:50053: connect: connection refused"
2026/10/04 07:57:05 telemetry push failed: rpc error: code = Unavailable desc = connection error: desc = "transport: Error while dialing: dial tcp 10.10.1.4:50053: connect: connection refused"
2026/10/04 07:57:08 telemetry push failed: rpc error: code = Unavailable desc = connection error: desc = "transport: Error while dialing: dial tcp 10.10.1.4:50053: connect: connection refused"
2026/10/04 07:57:11 telemetry push failed: rpc error: code = Unavailable desc = connection error: desc = "transport: Error while dialing: dial tcp 10.10.1.4:50053: connect: connection refused"
2026/10/04 07:57:14 telemetry push failed: rpc error: code = Unavailable desc = connection error: desc = "transport: Error while dialing: dial tcp 10.10.1.4:50053: connect: connection refused"
2026/10/04 07:57:17 telemetry push failed: rpc error: code = Unavailable desc = connection error: desc = "transport: Error while dialing: dial tcp 10.10.1.4:50053: connect: connection refused"
2026/10/04 07:57:20 telemetry push failed: rpc error: code = Unavailable desc = connection error: desc = "transport: Error while dialing: dial tcp 10.10.1.4:50053: connect: connection refused"
2026/10/04 07:57:23 telemetry push failed: rpc error: code = Unavailable desc = connection error: desc = "transport: Error while dialing: dial tcp 10.10.1.4:50053: connect: connection refused"
2026/10/04 07:57:26 telemetry push failed: rpc error: code = Unavailable desc = connection error: desc = "transport: Error while dialing: dial tcp 10.10.1.4:50053: connect: connection refused"
2026/10/04 07:57:29 telemetry push failed: rpc error: code = Unavailable desc = connection error: desc = "transport: Error while dialing: dial tcp 10.10.1.4:50053: connect: connection refused"
2026/10/04 07:57:32 telemetry push failed: rpc error: code = Unavailable desc = connection error: desc = "transport: Error while dialing: dial tcp 10.10.1.4:50053: connect: connection refused"
2026/10/04 07:57:35 telemetry push failed: rpc error: code = Unavailable desc = connection error: desc = "transport: Error while dialing: dial tcp 10.10.1.4:50053: connect: connection refused"
2026/10/04 07:57:38 telemetry push failed: rpc error: code = Unavailable desc = connection error: desc = "transport: Error while dialing: dial tcp 10.10.1.4:50053: connect: connection refused"
2026/10/04 07:57:41 telemetry push failed: rpc error: code = Unavailable desc = connection error: desc = "transport: Error while dialing: dial tcp 10.10.1.4:50053: connect: connection refused"
2026/10/04 07:57:44 telemetry push failed: rpc error: code = Unavailable desc = connection error: desc = "transport: Error while dialing: dial tcp 10.10.1.4:50053: connect: connection refused"
2026/10/04 07:57:47 telemetry push failed: rpc error: code = Unavailable desc = connection error: desc = "transport: Error while dialing: dial tcp 10.10.1.4:50053: connect: connection refused"
2026/10/04 07:57:50 telemetry push failed: rpc error: code = Unavailable desc = connection error: desc = "transport: Error while dialing: dial tcp 10.10.1.4:50053: connect: connection refused"
2026/10/04 07:57:53 telemetry push failed: rpc error: code = Unavailable desc = connection error: desc = "transport: Error while dialing: dial tcp 10.10.1.4:50053: connect: connection refused"
2026/10/04 07:57:56 telemetry push failed: rpc error: code = Unavailable desc = connection error: desc = "transport: Error while dialing: dial tcp 10.10.1.4:50053: connect: connection refused"
2026/10/04 07:57:59 telemetry push failed: rpc error: code = Unavailable desc = connection error: desc = "transport: Error while dialing: dial tcp 10.10.1.4:50053: connect: connection refused"
2026/10/04 07:58:02 telemetry push failed: rpc error: code = Unavailable desc = connection error: desc = "transport: Error while dialing: dial tcp 10.10.1.4:50053: connect: connection refused"
2026/10/04 07:58:05 telemetry push failed: rpc error: code = Unavailable desc = connection error: desc = "transport: Error while dialing: dial tcp 10.10.1.4:50053: connect: connection refused"
2026/10/04 07:58:08 telemetry push failed: rpc error: code = Unavailable desc = connection error: desc = "transport: Error while dialing: dial tcp 10.10.1.4:50053: connect: connection refused"
2026/10/04 07:58:11 telemetry push failed: rpc error: code = Unavailable desc = connection error: desc = "transport: Error while dialing: dial tcp 10.10.1.4:50053: connect: connection refused"
2026/10/04 07:58:14 telemetry push failed: rpc error: code = Unavailable desc = connection error: desc = "transport: Error while dialing: dial tcp 10.10.1.4:50053: connect: connection refused"
2026/10/04 07:58:17 telemetry push failed: rpc error: code = Unavailable desc = connection error: desc = "transport: Error while dialing: dial tcp 10.10.1.4:50053: connect: connection refused"
2026/10/04 07:58:20 telemetry push failed: rpc error: code = Unavailable desc = connection error: desc = "transport: Error while dialing: dial tcp 10.10.1.4:50053: connect: connection refused"
2026/10/04 07:58:23 telemetry push failed: rpc error: code = Unavailable desc = connection error: desc = "transport: Error while dialing: dial tcp 10.10.1.4:50053: connect: connection refused"
2026/10/04 07:58:26 telemetry push failed: rpc error: code = Unavailable desc = connection error: desc = "transport: Error while dialing: dial tcp 10.10.1.4:50053: connect: connection refused"
2026/10/04 07:58:29 telemetry push failed: rpc error: code = Unavailable desc = connection error: desc = "transport: Error while dialing: dial tcp 10.10.1.4:50053: connect: connection refused"
2026/10/04 07:58:32 telemetry push failed: rpc error: code = Unavailable desc = connection error: desc = "transport: Error while dialing: dial tcp 10.10.1.4:50053: connect: connection refused"
2026/10/04 07:58:35 telemetry push failed: rpc error: code = Unavailable desc = connection error: desc = "transport: Error while dialing: dial tcp 10.10.1.4:50053: connect: connection refused"
2026/10/04 07:58:38 telemetry push failed: rpc error: code = Unavailable desc = connection error: desc = "transport: Error while dialing: dial tcp 10.10.1.4:50053: connect: connection refused"
2026/10/04 07:58:41 telemetry push failed: rpc error: code = Unavailable desc = connection error: desc = "transport: Error while dialing: dial tcp 10.10.1.4:50053: connect: connection refused"
2026/10/04 07:58:44 telemetry push failed: rpc error: code = Unavailable desc = connection error: desc = "transport: Error while dialing: dial tcp 10.10.1.4:50053: connect: connection refused"
2026/10/04 07:58:47 telemetry push failed: rpc error: code = Unavailable desc = connection error: desc = "transport: Error while dialing: dial tcp 10.10.1.4:50053: connect: connection refused"
2026/10/04 07:58:50 telemetry push failed: rpc error: code = Unavailable desc = connection error: desc = "transport: Error while dialing: dial tcp 10.10.1.4:50053: connect: connection refused"
2026/10/04 07:58:53 telemetry push failed: rpc error: code = Unavailable desc = connection error: desc = "transport: Error while dialing: dial tcp 10.10.1.4:50053: connect: connection refused"
2026/10/04 07:58:56 telemetry push failed: rpc error: code = Unavailable desc = connection error: desc = "transport: Error while dialing: dial tcp 10.10.1.4:50053: connect: connection refused"
2026/10/04 07:58:59 telemetry push failed: rpc error: code = Unavailable desc = connection error: desc = "transport: Error while dialing: dial tcp 10.10.1.4:50053: connect: connection refused"
2026/10/04 07:59:02 telemetry push failed: rpc error: code = Unavailable desc = connection error: desc = "transport: Error while dialing: dial tcp 10.10.1.4:50053: connect: connection refused"
2026/10/04 07:59:05 telemetry push failed: rpc error: code = Unavailable desc = connection error: desc = "transport: Error while dialing: dial tcp 10.10.1.4:50053: connect: connection refused"
2026/10/04 07:59:08 telemetry push failed: rpc error: code = Unavailable desc = connection error: desc = "transport: Error while dialing: dial tcp 10.10.1.4:50053: connect: connection refused"
2026/10/04 07:59:11 telemetry push failed: rpc error: code = Unavailable desc = connection error: desc = "transport: Error while dialing: dial tcp 10.10.1.4:50053: connect: connection refused"
2026/10/04 07:59:14 telemetry push failed: rpc error: code = Unavailable desc = connection error: desc = "transport: Error while dialing: dial tcp 10.10.1.4:50053: connect: connection refused"
2026/10/04 07:59:17 telemetry push failed: rpc error: code = Unavailable desc = connection error: desc = "transport: Error while dialing: dial tcp 10.10.1.4:50053: connect: connection refused"
2026/10/04 07:59:20 telemetry push failed: rpc error: code = Unavailable desc = connection error: desc = "transport: Error while dialing: dial tcp 10.10.1.4:50053: connect: connection refused"
2026/10/04 07:59:23 telemetry push failed: rpc error: code = Unavailable desc = connection error: desc = "transport: Error while dialing: dial tcp 10.10.1.4:50053: connect: connection refused"
2026/10/04 07:59:26 telemetry push failed: rpc error: code = Unavailable desc = connection error: desc = "transport: Error while dialing: dial tcp 10.10.1.4:50053: connect: connection refused"
2026/10/04 07:59:29 telemetry push failed: rpc error: code = Unavailable desc = connection error: desc = "transport: Error while dialing: dial tcp 10.10.1.4:50053: connect: connection refused"
2026/10/04 07:59:32 telemetry push failed: rpc error: code = Unavailable desc = connection error: desc = "transport: Error while dialing: dial tcp 10.10.1.4:50053: connect: connection refused"
2026/10/04 07:59:35 telemetry push failed: rpc error: code = Unavailable desc = connection error: desc = "transport: Error while dialing: dial tcp 10.10.1.4:50053: connect: connection refused"
2026/10/04 07:59:38 telemetry push failed: rpc error: code = Unavailable desc = connection error: desc = "transport: Error while dialing: dial tcp 10.10.1.4:50053: connect: connection refused"
2026/10/04 07:59:41 telemetry push failed: rpc error: code = Unavailable desc = connection error: desc = "transport: Error while dialing: dial tcp 10.10.1.4:50053: connect: connection refused"
2026/10/04 07:59:44 telemetry push failed: rpc error: code = Unavailable desc = connection error: desc = "transport: Error while dialing: dial tcp 10.10.1.4:50053: connect: connection refused"
2026/10/04 07:59:47 telemetry push failed: rpc error: code = Unavailable desc = connection error: desc = "transport: Error while dialing: dial tcp 10.10.1.4:50053: connect: connection refused"
2026/10/04 07:59:50 telemetry push failed: rpc error: code = Unavailable desc = connection error: desc = "transport: Error while dialing: dial tcp 10.10.1.4:50053: connect: connection refused"
2026/10/04 07:59:53 telemetry push failed: rpc error: code = Unavailable desc = connection error: desc = "transport: Error while dialing: dial tcp 10.10.1.4:50053: connect: connection refused"
2026/10/04 07:59:56 telemetry push failed: rpc error: code = Unavailable desc = connection error: desc = "transport: Error while dialing: dial tcp 10.10.1.4:50053: connect: connection refused"
2026/10/04 07:59:59 telemetry push failed: rpc error: code = Unavailable desc = connection error: desc = "transport: Error while dialing: dial tcp 10.10.1.4:50053: connect: connection refused"
2026/10/04 08:00:02 telemetry push failed: rpc error: code = Unavailable desc = connection error: desc = "transport: Error while dialing: dial tcp 10.10.1.4:50053: connect: connection refused"
2026/10/04 08:00:05 telemetry push failed: rpc error: code = Unavailable desc = connection error: desc = "transport: Error while dialing: dial tcp 10.10.1.4:50053: connect: connection refused"
2026/10/04 08:00:08 telemetry push failed: rpc error: code = Unavailable desc = connection error: desc = "transport: Error while dialing: dial tcp 10.10.1.4:50053: connect: connection refused"
2026/10/04 08:00:11 telemetry push failed: rpc error: code = Unavailable desc = connection error: desc = "transport: Error while dialing: dial tcp 10.10.1.4:50053: connect: connection refused"
2026/10/04 08:00:14 telemetry push failed: rpc error: code = Unavailable desc = connection error: desc = "transport: Error while dialing: dial tcp 10.10.1.4:50053: connect: connection refused"
2026/10/04 08:00:17 telemetry push failed: rpc error: code = Unavailable desc = connection error: desc = "transport: Error while dialing: dial tcp 10.10.1.4:50053: connect: connection refused"
2026/10/04 08:00:20 telemetry push failed: rpc error: code = Unavailable desc = connection error: desc = "transport: Error while dialing: dial tcp 10.10.1.4:50053: connect: connection refused"
2026/10/04 08:00:23 telemetry push failed: rpc error: code = Unavailable desc = connection error: desc = "transport: Error while dialing: dial tcp 10.10.1.4:50053: connect: connection refused"
2026/10/04 08:00:26 telemetry push failed: rpc error: code = Unavailable desc = connection error: desc = "transport: Error while dialing: dial tcp 10.10.1.4:50053: connect: connection refused"
2026/10/04 08:00:29 telemetry push failed: rpc error: code = Unavailable desc = connection error: desc = "transport: Error while dialing: dial tcp 10.10.1.4:50053: connect: connection refused"
2026/10/04 08:00:32 telemetry push failed: rpc error: code = Unavailable desc = connection error: desc = "transport: Error while dialing: dial tcp 10.10.1.4:50053: connect: connection refused"
2026/10/04 08:00:35 telemetry push failed: rpc error: code = Unavailable desc = connection error: desc = "transport: Error while dialing: dial tcp 10.10.1.4:50053: connect: connection refused"
2026/10/04 08:00:38 telemetry push failed: rpc error: code = Unavailable desc = connection error: desc = "transport: Error while dialing: dial tcp 10.10.1.4:50053: connect: connection refused"
2026/10/04 08:00:41 telemetry push failed: rpc error: code = Unavailable desc = connection error: desc = "transport: Error while dialing: dial tcp 10.10.1.4:50053: connect: connection refused"
2026/10/04 08:00:44 telemetry push failed: rpc error: code = Unavailable desc = connection error: desc = "transport: Error while dialing: dial tcp 10.10.1.4:50053: connect: connection refused"
2026/10/04 08:00:47 telemetry push failed: rpc error: code = Unavailable desc = connection error: desc = "transport: Error while dialing: dial tcp 10.10.1.4:50053: connect: connection refused"
2026/10/04 08:00:50 telemetry push failed: rpc error: code = Unavailable desc = connection error: desc = "transport: Error while dialing: dial tcp 10.10.1.4:50053: connect: connection refused"
2026/10/04 08:00:53 telemetry push failed: rpc error: code = Unavailable desc = connection error: desc = "transport: Error while dialing: dial tcp 10.10.1.4:50053: connect: connection refused"
2026/10/04 08:00:56 telemetry push failed: rpc error: code = Unavailable desc = connection error: desc = "transport: Error while dialing: dial tcp 10.10.1.4:50053: connect: connection refused"
2026/10/04 08:00:59 telemetry push failed: rpc error: code = Unavailable desc = connection error: desc = "transport: Error while dialing: dial tcp 10.10.1.4:50053: connect: connection refused"
2026/10/04 08:01:02 telemetry push failed: rpc error: code = Unavailable desc = connection error: desc = "transport: Error while dialing: dial tcp 10.10.1.4:50053: connect: connection refused"
2026/10/04 08:01:05 telemetry push failed: rpc error: code = Unavailable desc = connection error: desc = "transport: Error while dialing: dial tcp 10.10.1.4:50053: connect: connection refused"
2026/10/04 08:01:08 telemetry push failed: rpc error: code = Unavailable desc = connection error: desc = "transport: Error while dialing: dial tcp 10.10.1.4:50053: connect: connection refused"
2026/10/04 08:01:11 telemetry push failed: rpc error: code = Unavailable desc = connection error: desc = "transport: Error while dialing: dial tcp 10.10.1.4:50053: connect: connection refused"
2026/10/04 08:01:14 telemetry push failed: rpc error: code = Unavailable desc = connection error: desc = "transport: Error while dialing: dial tcp 10.10.1.4:50053: connect: connection refused"
2026/10/04 08:01:17 telemetry push failed: rpc error: code = Unavailable desc = connection error: desc = "transport: Error while dialing: dial tcp 10.10.1.4:50053: connect: connection refused"
2026/10/04 08:01:20 telemetry push failed: rpc error: code = Unavailable desc = connection error: desc = "transport: Error while dialing: dial tcp 10.10.1.4:50053: connect: connection refused"
2026/10/04 08:01:23 telemetry push failed: rpc error: code = Unavailable desc = connection error: desc = "transport: Error while dialing: dial tcp 10.10.1.4:50053: connect: connection refused"
2026/10/04 08:01:26 telemetry push failed: rpc error: code = Unavailable desc = connection error: desc = "transport: Error while dialing: dial tcp 10.10.1.4:50053: connect: connection refused"
2026/10/04 08:01:29 telemetry push failed: rpc error: code = Unavailable desc = connection error: desc = "transport: Error while dialing: dial tcp 10.10.1.4:50053: connect: connection refused"
2026/10/04 08:01:32 telemetry push failed: rpc error: code = Unavailable desc = connection error: desc = "transport: Error while dialing: dial tcp 10.10.1.4:50053: connect: connection refused"
2026/10/04 08:01:35 telemetry push failed: rpc error: code = Unavailable desc = connection error: desc = "transport: Error while dialing: dial tcp 10.10.1.4:50053: connect: connection refused"
2026/10/04 08:01:38 telemetry push failed: rpc error: code = Unavailable desc = connection error: desc = "transport: Error while dialing: dial tcp 10.10.1.4:50053: connect: connection refused"
2026/10/04 08:01:41 telemetry push failed: rpc error: code = Unavailable desc = connection error: desc = "transport: Error while dialing: dial tcp 10.10.1.4:50053: connect: connection refused"
2026/10/04 08:01:44 telemetry push failed: rpc error: code = Unavailable desc = connection error: desc = "transport: Error while dialing: dial tcp 10.10.1.4:50053: connect: connection refused"
2026/10/04 08:01:47 telemetry push failed: rpc error: code = Unavailable desc = connection error: desc = "transport: Error while dialing: dial tcp 10.10.1.4:50053: connect: connection refused"
2026/10/04 08:01:50 telemetry push failed: rpc error: code = Unavailable desc = connection error: desc = "transport: Error while dialing: dial tcp 10.10.1.4:50053: connect: connection refused"
2026/10/04 08:01:53 telemetry push failed: rpc error: code = Unavailable desc = connection error: desc = "transport: Error while dialing: dial tcp 10.10.1.4:50053: connect: connection refused"
2026/10/04 08:01:56 telemetry push failed: rpc error: code = Unavailable desc = connection error: desc = "transport: Error while dialing: dial tcp 10.10.1.4:50053: connect: connection refused"
2026/10/04 08:01:59 telemetry push failed: rpc error: code = Unavailable desc = connection error: desc = "transport: Error while dialing: dial tcp 10.10.1.4:50053: connect: connection refused"
2026/10/04 08:02:02 telemetry push failed: rpc error: code = Unavailable desc = connection error: desc = "transport: Error while dialing: dial tcp 10.10.1.4:50053: connect: connection refused"
2026/10/04 08:02:05 telemetry push failed: rpc error: code = Unavailable desc = connection error: desc = "transport: Error while dialing: dial tcp 10.10.1.4:50053: connect: connection refused"
2026/10/04 08:02:08 telemetry push failed: rpc error: code = Unavailable desc = connection error: desc = "transport: Error while dialing: dial tcp 10.10.1.4:50053: connect: connection refused"
2026/10/04 08:02:11 telemetry push failed: rpc error: code = Unavailable desc = connection error: desc = "transport: Error while dialing: dial tcp 10.10.1.4:50053: connect: connection refused"
2026/10/04 08:02:14 telemetry push failed: rpc error: code = Unavailable desc = connection error: desc = "transport: Error while dialing: dial tcp 10.10.1.4:50053: connect: connection refused"
2026/10/04 08:02:17 telemetry push failed: rpc error: code = Unavailable desc = connection error: desc = "transport: Error while dialing: dial tcp 10.10.1.4:50053: connect: connection refused"
2026/10/04 08:02:20 telemetry push failed: rpc error: code = Unavailable desc = connection error: desc = "transport: Error while dialing: dial tcp 10.10.1.4:50053: connect: connection refused"
2026/10/04 08:02:23 telemetry push failed: rpc error: code = Unavailable desc = connection error: desc = "transport: Error while dialing: dial tcp 10.10.1.4:50053: connect: connection refused"
2026/10/04 08:02:26 telemetry push failed: rpc error: code = Unavailable desc = connection error: desc = "transport: Error while dialing: dial tcp 10.10.1.4:50053: connect: connection refused"
2026/10/04 08:02:29 telemetry push failed: rpc error: code = Unavailable desc = connection error: desc = "transport: Error while dialing: dial tcp 10.10.1.4:50053: connect: connection refused"
2026/10/04 08:02:32 telemetry push failed: rpc error: code = Unavailable desc = connection error: desc = "transport: Error while dialing: dial tcp 10.10.1.4:50053: connect: connection refused"
2026/10/04 08:02:35 telemetry push failed: rpc error: code = Unavailable desc = connection error: desc = "transport: Error while dialing: dial tcp 10.10.1.4:50053: connect: connection refused"
2026/10/04 08:02:38 telemetry push failed: rpc error: code = Unavailable desc = connection error: desc = "transport: Error while dialing: dial tcp 10.10.1.4:50053: connect: connection refused"
2026/10/04 08:02:41 telemetry push failed: rpc error: code = Unavailable desc = connection error: desc = "transport: Error while dialing: dial tcp 10.10.1.4:50053: connect: connection refused"
2026/10/04 08:02:44 telemetry push failed: rpc error: code = Unavailable desc = connection error: desc = "transport: Error while dialing: dial tcp 10.10.1.4:50053: connect: connection refused"
2026/10/04 08:02:47 telemetry push failed: rpc error: code = Unavailable desc = connection error: desc = "transport: Error while dialing: dial tcp 10.10.1.4:50053: connect: connection refused"
2026/10/04 08:02:50 telemetry push failed: rpc error: code = Unavailable desc = connection error: desc = "transport: Error while dialing: dial tcp 10.10.1.4:50053: connect: connection refused"
2026/10/04 08:02:53 telemetry push failed: rpc error: code = Unavailable desc = connection error: desc = "transport: Error while dialing: dial tcp 10.10.1.4:50053: connect: connection refused"
2026/10/04 08:02:56 telemetry push failed: rpc error: code = Unavailable desc = connection error: desc = "transport: Error while dialing: dial tcp 10.10.1.4:50053: connect: connection refused"
2026/10/04 08:02:59 telemetry push failed: rpc error: code = Unavailable desc = connection error: desc = "transport: Error while dialing: dial tcp 10.10.1.4:50053: connect: connection refused"
2026/10/04 08:03:02 telemetry push failed: rpc error: code = Unavailable desc = connection error: desc = "transport: Error while dialing: dial tcp 10.10.1.4:50053: connect: connection refused"
2026/10/04 08:03:05 telemetry push failed: rpc error: code = Unavailable desc = connection error: desc = "transport: Error while dialing: dial tcp 10.10.1.4:50053: connect: connection refused"
2026/10/04 08:03:08 telemetry push failed: rpc error: code = Unavailable desc = connection error: desc = "transport: Error while dialing: dial tcp 10.10.1.4:50053: connect: connection refused"
2026/10/04 08:03:11 telemetry push failed: rpc error: code = Unavailable desc = connection error: desc = "transport: Error while dialing: dial tcp 10.10.1.4:50053: connect: connection refused"
2026/10/04 08:03:14 telemetry push failed: rpc error: code = Unavailable desc = connection error: desc = "transport: Error while dialing: dial tcp 10.10.1.4:50053: connect: connection refused"
2026/10/04 08:03:17 telemetry push failed: rpc error: code = Unavailable desc = connection error: desc = "transport: Error while dialing: dial tcp 10.10.1.4:50053: connect: connection refused"
2026/10/04 08:03:20 telemetry push failed: rpc error: code = Unavailable desc = connection error: desc = "transport: Error while dialing: dial tcp 10.10.1.4:50053: connect: connection refused"
2026/10/04 08:03:23 telemetry push failed: rpc error: code = Unavailable desc = connection error: desc = "transport: Error while dialing: dial tcp 10.10.1.4:50053: connect: connection refused"
2026/10/04 08:03:26 telemetry push failed: rpc error: code = Unavailable desc = connection error: desc = "transport: Error while dialing: dial tcp 10.10.1.4:50053: connect: connection refused"
2026/10/04 08:03:29 telemetry push failed: rpc error: code = Unavailable desc = connection error: desc = "transport: Error while dialing: dial tcp 10.10.1.4:50053: connect: connection refused"
2026/10/04 08:03:32 telemetry push failed: rpc error: code = Unavailable desc = connection error: desc = "transport: Error while dialing: dial tcp 10.10.1.4:50053: connect: connection refused"
2026/10/04 08:03:35 telemetry push failed: rpc error: code = Unavailable desc = connection error: desc = "transport: Error while dialing: dial tcp 10.10.1.4:50053: connect: connection refused"
2026/10/04 08:03:38 telemetry push failed: rpc error: code = Unavailable desc = connection error: desc = "transport: Error while dialing: dial tcp 10.10.1.4:50053: connect: connection refused"
2026/10/04 08:03:41 telemetry push failed: rpc error: code = Unavailable desc = connection error: desc = "transport: Error while dialing: dial tcp 10.10.1.4:50053: connect: connection refused"
2026/10/04 08:03:44 telemetry push failed: rpc error: code = Unavailable desc = connection error: desc = "transport: Error while dialing: dial tcp 10.10.1.4:50053: connect: connection refused"
2026/10/04 08:03:47 telemetry push failed: rpc error: code = Unavailable desc = connection error: desc = "transport: Error while dialing: dial tcp 10.10.1.4:50053: connect: connection refused"
2026/10/04 08:03:50 telemetry push failed: rpc error: code = Unavailable desc = connection error: desc = "transport: Error while dialing: dial tcp 10.10.1.4:50053: connect: connection refused"
2026/10/04 08:03:53 telemetry push failed: rpc error: code = Unavailable desc = connection error: desc = "transport: Error while dialing: dial tcp 10.10.1.4:50053: connect: connection refused"
2026/10/04 08:03:56 telemetry push failed: rpc error: code = Unavailable desc = connection error: desc = "transport: Error while dialing: dial tcp 10.10.1.4:50053: connect: connection refused"
2026/10/04 08:03:59 telemetry push failed: rpc error: code = Unavailable desc = connection error: desc = "transport: Error while dialing: dial tcp 10.10.1.4:50053: connect: connection refused"
2026/10/04 08:04:02 telemetry push failed: rpc error: code = Unavailable desc = connection error: desc = "transport: Error while dialing: dial tcp 10.10.1.4:50053: connect: connection refused"
2026/10/04 08:04:05 telemetry push failed: rpc error: code = Unavailable desc = connection error: desc = "transport: Error while dialing: dial tcp 10.10.1.4:50053: connect: connection refused"
2026/10/04 08:04:08 telemetry push failed: rpc error: code = Unavailable desc = connection error: desc = "transport: Error while dialing: dial tcp 10.10.1.4:50053: connect: connection refused"
2026/10/04 08:04:11 telemetry push failed: rpc error: code = Unavailable desc = connection error: desc = "transport: Error while dialing: dial tcp 10.10.1.4:50053: connect: connection refused"
2026/10/04 08:04:14 telemetry push failed: rpc error: code = Unavailable desc = connection error: desc = "transport: Error while dialing: dial tcp 10.10.1.4:50053: connect: connection refused"
2026/10/04 08:04:17 telemetry push failed: rpc error: code = Unavailable desc = connection error: desc = "transport: Error while dialing: dial tcp 10.10.1.4:50053: connect: connection refused"
2026/10/04 08:04:20 telemetry push failed: rpc error: code = Unavailable desc = connection error: desc = "transport: Error while dialing: dial tcp 10.10.1.4:50053: connect: connection refused"
2026/10/04 08:04:23 telemetry push failed: rpc error: code = Unavailable desc = connection error: desc = "transport: Error while dialing: dial tcp 10.10.1.4:50053: connect: connection refused"
2026/10/04 08:04:26 telemetry push failed: rpc error: code = Unavailable desc = connection error: desc = "transport: Error while dialing: dial tcp 10.10.1.4:50053: connect: connection refused"
2026/10/04 08:04:29 telemetry push failed: rpc error: code = Unavailable desc = connection error: desc = "transport: Error while dialing: dial tcp 10.10.1.4:50053: connect: connection refused"
2026/10/04 08:04:32 telemetry push failed: rpc error: code = Unavailable desc = connection error: desc = "transport: Error while dialing: dial tcp 10.10.1.4:50053: connect: connection refused"
2026/10/04 08:04:35 telemetry push failed: rpc error: code = Unavailable desc = connection error: desc = "transport: Error while dialing: dial tcp 10.10.1.4:50053: connect: connection refused"
2026/10/04 08:04:38 telemetry push failed: rpc error: code = Unavailable desc = connection error: desc = "transport: Error while dialing: dial tcp 10.10.1.4:50053: connect: connection refused"
2026/10/04 08:04:41 telemetry push failed: rpc error: code = Unavailable desc = connection error: desc = "transport: Error while dialing: dial tcp 10.10.1.4:50053: connect: connection refused"
2026/10/04 08:04:44 telemetry push failed: rpc error: code = Unavailable desc = connection error: desc = "transport: Error while dialing: dial tcp 10.10.1.4:50053: connect: connection refused"
2026/10/04 08:04:47 telemetry push failed: rpc error: code = Unavailable desc = connection error: desc = "transport: Error while dialing: dial tcp 10.10.1.4:50053: connect: connection refused"
2026/10/04 08:04:50 telemetry push failed: rpc error: code = Unavailable desc = connection error: desc = "transport: Error while dialing: dial tcp 10.10.1.4:50053: connect: connection refused"
2026/10/04 08:04:53 telemetry push failed: rpc error: code = Unavailable desc = connection error: desc = "transport: Error while dialing: dial tcp 10.10.1.4:50053: connect: connection refused"
2026/10/04 08:04:56 telemetry push failed: rpc error: code = Unavailable desc = connection error: desc = "transport: Error while dialing: dial tcp 10.10.1.4:50053: connect: connection refused"
2026/10/04 08:04:59 telemetry push failed: rpc error: code = Unavailable desc = connection error: desc = "transport: Error while dialing: dial tcp 10.10.1.4:50053: connect: connection refused"
2026/10/04 08:05:02 telemetry push failed: rpc error: code = Unavailable desc = connection error: desc = "transport: Error while dialing: dial tcp 10.10.1.4:50053: connect: connection refused"
2026/10/04 08:05:05 telemetry push failed: rpc error: code = Unavailable desc = connection error: desc = "transport: Error while dialing: dial tcp 10.10.1.4:50053: connect: connection refused"
2026/10/04 08:05:08 telemetry push failed: rpc error: code = Unavailable desc = connection error: desc = "transport: Error while dialing: dial tcp 10.10.1.4:50053: connect: connection refused"
2026/10/04 08:05:11 telemetry push failed: rpc error: code = Unavailable desc = connection error: desc = "transport: Error while dialing: dial tcp 10.10.1.4:50053: connect: connection refused"
2026/10/04 08:05:14 telemetry push failed: rpc error: code = Unavailable desc = connection error: desc = "transport: Error while dialing: dial tcp 10.10.1.4:50053: connect: connection refused"
2026/10/04 08:05:17 telemetry push failed: rpc error: code = Unavailable desc = connection error: desc = "transport: Error while dialing: dial tcp 10.10.1.4:50053: connect: connection refused"
2026/10/04 08:05:20 telemetry push failed: rpc error: code = Unavailable desc = connection error: desc = "transport: Error while dialing: dial tcp 10.10.1.4:50053: connect: connection refused"
2026/10/04 08:05:23 telemetry push failed: rpc error: code = Unavailable desc = connection error: desc = "transport: Error while dialing: dial tcp 10.10.1.4:50053: connect: connection refused"
2026/10/04 08:05:26 telemetry push failed: rpc error: code = Unavailable desc = connection error: desc = "transport: Error while dialing: dial tcp 10.10.1.4:50053: connect: connection refused"
2026/10/04 08:05:29 telemetry push failed: rpc error: code = Unavailable desc = connection error: desc = "transport: Error while dialing: dial tcp 10.10.1.4:50053: connect: connection refused"
2026/10/04 08:05:32 telemetry push failed: rpc error: code = Unavailable desc = connection error: desc = "transport: Error while dialing: dial tcp 10.10.1.4:50053: connect: connection refused"
2026/10/04 08:05:35 telemetry push failed: rpc error: code = Unavailable desc = connection error: desc = "transport: Error while dialing: dial tcp 10.10.1.4:50053: connect: connection refused"
2026/10/04 08:05:38 telemetry push failed: rpc error: code = Unavailable desc = connection error: desc = "transport: Error while dialing: dial tcp 10.10.1.4:50053: connect: connection refused"
2026/10/04 08:05:41 telemetry push failed: rpc error: code = Unavailable desc = connection error: desc = "transport: Error while dialing: dial tcp 10.10.1.4:50053: connect: connection refused"
2026/10/04 08:05:44 telemetry push failed: rpc error: code = Unavailable desc = connection error: desc = "transport: Error while dialing: dial tcp 10.10.1.4:50053: connect: connection refused"
2026/10/04 08:05:47 telemetry push failed: rpc error: code = Unavailable desc = connection error: desc = "transport: Error while dialing: dial tcp 10.10.1.4:50053: connect: connection refused"
2026/10/04 08:05:50 telemetry push failed: rpc error: code = Unavailable desc = connection error: desc = "transport: Error while dialing: dial tcp 10.10.1.4:50053: connect: connection refused"
2026/10/04 08:05:53 telemetry push failed: rpc error: code = Unavailable desc = connection error: desc = "transport: Error while dialing: dial tcp 10.10.1.4:50053: connect: connection refused"
2026/10/04 08:05:56 telemetry push failed: rpc error: code = Unavailable desc = connection error: desc = "transport: Error while dialing: dial tcp 10.10.1.4:50053: connect: connection refused"
2026/10/04 08:05:59 telemetry push failed: rpc error: code = Unavailable desc = connection error: desc = "transport: Error while dialing: dial tcp 10.10.1.4:50053: connect: connection refused"
2026/10/04 08:06:02 telemetry push failed: rpc error: code = Unavailable desc = connection error: desc = "transport: Error while dialing: dial tcp 10.10.1.4:50053: connect: connection refused"
2026/10/04 08:06:05 telemetry push failed: rpc error: code = Unavailable desc = connection error: desc = "transport: Error while dialing: dial tcp 10.10.1.4:50053: connect: connection refused"
2026/10/04 08:06:08 telemetry push failed: rpc error: code = Unavailable desc = connection error: desc = "transport: Error while dialing: dial tcp 10.10.1.4:50053: connect: connection refused"
2026/10/04 08:06:11 telemetry push failed: rpc error: code = Unavailable desc = connection error: desc = "transport: Error while dialing: dial tcp 10.10.1.4:50053: connect: connection refused"
2026/10/04 08:06:14 telemetry push failed: rpc error: code = Unavailable desc = connection error: desc = "transport: Error while dialing: dial tcp 10.10.1.4:50053: connect: connection refused"
2026/10/04 08:06:17 telemetry push failed: rpc error: code = Unavailable desc = connection error: desc = "transport: Error while dialing: dial tcp 10.10.1.4:50053: connect: connection refused"
2026/10/04 08:06:20 telemetry push failed: rpc error: code = Unavailable desc = connection error: desc = "transport: Error while dialing: dial tcp 10.10.1.4:50053: connect: connection refused"
2026/10/04 08:06:23 telemetry push failed: rpc error: code = Unavailable desc = connection error: desc = "transport: Error while dialing: dial tcp 10.10.1.4:50053: connect: connection refused"
2026/10/04 08:06:26 telemetry push failed: rpc error: code = Unavailable desc = connection error: desc = "transport: Error while dialing: dial tcp 10.10.1.4:50053: connect: connection refused"
2026/10/04 08:06:29 telemetry push failed: rpc error: code = Unavailable desc = connection error: desc = "transport: Error while dialing: dial tcp 10.10.1.4:50053: connect: connection refused"
2026/10/04 08:06:32 telemetry push failed: rpc error: code = Unavailable desc = connection error: desc = "transport: Error while dialing: dial tcp 10.10.1.4:50053: connect: connection refused"
2026/10/04 08:06:35 telemetry push failed: rpc error: code = Unavailable desc = connection error: desc = "transport: Error while dialing: dial tcp 10.10.1.4:50053: connect: connection refused"
2026/10/04 08:06:38 telemetry push failed: rpc error: code = Unavailable desc = connection error: desc = "transport: Error while dialing: dial tcp 10.10.1.4:50053: connect: connection refused"
2026/10/04 08:06:41 telemetry push failed: rpc error: code = Unavailable desc = connection error: desc = "transport: Error while dialing: dial tcp 10.10.1.4:50053: connect: connection refused"
2026/10/04 08:06:44 telemetry push failed: rpc error: code = Unavailable desc = connection error: desc = "transport: Error while dialing: dial tcp 10.10.1.4:50053: connect: connection refused"
2026/10/04 08:06:47 telemetry push failed: rpc error: code = Unavailable desc = connection error: desc = "transport: Error while dialing: dial tcp 10.10.1.4:50053: connect: connection refused"
2026/10/04 08:06:50 telemetry push failed: rpc error: code = Unavailable desc = connection error: desc = "transport: Error while dialing: dial tcp 10.10.1.4:50053: connect: connection refused"
2026/10/04 08:06:53 telemetry push failed: rpc error: code = Unavailable desc = connection error: desc = "transport: Error while dialing: dial tcp 10.10.1.4:50053: connect: connection refused"
2026/10/04 08:06:56 telemetry push failed: rpc error: code = Unavailable desc = connection error: desc = "transport: Error while dialing: dial tcp 10.10.1.4:50053: connect: connection refused"
2026/10/04 08:06:59 telemetry push failed: rpc error: code = Unavailable desc = connection error: desc = "transport: Error while dialing: dial tcp 10.10.1.4:50053: connect: connection refused"
2026/10/04 08:07:02 telemetry push failed: rpc error: code = Unavailable desc = connection error: desc = "transport: Error while dialing: dial tcp 10.10.1.4:50053: connect: connection refused"
2026/10/04 08:07:05 telemetry push failed: rpc error: code = Unavailable desc = connection error: desc = "transport: Error while dialing: dial tcp 10.10.1.4:50053: connect: connection refused"
2026/10/04 08:07:08 telemetry push failed: rpc error: code = Unavailable desc = connection error: desc = "transport: Error while dialing: dial tcp 10.10.1.4:50053: connect: connection refused"
2026/10/04 08:07:11 telemetry push failed: rpc error: code = Unavailable desc = connection error: desc = "transport: Error while dialing: dial tcp 10.10.1.4:50053: connect: connection refused"
2026/10/04 08:07:14 telemetry push failed: rpc error: code = Unavailable desc = connection error: desc = "transport: Error while dialing: dial tcp 10.10.1.4:50053: connect: connection refused"
2026/10/04 08:07:17 telemetry push failed: rpc error: code = Unavailable desc = connection error: desc = "transport: Error while dialing: dial tcp 10.10.1.4:50053: connect: connection refused"
2026/10/04 08:07:20 telemetry push failed: rpc error: code = Unavailable desc = connection error: desc = "transport: Error while dialing: dial tcp 10.10.1.4:50053: connect: connection refused"
2026/10/04 08:07:23 telemetry push failed: rpc error: code = Unavailable desc = connection error: desc = "transport: Error while dialing: dial tcp 10.10.1.4:50053: connect: connection refused"
2026/10/04 08:07:26 telemetry push failed: rpc error: code = Unavailable desc = connection error: desc = "transport: Error while dialing: dial tcp 10.10.1.4:50053: connect: connection refused"
2026/10/04 08:07:29 telemetry push failed: rpc error: code = Unavailable desc = connection error: desc = "transport: Error while dialing: dial tcp 10.10.1.4:50053: connect: connection refused"
2026/10/04 08:07:32 telemetry push failed: rpc error: code = Unavailable desc = connection error: desc = "transport: Error while dialing: dial tcp 10.10.1.4:50053: connect: connection refused"
2026/10/04 08:07:35 telemetry push failed: rpc error: code = Unavailable desc = connection error: desc = "transport: Error while dialing: dial tcp 10.10.1.4:50053: connect: connection refused"
2026/10/04 08:07:38 telemetry push failed: rpc error: code = Unavailable desc = connection error: desc = "transport: Error while dialing: dial tcp 10.10.1.4:50053: connect: connection refused"
2026/10/04 08:07:41 telemetry push failed: rpc error: code = Unavailable desc = connection error: desc = "transport: Error while dialing: dial tcp 10.10.1.4:50053: connect: connection refused"
2026/10/04 08:07:44 telemetry push failed: rpc error: code = Unavailable desc = connection error: desc = "transport: Error while dialing: dial tcp 10.10.1.4:50053: connect: connection refused"
2026/10/04 08:07:47 telemetry push failed: rpc error: code = Unavailable desc = connection error: desc = "transport: Error while dialing: dial tcp 10.10.1.4:50053: connect: connection refused"
2026/10/04 08:07:50 telemetry push failed: rpc error: code = Unavailable desc = connection error: desc = "transport: Error while dialing: dial tcp 10.10.1.4:50053: connect: connection refused"
2026/10/04 08:07:53 telemetry push failed: rpc error: code = Unavailable desc = connection error: desc = "transport: Error while dialing: dial tcp 10.10.1.4:50053: connect: connection refused"
2026/10/04 08:07:56 telemetry push failed: rpc error: code = Unavailable desc = connection error: desc = "transport: Error while dialing: dial tcp 10.10.1.4:50053: connect: connection refused"
2026/10/04 08:07:59 telemetry push failed: rpc error: code = Unavailable desc = connection error: desc = "transport: Error while dialing: dial tcp 10.10.1.4:50053: connect: connection refused"
2026/10/04 08:08:02 telemetry push failed: rpc error: code = Unavailable desc = connection error: desc = "transport: Error while dialing: dial tcp 10.10.1.4:50053: connect: connection refused"
2026/10/04 08:08:05 telemetry push failed: rpc error: code = Unavailable desc = connection error: desc = "transport: Error while dialing: dial tcp 10.10.1.4:50053: connect: connection refused"
2026/10/04 08:08:08 telemetry push failed: rpc error: code = Unavailable desc = connection error: desc = "transport: Error while dialing: dial tcp 10.10.1.4:50053: connect: connection refused"
2026/10/04 08:08:11 telemetry push failed: rpc error: code = Unavailable desc = connection error: desc = "transport: Error while dialing: dial tcp 10.10.1.4:50053: connect: connection refused"
2026/10/04 08:08:14 telemetry push failed: rpc error: code = Unavailable desc = connection error: desc = "transport: Error while dialing: dial tcp 10.10.1.4:50053: connect: connection refused"
2026/10/04 08:08:17 telemetry push failed: rpc error: code = Unavailable desc = connection error: desc = "transport: Error while dialing: dial tcp 10.10.1.4:50053: connect: connection refused"
2026/10/04 08:08:20 telemetry push failed: rpc error: code = Unavailable desc = connection error: desc = "transport: Error while dialing: dial tcp 10.10.1.4:50053: connect: connection refused"
2026/10/04 08:08:23 telemetry push failed: rpc error: code = Unavailable desc = connection error: desc = "transport: Error while dialing: dial tcp 10.10.1.4:50053: connect: connection refused"
2026/10/04 08:08:26 telemetry push failed: rpc error: code = Unavailable desc = connection error: desc = "transport: Error while dialing: dial tcp 10.10.1.4:50053: connect: connection refused"
2026/10/04 08:08:29 telemetry push failed: rpc error: code = Unavailable desc = connection error: desc = "transport: Error while dialing: dial tcp 10.10.1.4:50053: connect: connection refused"
2026/10/04 08:08:32 telemetry push failed: rpc error: code = Unavailable desc = connection error: desc = "transport: Error while dialing: dial tcp 10.10.1.4:50053: connect: connection refused"
2026/10/04 08:08:35 telemetry push failed: rpc error: code = Unavailable desc = connection error: desc = "transport: Error while dialing: dial tcp 10.10.1.4:50053: connect: connection refused"
2026/10/04 08:08:38 telemetry push failed: rpc error: code = Unavailable desc = connection error: desc = "transport: Error while dialing: dial tcp 10.10.1.4:50053: connect: connection refused"
2026/10/04 08:08:41 telemetry push failed: rpc error: code = Unavailable desc = connection error: desc = "transport: Error while dialing: dial tcp 10.10.1.4:50053: connect: connection refused"
2026/10/04 08:08:44 telemetry push failed: rpc error: code = Unavailable desc = connection error: desc = "transport: Error while dialing: dial tcp 10.10.1.4:50053: connect: connection refused"
2026/10/04 08:08:47 telemetry push failed: rpc error: code = Unavailable desc = connection error: desc = "transport: Error while dialing: dial tcp 10.10.1.4:50053: connect: connection refused"
2026/10/04 08:08:50 telemetry push failed: rpc error: code = Unavailable desc = connection error: desc = "transport: Error while dialing: dial tcp 10.10.1.4:50053: connect: connection refused"
2026/10/04 08:08:53 telemetry push failed: rpc error: code = Unavailable desc = connection error: desc = "transport: Error while dialing: dial tcp 10.10.1.4:50053: connect: connection refused"
2026/10/04 08:08:56 telemetry push failed: rpc error: code = Unavailable desc = connection error: desc = "transport: Error while dialing: dial tcp 10.10.1.4:50053: connect: connection refused"
2026/10/04 08:08:59 telemetry push failed: rpc error: code = Unavailable desc = connection error: desc = "transport: Error while dialing: dial tcp 10.10.1.4:50053: connect: connection refused"
2026/10/04 08:09:02 telemetry push failed: rpc error: code = Unavailable desc = connection error: desc = "transport: Error while dialing: dial tcp 10.10.1.4:50053: connect: connection refused"
2026/10/04 08:09:05 telemetry push failed: rpc error: code = Unavailable desc = connection error: desc = "transport: Error while dialing: dial tcp 10.10.1.4:50053: connect: connection refused"
2026/10/04 08:09:08 telemetry push failed: rpc error: code = Unavailable desc = connection error: desc = "transport: Error while dialing: dial tcp 10.10.1.4:50053: connect: connection refused"
2026/10/04 08:09:11 telemetry push failed: rpc error: code = Unavailable desc = connection error: desc = "transport: Error while dialing: dial tcp 10.10.1.4:50053: connect: connection refused"
2026/10/04 08:09:14 telemetry push failed: rpc error: code = Unavailable desc = connection error: desc = "transport: Error while dialing: dial tcp 10.10.1.4:50053: connect: connection refused"
2026/10/04 08:09:17 telemetry push failed: rpc error: code = Unavailable desc = connection error: desc = "transport: Error while dialing: dial tcp 10.10.1.4:50053: connect: connection refused"
2026/10/04 08:09:20 telemetry push failed: rpc error: code = Unavailable desc = connection error: desc = "transport: Error while dialing: dial tcp 10.10.1.4:50053: connect: connection refused"
2026/10/04 08:09:23 telemetry push failed: rpc error: code = Unavailable desc = connection error: desc = "transport: Error while dialing: dial tcp 10.10.1.4:50053: connect: connection refused"
2026/10/04 08:09:26 telemetry push failed: rpc error: code = Unavailable desc = connection error: desc = "transport: Error while dialing: dial tcp 10.10.1.4:50053: connect: connection refused"
2026/10/04 08:09:29 telemetry push failed: rpc error: code = Unavailable desc = connection error: desc = "transport: Error while dialing: dial tcp 10.10.1.4:50053: connect: connection refused"
2026/10/04 08:09:32 telemetry push failed: rpc error: code = Unavailable desc = connection error: desc = "transport: Error while dialing: dial tcp 10.10.1.4:50053: connect: connection refused"
2026/10/04 08:09:35 telemetry push failed: rpc error: code = Unavailable desc = connection error: desc = "transport: Error while dialing: dial tcp 10.10.1.4:50053: connect: connection refused"
2026/10/04 08:09:38 telemetry push failed: rpc error: code = Unavailable desc = connection error: desc = "transport: Error while dialing: dial tcp 10.10.1.4:50053: connect: connection refused"
2026/10/04 08:09:41 telemetry push failed: rpc error: code = Unavailable desc = connection error: desc = "transport: Error while dialing: dial tcp 10.10.1.4:50053: connect: connection refused"
2026/10/04 08:09:44 telemetry push failed: rpc error: code = Unavailable desc = connection error: desc = "transport: Error while dialing: dial tcp 10.10.1.4:50053: connect: connection refused"
2026/10/04 08:09:47 telemetry push failed: rpc error: code = Unavailable desc = connection error: desc = "transport: Error while dialing: dial tcp 10.10.1.4:50053: connect: connection refused"
2026/10/04 08:09:50 telemetry push failed: rpc error: code = Unavailable desc = connection error: desc = "transport: Error while dialing: dial tcp 10.10.1.4:50053: connect: connection refused"
2026/10/04 08:09:53 telemetry push failed: rpc error: code = Unavailable desc = connection error: desc = "transport: Error while dialing: dial tcp 10.10.1.4:50053: connect: connection refused"
2026/10/04 08:09:56 telemetry push failed: rpc error: code = Unavailable desc = connection error: desc = "transport: Error while dialing: dial tcp 10.10.1.4:50053: connect: connection refused"
2026/10/04 08:09:59 telemetry push failed: rpc error: code = Unavailable desc = connection error: desc = "transport: Error while dialing: dial tcp 10.10.1.4:50053: connect: connection refused"
2026/10/04 08:10:03 telemetry push failed: rpc error: code = Unavailable desc = connection error: desc = "transport: Error while dialing: dial tcp 10.10.1.4:50053: connect: connection refused"
2026/10/04 08:10:06 telemetry push failed: rpc error: code = Unavailable desc = connection error: desc = "transport: Error while dialing: dial tcp 10.10.1.4:50053: connect: connection refused"
2026/10/04 08:10:09 telemetry push failed: rpc error: code = Unavailable desc = connection error: desc = "transport: Error while dialing: dial tcp 10.10.1.4:50053: connect: connection refused"
2026/10/04 08:10:12 telemetry push failed: rpc error: code = Unavailable desc = connection error: desc = "transport: Error while dialing: dial tcp 10.10.1.4:50053: connect: connection refused"
2026/10/04 08:10:15 telemetry push failed: rpc error: code = Unavailable desc = connection error: desc = "transport: Error while dialing: dial tcp 10.10.1.4:50053: connect: connection refused"
2026/10/04 08:10:18 telemetry push failed: rpc error: code = Unavailable desc = connection error: desc = "transport: Error while dialing: dial tcp 10.10.1.4:50053: connect: connection refused"
2026/10/04 08:10:21 telemetry push failed: rpc error: code = Unavailable desc = connection error: desc = "transport: Error while dialing: dial tcp 10.10.1.4:50053: connect: connection refused"
2026/10/04 08:10:24 telemetry push failed: rpc error: code = Unavailable desc = connection error: desc = "transport: Error while dialing: dial tcp 10.10.1.4:50053: connect: connection refused"
2026/10/04 08:10:27 telemetry push failed: rpc error: code = Unavailable desc = connection error: desc = "transport: Error while dialing: dial tcp 10.10.1.4:50053: connect: connection refused"
2026/10/04 08:10:30 telemetry push failed: rpc error: code = Unavailable desc = connection error: desc = "transport: Error while dialing: dial tcp 10.10.1.4:50053: connect: connection refused"
2026/10/04 08:10:33 telemetry push failed: rpc error: code = Unavailable desc = connection error: desc = "transport: Error while dialing: dial tcp 10.10.1.4:50053: connect: connection refused"
2026/10/04 08:10:36 telemetry push failed: rpc error: code = Unavailable desc = connection error: desc = "transport: Error while dialing: dial tcp 10.10.1.4:50053: connect: connection refused"
2026/10/04 08:10:39 telemetry push failed: rpc error: code = Unavailable desc = connection error: desc = "transport: Error while dialing: dial tcp 10.10.1.4:50053: connect: connection refused"
2026/10/04 08:10:42 telemetry push failed: rpc error: code = Unavailable desc = connection error: desc = "transport: Error while dialing: dial tcp 10.10.1.4:50053: connect: connection refused"
2026/10/04 08:10:45 telemetry push failed: rpc error: code = Unavailable desc = connection error: desc = "transport: Error while dialing: dial tcp 10.10.1.4:50053: connect: connection refused"
2026/10/04 08:10:48 telemetry push failed: rpc error: code = Unavailable desc = connection error: desc = "transport: Error while dialing: dial tcp 10.10.1.4:50053: connect: connection refused"
2026/10/04 08:10:51 telemetry push failed: rpc error: code = Unavailable desc = connection error: desc = "transport: Error while dialing: dial tcp 10.10.1.4:50053: connect: connection refused"
2026/10/04 08:10:54 telemetry push failed: rpc error: code = Unavailable desc = connection error: desc = "transport: Error while dialing: dial tcp 10.10.1.4:50053: connect: connection refused"
2026/10/04 08:10:57 telemetry push failed: rpc error: code = Unavailable desc = connection error: desc = "transport: Error while dialing: dial tcp 10.10.1.4:50053: connect: connection refused"
2026/10/04 08:11:00 telemetry push failed: rpc error: code = Unavailable desc = connection error: desc = "transport: Error while dialing: dial tcp 10.10.1.4:50053: connect: connection refused"
2026/10/04 08:11:03 telemetry push failed: rpc error: code = Unavailable desc = connection error: desc = "transport: Error while dialing: dial tcp 10.10.1.4:50053: connect: connection refused"
2026/10/04 08:11:06 telemetry push failed: rpc error: code = Unavailable desc = connection error: desc = "transport: Error while dialing: dial tcp 10.10.1.4:50053: connect: connection refused"
2026/10/04 08:11:09 telemetry push failed: rpc error: code = Unavailable desc = connection error: desc = "transport: Error while dialing: dial tcp 10.10.1.4:50053: connect: connection refused"
2026/10/04 08:11:12 telemetry push failed: rpc error: code = Unavailable desc = connection error: desc = "transport: Error while dialing: dial tcp 10.10.1.4:50053: connect: connection refused"
2026/10/04 08:11:15 telemetry push failed: rpc error: code = Unavailable desc = connection error: desc = "transport: Error while dialing: dial tcp 10.10.1.4:50053: connect: connection refused"
2026/10/04 08:11:18 telemetry push failed: rpc error: code = Unavailable desc = connection error: desc = "transport: Error while dialing: dial tcp 10.10.1.4:50053: connect: connection refused"
2026/10/04 08:11:21 telemetry push failed: rpc error: code = Unavailable desc = connection error: desc = "transport: Error while dialing: dial tcp 10.10.1.4:50053: connect: connection refused"
2026/10/04 08:11:24 telemetry push failed: rpc error: code = Unavailable desc = connection error: desc = "transport: Error while dialing: dial tcp 10.10.1.4:50053: connect: connection refused"
2026/10/04 08:11:27 telemetry push failed: rpc error: code = Unavailable desc = connection error: desc = "transport: Error while dialing: dial tcp 10.10.1.4:50053: connect: connection refused"
2026/10/04 08:11:30 telemetry push failed: rpc error: code = Unavailable desc = connection error: desc = "transport: Error while dialing: dial tcp 10.10.1.4:50053: connect: connection refused"
2026/10/04 08:11:33 telemetry push failed: rpc error: code = Unavailable desc = connection error: desc = "transport: Error while dialing: dial tcp 10.10.1.4:50053: connect: connection refused"
2026/10/04 08:11:36 telemetry push failed: rpc error: code = Unavailable desc = connection error: desc = "transport: Error while dialing: dial tcp 10.10.1.4:50053: connect: connection refused"
2026/10/04 08:11:39 telemetry push failed: rpc error: code = Unavailable desc = connection error: desc = "transport: Error while dialing: dial tcp 10.10.1.4:50053: connect: connection refused"
2026/10/04 08:11:42 telemetry push failed: rpc error: code = Unavailable desc = connection error: desc = "transport: Error while dialing: dial tcp 10.10.1.4:50053: connect: connection refused"
2026/10/04 08:11:45 telemetry push failed: rpc error: code = Unavailable desc = connection error: desc = "transport: Error while dialing: dial tcp 10.10.1.4:50053: connect: connection refused"
2026/10/04 08:11:48 telemetry push failed: rpc error: code = Unavailable desc = connection error: desc = "transport: Error while dialing: dial tcp 10.10.1.4:50053: connect: connection refused"
2026/10/04 08:11:51 telemetry push failed: rpc error: code = Unavailable desc = connection error: desc = "transport: Error while dialing: dial tcp 10.10.1.4:50053: connect: connection refused"
2026/10/04 08:11:54 telemetry push failed: rpc error: code = Unavailable desc = connection error: desc = "transport: Error while dialing: dial tcp 10.10.1.4:50053: connect: connection refused"
2026/10/04 08:11:57 telemetry push failed: rpc error: code = Unavailable desc = connection error: desc = "transport: Error while dialing: dial tcp 10.10.1.4:50053: connect: connection refused"
2026/10/04 08:12:00 telemetry push failed: rpc error: code = Unavailable desc = connection error: desc = "transport: Error while dialing: dial tcp 10.10.1.4:50053: connect: connection refused"
2026/10/04 08:12:03 telemetry push failed: rpc error: code = Unavailable desc = connection error: desc = "transport: Error while dialing: dial tcp 10.10.1.4:50053: connect: connection refused"
2026/10/04 08:12:06 telemetry push failed: rpc error: code = Unavailable desc = connection error: desc = "transport: Error while dialing: dial tcp 10.10.1.4:50053: connect: connection refused"
2026/10/04 08:12:09 telemetry push failed: rpc error: code = Unavailable desc = connection error: desc = "transport: Error while dialing: dial tcp 10.10.1.4:50053: connect: connection refused"
2026/10/04 08:12:12 telemetry push failed: rpc error: code = Unavailable desc = connection error: desc = "transport: Error while dialing: dial tcp 10.10.1.4:50053: connect: connection refused"
2026/10/04 08:12:15 telemetry push failed: rpc error: code = Unavailable desc = connection error: desc = "transport: Error while dialing: dial tcp 10.10.1.4:50053: connect: connection refused"
2026/10/04 08:12:18 telemetry push failed: rpc error: code = Unavailable desc = connection error: desc = "transport: Error while dialing: dial tcp 10.10.1.4:50053: connect: connection refused"
2026/10/04 08:12:21 telemetry push failed: rpc error: code = Unavailable desc = connection error: desc = "transport: Error while dialing: dial tcp 10.10.1.4:50053: connect: connection refused"
2026/10/04 08:12:24 telemetry push failed: rpc error: code = Unavailable desc = connection error: desc = "transport: Error while dialing: dial tcp 10.10.1.4:50053: connect: connection refused"
2026/10/04 08:12:27 telemetry push failed: rpc error: code = Unavailable desc = connection error: desc = "transport: Error while dialing: dial tcp 10.10.1.4:50053: connect: connection refused"
2026/10/04 08:12:30 telemetry push failed: rpc error: code = Unavailable desc = connection error: desc = "transport: Error while dialing: dial tcp 10.10.1.4:50053: connect: connection refused"
2026/10/04 08:12:33 telemetry push failed: rpc error: code = Unavailable desc = connection error: desc = "transport: Error while dialing: dial tcp 10.10.1.4:50053: connect: connection refused"
2026/10/04 08:12:36 telemetry push failed: rpc error: code = Unavailable desc = connection error: desc = "transport: Error while dialing: dial tcp 10.10.1.4:50053: connect: connection refused"
2026/10/04 08:12:39 telemetry push failed: rpc error: code = Unavailable desc = connection error: desc = "transport: Error while dialing: dial tcp 10.10.1.4:50053: connect: connection refused"
2026/10/04 08:12:42 telemetry push failed: rpc error: code = Unavailable desc = connection error: desc = "transport: Error while dialing: dial tcp 10.10.1.4:50053: connect: connection refused"
2026/10/04 08:12:45 telemetry push failed: rpc error: code = Unavailable desc = connection error: desc = "transport: Error while dialing: dial tcp 10.10.1.4:50053: connect: connection refused"
2026/10/04 08:12:48 telemetry push failed: rpc error: code = Unavailable desc = connection error: desc = "transport: Error while dialing: dial tcp 10.10.1.4:50053: connect: connection refused"
2026/10/04 08:12:51 telemetry push failed: rpc error: code = Unavailable desc = connection error: desc = "transport: Error while dialing: dial tcp 10.10.1.4:50053: connect: connection refused"
2026/10/04 08:12:54 telemetry push failed: rpc error: code = Unavailable desc = connection error: desc = "transport: Error while dialing: dial tcp 10.10.1.4:50053: connect: connection refused"
2026/10/04 08:12:57 telemetry push failed: rpc error: code = Unavailable desc = connection error: desc = "transport: Error while dialing: dial tcp 10.10.1.4:50053: connect: connection refused"
2026/10/04 08:13:00 telemetry push failed: rpc error: code = Unavailable desc = connection error: desc = "transport: Error while dialing: dial tcp 10.10.1.4:50053: connect: connection refused"
2026/10/04 08:13:03 telemetry push failed: rpc error: code = Unavailable desc = connection error: desc = "transport: Error while dialing: dial tcp 10.10.1.4:50053: connect: connection refused"
2026/10/04 08:13:06 telemetry push failed: rpc error: code = Unavailable desc = connection error: desc = "transport: Error while dialing: dial tcp 10.10.1.4:50053: connect: connection refused"
2026/10/04 08:13:09 telemetry push failed: rpc error: code = Unavailable desc = connection error: desc = "transport: Error while dialing: dial tcp 10.10.1.4:50053: connect: connection refused"
2026/10/04 08:13:12 telemetry push failed: rpc error: code = Unavailable desc = connection error: desc = "transport: Error while dialing: dial tcp 10.10.1.4:50053: connect: connection refused"
2026/10/04 08:13:15 telemetry push failed: rpc error: code = Unavailable desc = connection error: desc = "transport: Error while dialing: dial tcp 10.10.1.4:50053: connect: connection refused"
2026/10/04 08:13:18 telemetry push failed: rpc error: code = Unavailable desc = connection error: desc = "transport: Error while dialing: dial tcp 10.10.1.4:50053: connect: connection refused"
2026/10/04 08:13:21 telemetry push failed: rpc error: code = Unavailable desc = connection error: desc = "transport: Error while dialing: dial tcp 10.10.1.4:50053: connect: connection refused"
2026/10/04 08:13:24 telemetry push failed: rpc error: code = Unavailable desc = connection error: desc = "transport: Error while dialing: dial tcp 10.10.1.4:50053: connect: connection refused"
2026/10/04 08:13:27 telemetry push failed: rpc error: code = Unavailable desc = connection error: desc = "transport: Error while dialing: dial tcp 10.10.1.4:50053: connect: connection refused"
2026/10/04 08:13:30 telemetry push failed: rpc error: code = Unavailable desc = connection error: desc = "transport: Error while dialing: dial tcp 10.10.1.4:50053: connect: connection refused"
2026/10/04 08:13:33 telemetry push failed: rpc error: code = Unavailable desc = connection error: desc = "transport: Error while dialing: dial tcp 10.10.1.4:50053: connect: connection refused"
2026/10/04 08:13:36 telemetry push failed: rpc error: code = Unavailable desc = connection error: desc = "transport: Error while dialing: dial tcp 10.10.1.4:50053: connect: connection refused"
2026/10/04 08:13:39 telemetry push failed: rpc error: code = Unavailable desc = connection error: desc = "transport: Error while dialing: dial tcp 10.10.1.4:50053: connect: connection refused"
2026/10/04 08:13:42 telemetry push failed: rpc error: code = Unavailable desc = connection error: desc = "transport: Error while dialing: dial tcp 10.10.1.4:50053: connect: connection refused"
2026/10/04 08:13:45 telemetry push failed: rpc error: code = Unavailable desc = connection error: desc = "transport: Error while dialing: dial tcp 10.10.1.4:50053: connect: connection refused"
2026/10/04 08:13:48 telemetry push failed: rpc error: code = Unavailable desc = connection error: desc = "transport: Error while dialing: dial tcp 10.10.1.4:50053: connect: connection refused"
2026/10/04 08:13:51 telemetry push failed: rpc error: code = Unavailable desc = connection error: desc = "transport: Error while dialing: dial tcp 10.10.1.4:50053: connect: connection refused"
2026/10/04 08:13:54 telemetry push failed: rpc error: code = Unavailable desc = connection error: desc = "transport: Error while dialing: dial tcp 10.10.1.4:50053: connect: connection refused"
2026/10/04 08:13:57 telemetry push failed: rpc error: code = Unavailable desc = connection error: desc = "transport: Error while dialing: dial tcp 10.10.1.4:50053: connect: connection refused"
2026/10/04 08:14:00 telemetry push failed: rpc error: code = Unavailable desc = connection error: desc = "transport: Error while dialing: dial tcp 10.10.1.4:50053: connect: connection refused"
2026/10/04 08:14:03 telemetry push failed: rpc error: code = Unavailable desc = connection error: desc = "transport: Error while dialing: dial tcp 10.10.1.4:50053: connect: connection refused"
2026/10/04 08:14:06 telemetry push failed: rpc error: code = Unavailable desc = connection error: desc = "transport: Error while dialing: dial tcp 10.10.1.4:50053: connect: connection refused"
2026/10/04 08:14:09 telemetry push failed: rpc error: code = Unavailable desc = connection error: desc = "transport: Error while dialing: dial tcp 10.10.1.4:50053: connect: connection refused"
2026/10/04 08:14:12 telemetry push failed: rpc error: code = Unavailable desc = connection error: desc = "transport: Error while dialing: dial tcp 10.10.1.4:50053: connect: connection refused"
2026/10/04 08:14:15 telemetry push failed: rpc error: code = Unavailable desc = connection error: desc = "transport: Error while dialing: dial tcp 10.10.1.4:50053: connect: connection refused"
2026/10/04 08:14:18 telemetry push failed: rpc error: code = Unavailable desc = connection error: desc = "transport: Error while dialing: dial tcp 10.10.1.4:50053: connect: connection refused"
2026/10/04 08:14:21 telemetry push failed: rpc error: code = Unavailable desc = connection error: desc = "transport: Error while dialing: dial tcp 10.10.1.4:50053: connect: connection refused"
2026/10/04 08:14:24 telemetry push failed: rpc error: code = Unavailable desc = connection error: desc = "transport: Error while dialing: dial tcp 10.10.1.4:50053: connect: connection refused"
2026/10/04 08:14:27 telemetry push failed: rpc error: code = Unavailable desc = connection error: desc = "transport: Error while dialing: dial tcp 10.10.1.4:50053: connect: connection refused"
2026/10/04 08:14:30 telemetry push failed: rpc error: code = Unavailable desc = connection error: desc = "transport: Error while dialing: dial tcp 10.10.1.4:50053: connect: connection refused"
2026/10/04 08:14:33 telemetry push failed: rpc error: code = Unavailable desc = connection error: desc = "transport: Error while dialing: dial tcp 10.10.1.4:50053: connect: connection refused"
2026/10/04 08:14:36 telemetry push failed: rpc error: code = Unavailable desc = connection error: desc = "transport: Error while dialing: dial tcp 10.10.1.4:50053: connect: connection refused"
2026/10/04 08:14:39 telemetry push failed: rpc error: code = Unavailable desc = connection error: desc = "transport: Error while dialing: dial tcp 10.10.1.4:50053: connect: connection refused"
2026/10/04 08:14:42 telemetry push failed: rpc error: code = Unavailable desc = connection error: desc = "transport: Error while dialing: dial tcp 10.10.1.4:50053: connect: connection refused"
2026/10/04 08:14:45 telemetry push failed: rpc error: code = Unavailable desc = connection error: desc = "transport: Error while dialing: dial tcp 10.10.1.4:50053: connect: connection refused"
2026/10/04 08:14:48 telemetry push failed: rpc error: code = Unavailable desc = connection error: desc = "transport: Error while dialing: dial tcp 10.10.1.4:50053: connect: connection refused"
2026/10/04 08:14:51 telemetry push failed: rpc error: code = Unavailable desc = connection error: desc = "transport: Error while dialing: dial tcp 10.10.1.4:50053: connect: connection refused"
2026/10/04 08:14:54 telemetry push failed: rpc error: code = Unavailable desc = connection error: desc = "transport: Error while dialing: dial tcp 10.10.1.4:50053: connect: connection refused"
2026/10/04 08:14:57 telemetry push failed: rpc error: code = Unavailable desc = connection error: desc = "transport: Error while dialing: dial tcp 10.10.1.4:50053: connect: connection refused"
2026/10/04 08:15:00 telemetry push failed: rpc error: code = Unavailable desc = connection error: desc = "transport: Error while dialing: dial tcp 10.10.1.4:50053: connect: connection refused"
2026/10/04 08:15:03 telemetry push failed: rpc error: code = Unavailable desc = connection error: desc = "transport: Error while dialing: dial tcp 10.10.1.4:50053: connect: connection refused"
2026/10/04 08:15:06 telemetry push failed: rpc error: code = Unavailable desc = connection error: desc = "transport: Error while dialing: dial tcp 10.10.1.4:50053: connect: connection refused"
2026/10/04 08:15:09 telemetry push failed: rpc error: code = Unavailable desc = connection error: desc = "transport: Error while dialing: dial tcp 10.10.1.4:50053: connect: connection refused"
2026/10/04 08:15:12 telemetry push failed: rpc error: code = Unavailable desc = connection error: desc = "transport: Error while dialing: dial tcp 10.10.1.4:50053: connect: connection refused"
2026/10/04 08:15:15 telemetry push failed: rpc error: code = Unavailable desc = connection error: desc = "transport: Error while dialing: dial tcp 10.10.1.4:50053: connect: connection refused"
2026/10/04 08:15:18 telemetry push failed: rpc error: code = Unavailable desc = connection error: desc = "transport: Error while dialing: dial tcp 10.10.1.4:50053: connect: connection refused"
2026/10/04 08:15:21 telemetry push failed: rpc error: code = Unavailable desc = connection error: desc = "transport: Error while dialing: dial tcp 10.10.1.4:50053: connect: connection refused"
2026/10/04 08:15:24 telemetry push failed: rpc error: code = Unavailable desc = connection error: desc = "transport: Error while dialing: dial tcp 10.10.1.4:50053: connect: connection refused"
2026/10/04 08:15:27 telemetry push failed: rpc error: code = Unavailable desc = connection error: desc = "transport: Error while dialing: dial tcp 10.10.1.4:50053: connect: connection refused"
2026/10/04 08:15:30 telemetry push failed: rpc error: code = Unavailable desc = connection error: desc = "transport: Error while dialing: dial tcp 10.10.1.4:50053: connect: connection refused"
2026/10/04 08:15:33 telemetry push failed: rpc error: code = Unavailable desc = connection error: desc = "transport: Error while dialing: dial tcp 10.10.1.4:50053: connect: connection refused"
2026/10/04 08:15:36 telemetry push failed: rpc error: code = Unavailable desc = connection error: desc = "transport: Error while dialing: dial tcp 10.10.1.4:50053: connect: connection refused"
2026/10/04 08:15:39 telemetry push failed: rpc error: code = Unavailable desc = connection error: desc = "transport: Error while dialing: dial tcp 10.10.1.4:50053: connect: connection refused"
2026/10/04 08:15:42 telemetry push failed: rpc error: code = Unavailable desc = connection error: desc = "transport: Error while dialing: dial tcp 10.10.1.4:50053: connect: connection refused"
2026/10/04 08:15:45 telemetry push failed: rpc error: code = Unavailable desc = connection error: desc = "transport: Error while dialing: dial tcp 10.10.1.4:50053: connect: connection refused"
2026/10/04 08:15:48 telemetry push failed: rpc error: code = Unavailable desc = connection error: desc = "transport: Error while dialing: dial tcp 10.10.1.4:50053: connect: connection refused"
2026/10/04 08:15:51 telemetry push failed: rpc error: code = Unavailable desc = connection error: desc = "transport: Error while dialing: dial tcp 10.10.1.4:50053: connect: connection refused"
2026/10/04 08:15:54 telemetry push failed: rpc error: code = Unavailable desc = connection error: desc = "transport: Error while dialing: dial tcp 10.10.1.4:50053: connect: connection refused"
2026/10/04 08:15:57 telemetry push failed: rpc error: code = Unavailable desc = connection error: desc = "transport: Error while dialing: dial tcp 10.10.1.4:50053: connect: connection refused"
2026/10/04 08:16:00 telemetry push failed: rpc error: code = Unavailable desc = connection error: desc = "transport: Error while dialing: dial tcp 10.10.1.4:50053: connect: connection refused"
2026/10/04 08:16:03 telemetry push failed: rpc error: code = Unavailable desc = connection error: desc = "transport: Error while dialing: dial tcp 10.10.1.4:50053: connect: connection refused"
2026/10/04 08:16:06 telemetry push failed: rpc error: code = Unavailable desc = connection error: desc = "transport: Error while dialing: dial tcp 10.10.1.4:50053: connect: connection refused"
2026/10/04 08:16:09 telemetry push failed: rpc error: code = Unavailable desc = connection error: desc = "transport: Error while dialing: dial tcp 10.10.1.4:50053: connect: connection refused"
2026/10/04 08:16:12 telemetry push failed: rpc error: code = Unavailable desc = connection error: desc = "transport: Error while dialing: dial tcp 10.10.1.4:50053: connect: connection refused"
2026/10/04 08:16:15 telemetry push failed: rpc error: code = Unavailable desc = connection error: desc = "transport: Error while dialing: dial tcp 10.10.1.4:50053: connect: connection refused"
2026/10/04 08:16:18 telemetry push failed: rpc error: code = Unavailable desc = connection error: desc = "transport: Error while dialing: dial tcp 10.10.1.4:50053: connect: connection refused"
2026/10/04 08:16:21 telemetry push failed: rpc error: code = Unavailable desc = connection error: desc = "transport: Error while dialing: dial tcp 10.10.1.4:50053: connect: connection refused"
2026/10/04 08:16:24 telemetry push failed: rpc error: code = Unavailable desc = connection error: desc = "transport: Error while dialing: dial tcp 10.10.1.4:50053: connect: connection refused"
2026/10/04 08:16:27 telemetry push failed: rpc error: code = Unavailable desc = connection error: desc = "transport: Error while dialing: dial tcp 10.10.1.4:50053: connect: connection refused"
2026/10/04 08:16:30 telemetry push failed: rpc error: code = Unavailable desc = connection error: desc = "transport: Error while dialing: dial tcp 10.10.1.4:50053: connect: connection refused"
2026/10/04 08:16:33 telemetry push failed: rpc error: code = Unavailable desc = connection error: desc = "transport: Error while dialing: dial tcp 10.10.1.4:50053: connect: connection refused"
2026/10/04 08:16:36 telemetry push failed: rpc error: code = Unavailable desc = connection error: desc = "transport: Error while dialing: dial tcp 10.10.1.4:50053: connect: connection refused"
2026/10/04 08:16:39 telemetry push failed: rpc error: code = Unavailable desc = connection error: desc = "transport: Error while dialing: dial tcp 10.10.1.4:50053: connect: connection refused"
2026/10/04 08:16:42 telemetry push failed: rpc error: code = Unavailable desc = connection error: desc = "transport: Error while dialing: dial tcp 10.10.1.4:50053: connect: connection refused"
2026/10/04 08:16:45 telemetry push failed: rpc error: code = Unavailable desc = connection error: desc = "transport: Error while dialing: dial tcp 10.10.1.4:50053: connect: connection refused"
2026/10/04 08:16:48 telemetry push failed: rpc error: code = Unavailable desc = connection error: desc = "transport: Error while dialing: dial tcp 10.10.1.4:50053: connect: connection refused"
2026/10/04 08:16:51 telemetry push failed: rpc error: code = Unavailable desc = connection error: desc = "transport: Error while dialing: dial tcp 10.10.1.4:50053: connect: connection refused"
2026/10/04 08:16:54 telemetry push failed: rpc error: code = Unavailable desc = connection error: desc = "transport: Error while dialing: dial tcp 10.10.1.4:50053: connect: connection refused"
2026/10/04 08:16:57 telemetry push failed: rpc error: code = Unavailable desc = connection error: desc = "transport: Error while dialing: dial tcp 10.10.1.4:50053: connect: connection refused"
2026/10/04 08:17:00 telemetry push failed: rpc error: code = Unavailable desc = connection error: desc = "transport: Error while dialing: dial tcp 10.10.1.4:50053: connect: connection refused"
2026/10/04 08:17:03 telemetry push failed: rpc error: code = Unavailable desc = connection error: desc = "transport: Error while dialing: dial tcp 10.10.1.4:50053: connect: connection refused"
2026/10/04 08:17:07 telemetry push failed: rpc error: code = DeadlineExceeded desc = context deadline exceeded while waiting for connections to become ready
2026/10/04 08:17:11 telemetry push failed: rpc error: code = DeadlineExceeded desc = context deadline exceeded while waiting for connections to become ready
2026/10/04 08:17:15 telemetry push failed: rpc error: code = DeadlineExceeded desc = context deadline exceeded while waiting for connections to become ready
2026/10/04 08:17:18 telemetry push failed: rpc error: code = DeadlineExceeded desc = context deadline exceeded while waiting for connections to become ready
2026/10/04 08:17:21 telemetry push failed: rpc error: code = Unavailable desc = connection error: desc = "transport: Error while dialing: dial tcp 10.10.1.4:50053: connect: connection refused"
2026/10/04 08:17:24 telemetry push failed: rpc error: code = Unavailable desc = connection error: desc = "transport: Error while dialing: dial tcp 10.10.1.4:50053: connect: connection refused"
2026/10/04 08:17:27 telemetry push failed: rpc error: code = Unavailable desc = connection error: desc = "transport: Error while dialing: dial tcp 10.10.1.4:50053: connect: connection refused"
2026/10/04 08:17:31 telemetry push failed: rpc error: code = Unavailable desc = connection error: desc = "transport: Error while dialing: dial tcp 10.10.1.4:50053: connect: connection refused"
2026/10/04 08:17:34 telemetry push failed: rpc error: code = Unavailable desc = connection error: desc = "transport: Error while dialing: dial tcp 10.10.1.4:50053: connect: connection refused"
2026/10/04 08:17:37 telemetry push failed: rpc error: code = Unavailable desc = connection error: desc = "transport: Error while dialing: dial tcp 10.10.1.4:50053: connect: connection refused"
2026/10/04 08:17:40 telemetry push failed: rpc error: code = Unavailable desc = connection error: desc = "transport: Error while dialing: dial tcp 10.10.1.4:50053: connect: connection refused"
2026/10/04 08:17:43 telemetry push failed: rpc error: code = Unavailable desc = connection error: desc = "transport: Error while dialing: dial tcp 10.10.1.4:50053: connect: connection refused"
2026/10/04 08:17:46 telemetry push failed: rpc error: code = Unavailable desc = connection error: desc = "transport: Error while dialing: dial tcp 10.10.1.4:50053: connect: connection refused"
2026/10/04 08:17:49 telemetry push failed: rpc error: code = Unavailable desc = connection error: desc = "transport: Error while dialing: dial tcp 10.10.1.4:50053: connect: connection refused"
2026/10/04 08:17:50 gpu telemetry: measured execution speed pushed by the co-located worker
2026/10/04 08:17:50 advertising worker 10.10.1.5:50051 while it is serving gRPC
2026/10/04 08:17:50 eBPF tcpmon attached (ports 50051-50051)
2026/10/04 08:17:50 pushing telemetry to 10.10.1.4:50053
2026/10/04 08:17:50 node agent vm3 listening on :9101
2026/10/04 08:17:51 worker 10.10.1.5:50051 ready=true
2026/10/04 08:17:51 telemetry push failed: rpc error: code = Unavailable desc = connection error: desc = "transport: Error while dialing: dial tcp 10.10.1.4:50053: connect: connection refused"
2026/10/04 08:17:54 telemetry push failed: rpc error: code = Unavailable desc = connection error: desc = "transport: Error while dialing: dial tcp 10.10.1.4:50053: connect: connection refused"
2026/10/04 08:17:57 telemetry push failed: rpc error: code = Unavailable desc = connection error: desc = "transport: Error while dialing: dial tcp 10.10.1.4:50053: connect: connection refused"
2026/10/04 08:18:00 telemetry push failed: rpc error: code = Unavailable desc = connection error: desc = "transport: Error while dialing: dial tcp 10.10.1.4:50053: connect: connection refused"
2026/10/04 08:18:03 telemetry push failed: rpc error: code = Unavailable desc = connection error: desc = "transport: Error while dialing: dial tcp 10.10.1.4:50053: connect: connection refused"
2026/10/04 08:18:06 telemetry push failed: rpc error: code = Unavailable desc = connection error: desc = "transport: Error while dialing: dial tcp 10.10.1.4:50053: connect: connection refused"
2026/10/04 08:18:09 telemetry push failed: rpc error: code = Unavailable desc = connection error: desc = "transport: Error while dialing: dial tcp 10.10.1.4:50053: connect: connection refused"
2026/10/04 08:26:58 telemetry push failed: rpc error: code = Unavailable desc = connection error: desc = "transport: Error while dialing: dial tcp 10.10.1.4:50053: connect: connection refused"
2026/10/04 08:47:51 worker 10.10.1.5:50051 ready=false
2026/10/04 08:47:52 worker 10.10.1.5:50051 ready=true
2026/10/04 08:53:33 telemetry push failed: rpc error: code = Unavailable desc = connection error: desc = "transport: Error while dialing: dial tcp 10.10.1.4:50053: connect: connection refused"
2026/10/04 09:17:52 worker 10.10.1.5:50051 ready=false
2026/10/04 09:17:53 worker 10.10.1.5:50051 ready=true
2026/10/04 09:47:53 worker 10.10.1.5:50051 ready=false
2026/10/04 09:47:54 worker 10.10.1.5:50051 ready=true
2026/10/04 10:12:20 gpu telemetry: measured execution speed pushed by the co-located worker
2026/10/04 10:12:20 advertising worker 10.10.1.5:50051 while it is serving gRPC
2026/10/04 10:12:21 eBPF tcpmon attached (ports 50051-50051)
2026/10/04 10:12:21 pushing telemetry to 10.10.1.4:50053
2026/10/04 10:12:21 node agent vm3 listening on :9101
2026/10/04 10:12:21 worker 10.10.1.5:50051 ready=true
2026/10/04 10:16:33 gpu telemetry: measured execution speed pushed by the co-located worker
2026/10/04 10:16:33 advertising worker 10.10.1.5:50051 while it is serving gRPC
2026/10/04 10:16:33 eBPF tcpmon attached (ports 50051-50051)
2026/10/04 10:16:33 pushing telemetry to 10.10.1.4:50053
2026/10/04 10:16:33 node agent vm3 listening on :9101
2026/10/04 10:16:34 worker 10.10.1.5:50051 ready=true
2026/10/04 10:20:48 gpu telemetry: measured execution speed pushed by the co-located worker
2026/10/04 10:20:48 advertising worker 10.10.1.5:50051 while it is serving gRPC
2026/10/04 10:20:48 eBPF tcpmon attached (ports 50051-50051)
2026/10/04 10:20:48 pushing telemetry to 10.10.1.4:50053
2026/10/04 10:20:48 node agent vm3 listening on :9101
2026/10/04 10:20:49 worker 10.10.1.5:50051 ready=true
2026/10/04 10:25:05 gpu telemetry: measured execution speed pushed by the co-located worker
2026/10/04 10:25:05 advertising worker 10.10.1.5:50051 while it is serving gRPC
2026/10/04 10:25:05 eBPF tcpmon attached (ports 50051-50051)
2026/10/04 10:25:05 pushing telemetry to 10.10.1.4:50053
2026/10/04 10:25:05 node agent vm3 listening on :9101
2026/10/04 10:25:06 worker 10.10.1.5:50051 ready=true
2026/10/04 10:29:24 gpu telemetry: measured execution speed pushed by the co-located worker
2026/10/04 10:29:24 advertising worker 10.10.1.5:50051 while it is serving gRPC
2026/10/04 10:29:24 eBPF tcpmon attached (ports 50051-50051)
2026/10/04 10:29:24 pushing telemetry to 10.10.1.4:50053
2026/10/04 10:29:24 node agent vm3 listening on :9101
2026/10/04 10:29:25 worker 10.10.1.5:50051 ready=true
2026/10/04 10:30:39 telemetry push failed: rpc error: code = Unavailable desc = connection error: desc = "transport: Error while dialing: dial tcp 10.10.1.4:50053: connect: connection refused"
2026/10/04 10:33:43 gpu telemetry: measured execution speed pushed by the co-located worker
2026/10/04 10:33:43 advertising worker 10.10.1.5:50051 while it is serving gRPC
2026/10/04 10:33:43 eBPF tcpmon attached (ports 50051-50051)
2026/10/04 10:33:43 pushing telemetry to 10.10.1.4:50053
2026/10/04 10:33:43 node agent vm3 listening on :9101
2026/10/04 10:33:44 worker 10.10.1.5:50051 ready=true
2026/10/04 10:48:17 gpu telemetry: measured execution speed pushed by the co-located worker
2026/10/04 10:48:17 advertising worker 10.10.1.5:50051 while it is serving gRPC
2026/10/04 10:48:17 eBPF tcpmon attached (ports 50051-50051)
2026/10/04 10:48:17 pushing telemetry to 10.10.1.4:50053
2026/10/04 10:48:17 node agent vm3 listening on :9101
2026/10/04 10:48:18 worker 10.10.1.5:50051 ready=true
