experiment,artifact,source
azure-d4-2026-09,EXPERIMENT.md,results/azure-d4-2026-09/EXPERIMENT.md
azure-d4-2026-09,INDEX.md,results/azure-d4-2026-09/INDEX.md
azure-d4-2026-09,README.md,docs/data/azure-d4-2026-09/README.md
azure-d4-2026-09,kv-reconstruction.csv,docs/data/azure-d4-2026-09/kv-reconstruction.csv
azure-d4-2026-09,machine_info.json,docs/data/azure-d4-2026-09/machine_info.json
azure-d4-2026-09,per-layer-cost.csv,docs/data/azure-d4-2026-09/per-layer-cost.csv
azure-d4-2026-09,run_meta.json,docs/data/azure-d4-2026-09/run_meta.json
azure-d4-2026-09,single-device-baseline.csv,docs/data/azure-d4-2026-09/single-device-baseline.csv
azure-vm-2026-10-04,EXPERIMENT.md,results/azure-vm-2026-10-04/EXPERIMENT.md
azure-vm-2026-10-04,INDEX.md,results/azure-vm-2026-10-04/INDEX.md
azure-vm-2026-10-04,README.md,docs/data/azure-vm-2026-10-04/README.md
azure-vm-2026-10-04,SHA256SUMS,docs/data/azure-vm-2026-10-04/SHA256SUMS
azure-vm-2026-10-04,baseline-analysis.txt,docs/data/azure-vm-2026-10-04/baseline-analysis.txt
azure-vm-2026-10-04,measured-analysis.txt,docs/data/azure-vm-2026-10-04/measured-analysis.txt
azure-vm-2026-10-04,provenance/README.md,docs/data/azure-vm-2026-10-04/provenance/README.md
azure-vm-2026-10-04,provenance/baseline.log,docs/data/azure-vm-2026-10-04/provenance/baseline.log
azure-vm-2026-10-04,provenance/baseline.sh,docs/data/azure-vm-2026-10-04/provenance/baseline.sh
azure-vm-2026-10-04,provenance/main.log,docs/data/azure-vm-2026-10-04/provenance/main.log
azure-vm-2026-10-04,provenance/main.sh,docs/data/azure-vm-2026-10-04/provenance/main.sh
azure-vm-2026-10-04,provenance/profile.env,docs/data/azure-vm-2026-10-04/provenance/profile.env
azure-vm-2026-10-04,provenance/vm2/README.md,docs/data/azure-vm-2026-10-04/provenance/vm2/README.md
azure-vm-2026-10-04,provenance/vm2/archive/README.md,docs/data/azure-vm-2026-10-04/provenance/vm2/archive/README.md
azure-vm-2026-10-04,provenance/vm2/archive/pilot-0817/README.md,docs/data/azure-vm-2026-10-04/provenance/vm2/archive/pilot-0817/README.md
azure-vm-2026-10-04,provenance/vm2/archive/pilot-0817/compute-1.0_gate_ebpf+app_c2_r1_20261004T063126/README.md,docs/data/azure-vm-2026-10-04/provenance/vm2/archive/pilot-0817/compute-1.0_gate_ebpf+app_c2_r1_20261004T063126/README.md
azure-vm-2026-10-04,provenance/vm2/archive/pilot-0817/compute-1.0_gate_ebpf+app_c2_r1_20261004T063126/decisions.json,docs/data/azure-vm-2026-10-04/provenance/vm2/archive/pilot-0817/compute-1.0_gate_ebpf+app_c2_r1_20261004T063126/decisions.json
azure-vm-2026-10-04,provenance/vm2/archive/pilot-0817/compute-1.0_gate_ebpf+app_c2_r1_20261004T063126/faults.csv,docs/data/azure-vm-2026-10-04/provenance/vm2/archive/pilot-0817/compute-1.0_gate_ebpf+app_c2_r1_20261004T063126/faults.csv
azure-vm-2026-10-04,provenance/vm2/archive/pilot-0817/compute-1.0_gate_ebpf+app_c2_r1_20261004T063126/meta.json,docs/data/azure-vm-2026-10-04/provenance/vm2/archive/pilot-0817/compute-1.0_gate_ebpf+app_c2_r1_20261004T063126/meta.json
azure-vm-2026-10-04,provenance/vm2/archive/pilot-0817/compute-1.0_gate_ebpf+app_c2_r1_20261004T063126/requests.csv,docs/data/azure-vm-2026-10-04/provenance/vm2/archive/pilot-0817/compute-1.0_gate_ebpf+app_c2_r1_20261004T063126/requests.csv
azure-vm-2026-10-04,provenance/vm2/archive/pilot-0817/compute-1.0_gate_ebpf+app_c2_r1_20261004T063126/series.csv,docs/data/azure-vm-2026-10-04/provenance/vm2/archive/pilot-0817/compute-1.0_gate_ebpf+app_c2_r1_20261004T063126/series.csv
azure-vm-2026-10-04,provenance/vm2/archive/pilot-0817/failed_runs.log,docs/data/azure-vm-2026-10-04/provenance/vm2/archive/pilot-0817/failed_runs.log
azure-vm-2026-10-04,provenance/vm2/archive/pilot-0817/loss-0_gate_ebpf+app_c2_r1_20261004T064458/README.md,docs/data/azure-vm-2026-10-04/provenance/vm2/archive/pilot-0817/loss-0_gate_ebpf+app_c2_r1_20261004T064458/README.md
azure-vm-2026-10-04,provenance/vm2/archive/pilot-0817/loss-0_gate_ebpf+app_c2_r1_20261004T064458/decisions.json,docs/data/azure-vm-2026-10-04/provenance/vm2/archive/pilot-0817/loss-0_gate_ebpf+app_c2_r1_20261004T064458/decisions.json
azure-vm-2026-10-04,provenance/vm2/archive/pilot-0817/loss-0_gate_ebpf+app_c2_r1_20261004T064458/faults.csv,docs/data/azure-vm-2026-10-04/provenance/vm2/archive/pilot-0817/loss-0_gate_ebpf+app_c2_r1_20261004T064458/faults.csv
azure-vm-2026-10-04,provenance/vm2/archive/pilot-0817/loss-0_gate_ebpf+app_c2_r1_20261004T064458/meta.json,docs/data/azure-vm-2026-10-04/provenance/vm2/archive/pilot-0817/loss-0_gate_ebpf+app_c2_r1_20261004T064458/meta.json
azure-vm-2026-10-04,provenance/vm2/archive/pilot-0817/loss-0_gate_ebpf+app_c2_r1_20261004T064458/requests.csv,docs/data/azure-vm-2026-10-04/provenance/vm2/archive/pilot-0817/loss-0_gate_ebpf+app_c2_r1_20261004T064458/requests.csv
azure-vm-2026-10-04,provenance/vm2/archive/pilot-0817/loss-0_gate_ebpf+app_c2_r1_20261004T064458/series.csv,docs/data/azure-vm-2026-10-04/provenance/vm2/archive/pilot-0817/loss-0_gate_ebpf+app_c2_r1_20261004T064458/series.csv
azure-vm-2026-10-04,provenance/vm2/archive/pilot-0817/loss-0_hysteresis_ebpf+app_c2_r1_20261004T064042/README.md,docs/data/azure-vm-2026-10-04/provenance/vm2/archive/pilot-0817/loss-0_hysteresis_ebpf+app_c2_r1_20261004T064042/README.md
azure-vm-2026-10-04,provenance/vm2/archive/pilot-0817/loss-0_hysteresis_ebpf+app_c2_r1_20261004T064042/decisions.json,docs/data/azure-vm-2026-10-04/provenance/vm2/archive/pilot-0817/loss-0_hysteresis_ebpf+app_c2_r1_20261004T064042/decisions.json
azure-vm-2026-10-04,provenance/vm2/archive/pilot-0817/loss-0_hysteresis_ebpf+app_c2_r1_20261004T064042/faults.csv,docs/data/azure-vm-2026-10-04/provenance/vm2/archive/pilot-0817/loss-0_hysteresis_ebpf+app_c2_r1_20261004T064042/faults.csv
azure-vm-2026-10-04,provenance/vm2/archive/pilot-0817/loss-0_hysteresis_ebpf+app_c2_r1_20261004T064042/meta.json,docs/data/azure-vm-2026-10-04/provenance/vm2/archive/pilot-0817/loss-0_hysteresis_ebpf+app_c2_r1_20261004T064042/meta.json
azure-vm-2026-10-04,provenance/vm2/archive/pilot-0817/loss-0_hysteresis_ebpf+app_c2_r1_20261004T064042/requests.csv,docs/data/azure-vm-2026-10-04/provenance/vm2/archive/pilot-0817/loss-0_hysteresis_ebpf+app_c2_r1_20261004T064042/requests.csv
azure-vm-2026-10-04,provenance/vm2/archive/pilot-0817/loss-0_hysteresis_ebpf+app_c2_r1_20261004T064042/series.csv,docs/data/azure-vm-2026-10-04/provenance/vm2/archive/pilot-0817/loss-0_hysteresis_ebpf+app_c2_r1_20261004T064042/series.csv
azure-vm-2026-10-04,provenance/vm2/archive/pilot-0817/network-120_gate_ebpf+app_c2_r1_20261004T070902/README.md,docs/data/azure-vm-2026-10-04/provenance/vm2/archive/pilot-0817/network-120_gate_ebpf+app_c2_r1_20261004T070902/README.md
azure-vm-2026-10-04,provenance/vm2/archive/pilot-0817/network-120_hysteresis_ebpf+app_c2_r1_20261004T063554/README.md,docs/data/azure-vm-2026-10-04/provenance/vm2/archive/pilot-0817/network-120_hysteresis_ebpf+app_c2_r1_20261004T063554/README.md
azure-vm-2026-10-04,provenance/vm2/archive/pilot-0817/network-120_hysteresis_ebpf+app_c2_r1_20261004T063554/decisions.json,docs/data/azure-vm-2026-10-04/provenance/vm2/archive/pilot-0817/network-120_hysteresis_ebpf+app_c2_r1_20261004T063554/decisions.json
azure-vm-2026-10-04,provenance/vm2/archive/pilot-0817/network-120_hysteresis_ebpf+app_c2_r1_20261004T063554/faults.csv,docs/data/azure-vm-2026-10-04/provenance/vm2/archive/pilot-0817/network-120_hysteresis_ebpf+app_c2_r1_20261004T063554/faults.csv
azure-vm-2026-10-04,provenance/vm2/archive/pilot-0817/network-120_hysteresis_ebpf+app_c2_r1_20261004T063554/meta.json,docs/data/azure-vm-2026-10-04/provenance/vm2/archive/pilot-0817/network-120_hysteresis_ebpf+app_c2_r1_20261004T063554/meta.json
azure-vm-2026-10-04,provenance/vm2/archive/pilot-0817/network-120_hysteresis_ebpf+app_c2_r1_20261004T063554/requests.csv,docs/data/azure-vm-2026-10-04/provenance/vm2/archive/pilot-0817/network-120_hysteresis_ebpf+app_c2_r1_20261004T063554/requests.csv
azure-vm-2026-10-04,provenance/vm2/archive/pilot-0817/network-120_hysteresis_ebpf+app_c2_r1_20261004T063554/series.csv,docs/data/azure-vm-2026-10-04/provenance/vm2/archive/pilot-0817/network-120_hysteresis_ebpf+app_c2_r1_20261004T063554/series.csv
azure-vm-2026-10-04,provenance/vm2/archive/vm-compute1.0-null/README.md,docs/data/azure-vm-2026-10-04/provenance/vm2/archive/vm-compute1.0-null/README.md
azure-vm-2026-10-04,provenance/vm2/archive/vm-compute1.0-null/compute-1.0_gate_ebpf+app_c2_r1_20261004T082248/README.md,docs/data/azure-vm-2026-10-04/provenance/vm2/archive/vm-compute1.0-null/compute-1.0_gate_ebpf+app_c2_r1_20261004T082248/README.md
azure-vm-2026-10-04,provenance/vm2/archive/vm-compute1.0-null/compute-1.0_gate_ebpf+app_c2_r1_20261004T082248/decisions.json,docs/data/azure-vm-2026-10-04/provenance/vm2/archive/vm-compute1.0-null/compute-1.0_gate_ebpf+app_c2_r1_20261004T082248/decisions.json
azure-vm-2026-10-04,provenance/vm2/archive/vm-compute1.0-null/compute-1.0_gate_ebpf+app_c2_r1_20261004T082248/faults.csv,docs/data/azure-vm-2026-10-04/provenance/vm2/archive/vm-compute1.0-null/compute-1.0_gate_ebpf+app_c2_r1_20261004T082248/faults.csv
azure-vm-2026-10-04,provenance/vm2/archive/vm-compute1.0-null/compute-1.0_gate_ebpf+app_c2_r1_20261004T082248/meta.json,docs/data/azure-vm-2026-10-04/provenance/vm2/archive/vm-compute1.0-null/compute-1.0_gate_ebpf+app_c2_r1_20261004T082248/meta.json
azure-vm-2026-10-04,provenance/vm2/archive/vm-compute1.0-null/compute-1.0_gate_ebpf+app_c2_r1_20261004T082248/requests.csv,docs/data/azure-vm-2026-10-04/provenance/vm2/archive/vm-compute1.0-null/compute-1.0_gate_ebpf+app_c2_r1_20261004T082248/requests.csv
azure-vm-2026-10-04,provenance/vm2/archive/vm-compute1.0-null/compute-1.0_gate_ebpf+app_c2_r1_20261004T082248/series.csv,docs/data/azure-vm-2026-10-04/provenance/vm2/archive/vm-compute1.0-null/compute-1.0_gate_ebpf+app_c2_r1_20261004T082248/series.csv
azure-vm-2026-10-04,provenance/vm2/archive/vm-compute1.0-null/compute-1.0_static_ebpf+app_c2_r2_20261004T081809/README.md,docs/data/azure-vm-2026-10-04/provenance/vm2/archive/vm-compute1.0-null/compute-1.0_static_ebpf+app_c2_r2_20261004T081809/README.md
azure-vm-2026-10-04,provenance/vm2/archive/vm-compute1.0-null/compute-1.0_static_ebpf+app_c2_r2_20261004T081809/decisions.json,docs/data/azure-vm-2026-10-04/provenance/vm2/archive/vm-compute1.0-null/compute-1.0_static_ebpf+app_c2_r2_20261004T081809/decisions.json
azure-vm-2026-10-04,provenance/vm2/archive/vm-compute1.0-null/compute-1.0_static_ebpf+app_c2_r2_20261004T081809/faults.csv,docs/data/azure-vm-2026-10-04/provenance/vm2/archive/vm-compute1.0-null/compute-1.0_static_ebpf+app_c2_r2_20261004T081809/faults.csv
azure-vm-2026-10-04,provenance/vm2/archive/vm-compute1.0-null/compute-1.0_static_ebpf+app_c2_r2_20261004T081809/meta.json,docs/data/azure-vm-2026-10-04/provenance/vm2/archive/vm-compute1.0-null/compute-1.0_static_ebpf+app_c2_r2_20261004T081809/meta.json
azure-vm-2026-10-04,provenance/vm2/archive/vm-compute1.0-null/compute-1.0_static_ebpf+app_c2_r2_20261004T081809/requests.csv,docs/data/azure-vm-2026-10-04/provenance/vm2/archive/vm-compute1.0-null/compute-1.0_static_ebpf+app_c2_r2_20261004T081809/requests.csv
azure-vm-2026-10-04,provenance/vm2/archive/vm-compute1.0-null/compute-1.0_static_ebpf+app_c2_r2_20261004T081809/series.csv,docs/data/azure-vm-2026-10-04/provenance/vm2/archive/vm-compute1.0-null/compute-1.0_static_ebpf+app_c2_r2_20261004T081809/series.csv
azure-vm-2026-10-04,provenance/vm2/archive/vm-compute1.0-null/network-120_static_ebpf+app_c2_r1_20261004T082657/README.md,docs/data/azure-vm-2026-10-04/provenance/vm2/archive/vm-compute1.0-null/network-120_static_ebpf+app_c2_r1_20261004T082657/README.md
azure-vm-2026-10-04,provenance/vm2/baseline.log,docs/data/azure-vm-2026-10-04/provenance/vm2/baseline.log
azure-vm-2026-10-04,provenance/vm2/baseline.sh,docs/data/azure-vm-2026-10-04/provenance/vm2/baseline.sh
azure-vm-2026-10-04,provenance/vm2/capture-archives-sha256.txt,docs/data/azure-vm-2026-10-04/provenance/vm2/capture-archives-sha256.txt
azure-vm-2026-10-04,provenance/vm2/keinfer/README.md,docs/data/azure-vm-2026-10-04/provenance/vm2/keinfer/README.md
azure-vm-2026-10-04,provenance/vm2/keinfer/keinfer.json,docs/data/azure-vm-2026-10-04/provenance/vm2/keinfer/keinfer.json
azure-vm-2026-10-04,provenance/vm2/keinfer/logs/README.md,docs/data/azure-vm-2026-10-04/provenance/vm2/keinfer/logs/README.md
azure-vm-2026-10-04,provenance/vm2/keinfer/logs/controller.log,docs/data/azure-vm-2026-10-04/provenance/vm2/keinfer/logs/controller.log
azure-vm-2026-10-04,provenance/vm2/keinfer/logs/memlog.log,docs/data/azure-vm-2026-10-04/provenance/vm2/keinfer/logs/memlog.log
azure-vm-2026-10-04,provenance/vm2/keinfer/logs/nodeagent.log,docs/data/azure-vm-2026-10-04/provenance/vm2/keinfer/logs/nodeagent.log
azure-vm-2026-10-04,provenance/vm2/keinfer/logs/router.log,docs/data/azure-vm-2026-10-04/provenance/vm2/keinfer/logs/router.log
azure-vm-2026-10-04,provenance/vm2/keinfer/logs/worker.log,docs/data/azure-vm-2026-10-04/provenance/vm2/keinfer/logs/worker.log
azure-vm-2026-10-04,provenance/vm2/keinfer/profile.env,docs/data/azure-vm-2026-10-04/provenance/vm2/keinfer/profile.env
azure-vm-2026-10-04,provenance/vm2/main.log,docs/data/azure-vm-2026-10-04/provenance/vm2/main.log
azure-vm-2026-10-04,provenance/vm2/main.sh,docs/data/azure-vm-2026-10-04/provenance/vm2/main.sh
azure-vm-2026-10-04,provenance/vm2/pilot.log,docs/data/azure-vm-2026-10-04/provenance/vm2/pilot.log
azure-vm-2026-10-04,provenance/vm2/setup.log,docs/data/azure-vm-2026-10-04/provenance/vm2/setup.log
azure-vm-2026-10-04,provenance/vm2/source-results-sha256.txt,docs/data/azure-vm-2026-10-04/provenance/vm2/source-results-sha256.txt
azure-vm-2026-10-04,provenance/vm2/verify.log,docs/data/azure-vm-2026-10-04/provenance/vm2/verify.log
azure-vm-2026-10-04,provenance/vm3/README.md,docs/data/azure-vm-2026-10-04/provenance/vm3/README.md
azure-vm-2026-10-04,provenance/vm3/capture-archives-sha256.txt,docs/data/azure-vm-2026-10-04/provenance/vm3/capture-archives-sha256.txt
azure-vm-2026-10-04,provenance/vm3/keinfer/README.md,docs/data/azure-vm-2026-10-04/provenance/vm3/keinfer/README.md
azure-vm-2026-10-04,provenance/vm3/keinfer/logs/README.md,docs/data/azure-vm-2026-10-04/provenance/vm3/keinfer/logs/README.md
azure-vm-2026-10-04,provenance/vm3/keinfer/logs/memlog.log,docs/data/azure-vm-2026-10-04/provenance/vm3/keinfer/logs/memlog.log
azure-vm-2026-10-04,provenance/vm3/keinfer/logs/nodeagent.log,docs/data/azure-vm-2026-10-04/provenance/vm3/keinfer/logs/nodeagent.log
azure-vm-2026-10-04,provenance/vm3/keinfer/logs/worker.log,docs/data/azure-vm-2026-10-04/provenance/vm3/keinfer/logs/worker.log
azure-vm-2026-10-04,provenance/vm3/keinfer/profile.env,docs/data/azure-vm-2026-10-04/provenance/vm3/keinfer/profile.env
azure-vm-2026-10-04,provenance/vm3/mem.log,docs/data/azure-vm-2026-10-04/provenance/vm3/mem.log
azure-vm-2026-10-04,provenance/vm3/profile-d2sv4.json,docs/data/azure-vm-2026-10-04/provenance/vm3/profile-d2sv4.json
azure-vm-2026-10-04,provenance/vm3/profile.log,docs/data/azure-vm-2026-10-04/provenance/vm3/profile.log
azure-vm-2026-10-04,provenance/vm3/setup.log,docs/data/azure-vm-2026-10-04/provenance/vm3/setup.log
azure-vm-2026-10-04,raw/README.md,docs/data/azure-vm-2026-10-04/raw/README.md
azure-vm-2026-10-04,raw/vm/README.md,docs/data/azure-vm-2026-10-04/raw/vm/README.md
azure-vm-2026-10-04,raw/vm/compute-0.5_gate-force_ebpf+app_c2_r1_20261004T091852/README.md,docs/data/azure-vm-2026-10-04/raw/vm/compute-0.5_gate-force_ebpf+app_c2_r1_20261004T091852/README.md
azure-vm-2026-10-04,raw/vm/compute-0.5_gate-force_ebpf+app_c2_r1_20261004T091852/decisions.json,docs/data/azure-vm-2026-10-04/raw/vm/compute-0.5_gate-force_ebpf+app_c2_r1_20261004T091852/decisions.json
azure-vm-2026-10-04,raw/vm/compute-0.5_gate-force_ebpf+app_c2_r1_20261004T091852/faults.csv,docs/data/azure-vm-2026-10-04/raw/vm/compute-0.5_gate-force_ebpf+app_c2_r1_20261004T091852/faults.csv
azure-vm-2026-10-04,raw/vm/compute-0.5_gate-force_ebpf+app_c2_r1_20261004T091852/meta.json,docs/data/azure-vm-2026-10-04/raw/vm/compute-0.5_gate-force_ebpf+app_c2_r1_20261004T091852/meta.json
azure-vm-2026-10-04,raw/vm/compute-0.5_gate-force_ebpf+app_c2_r1_20261004T091852/requests.csv,docs/data/azure-vm-2026-10-04/raw/vm/compute-0.5_gate-force_ebpf+app_c2_r1_20261004T091852/requests.csv
azure-vm-2026-10-04,raw/vm/compute-0.5_gate-force_ebpf+app_c2_r1_20261004T091852/series.csv,docs/data/azure-vm-2026-10-04/raw/vm/compute-0.5_gate-force_ebpf+app_c2_r1_20261004T091852/series.csv
azure-vm-2026-10-04,raw/vm/compute-0.5_gate-force_ebpf+app_c2_r2_20261004T090158/README.md,docs/data/azure-vm-2026-10-04/raw/vm/compute-0.5_gate-force_ebpf+app_c2_r2_20261004T090158/README.md
azure-vm-2026-10-04,raw/vm/compute-0.5_gate-force_ebpf+app_c2_r2_20261004T090158/decisions.json,docs/data/azure-vm-2026-10-04/raw/vm/compute-0.5_gate-force_ebpf+app_c2_r2_20261004T090158/decisions.json
azure-vm-2026-10-04,raw/vm/compute-0.5_gate-force_ebpf+app_c2_r2_20261004T090158/faults.csv,docs/data/azure-vm-2026-10-04/raw/vm/compute-0.5_gate-force_ebpf+app_c2_r2_20261004T090158/faults.csv
azure-vm-2026-10-04,raw/vm/compute-0.5_gate-force_ebpf+app_c2_r2_20261004T090158/meta.json,docs/data/azure-vm-2026-10-04/raw/vm/compute-0.5_gate-force_ebpf+app_c2_r2_20261004T090158/meta.json
azure-vm-2026-10-04,raw/vm/compute-0.5_gate-force_ebpf+app_c2_r2_20261004T090158/requests.csv,docs/data/azure-vm-2026-10-04/raw/vm/compute-0.5_gate-force_ebpf+app_c2_r2_20261004T090158/requests.csv
azure-vm-2026-10-04,raw/vm/compute-0.5_gate-force_ebpf+app_c2_r2_20261004T090158/series.csv,docs/data/azure-vm-2026-10-04/raw/vm/compute-0.5_gate-force_ebpf+app_c2_r2_20261004T090158/series.csv
azure-vm-2026-10-04,raw/vm/compute-0.5_gate-force_ebpf+app_c2_r3_20261004T091432/README.md,docs/data/azure-vm-2026-10-04/raw/vm/compute-0.5_gate-force_ebpf+app_c2_r3_20261004T091432/README.md
azure-vm-2026-10-04,raw/vm/compute-0.5_gate-force_ebpf+app_c2_r3_20261004T091432/decisions.json,docs/data/azure-vm-2026-10-04/raw/vm/compute-0.5_gate-force_ebpf+app_c2_r3_20261004T091432/decisions.json
azure-vm-2026-10-04,raw/vm/compute-0.5_gate-force_ebpf+app_c2_r3_20261004T091432/faults.csv,docs/data/azure-vm-2026-10-04/raw/vm/compute-0.5_gate-force_ebpf+app_c2_r3_20261004T091432/faults.csv
azure-vm-2026-10-04,raw/vm/compute-0.5_gate-force_ebpf+app_c2_r3_20261004T091432/meta.json,docs/data/azure-vm-2026-10-04/raw/vm/compute-0.5_gate-force_ebpf+app_c2_r3_20261004T091432/meta.json
azure-vm-2026-10-04,raw/vm/compute-0.5_gate-force_ebpf+app_c2_r3_20261004T091432/requests.csv,docs/data/azure-vm-2026-10-04/raw/vm/compute-0.5_gate-force_ebpf+app_c2_r3_20261004T091432/requests.csv
azure-vm-2026-10-04,raw/vm/compute-0.5_gate-force_ebpf+app_c2_r3_20261004T091432/series.csv,docs/data/azure-vm-2026-10-04/raw/vm/compute-0.5_gate-force_ebpf+app_c2_r3_20261004T091432/series.csv
azure-vm-2026-10-04,raw/vm/compute-0.5_gate_ebpf+app_c2_r1_20261004T083226/README.md,docs/data/azure-vm-2026-10-04/raw/vm/compute-0.5_gate_ebpf+app_c2_r1_20261004T083226/README.md
azure-vm-2026-10-04,raw/vm/compute-0.5_gate_ebpf+app_c2_r1_20261004T083226/decisions.json,docs/data/azure-vm-2026-10-04/raw/vm/compute-0.5_gate_ebpf+app_c2_r1_20261004T083226/decisions.json
azure-vm-2026-10-04,raw/vm/compute-0.5_gate_ebpf+app_c2_r1_20261004T083226/faults.csv,docs/data/azure-vm-2026-10-04/raw/vm/compute-0.5_gate_ebpf+app_c2_r1_20261004T083226/faults.csv
azure-vm-2026-10-04,raw/vm/compute-0.5_gate_ebpf+app_c2_r1_20261004T083226/meta.json,docs/data/azure-vm-2026-10-04/raw/vm/compute-0.5_gate_ebpf+app_c2_r1_20261004T083226/meta.json
azure-vm-2026-10-04,raw/vm/compute-0.5_gate_ebpf+app_c2_r1_20261004T083226/requests.csv,docs/data/azure-vm-2026-10-04/raw/vm/compute-0.5_gate_ebpf+app_c2_r1_20261004T083226/requests.csv
azure-vm-2026-10-04,raw/vm/compute-0.5_gate_ebpf+app_c2_r1_20261004T083226/series.csv,docs/data/azure-vm-2026-10-04/raw/vm/compute-0.5_gate_ebpf+app_c2_r1_20261004T083226/series.csv
azure-vm-2026-10-04,raw/vm/compute-0.5_gate_ebpf+app_c2_r2_20261004T085332/README.md,docs/data/azure-vm-2026-10-04/raw/vm/compute-0.5_gate_ebpf+app_c2_r2_20261004T085332/README.md
azure-vm-2026-10-04,raw/vm/compute-0.5_gate_ebpf+app_c2_r2_20261004T085332/decisions.json,docs/data/azure-vm-2026-10-04/raw/vm/compute-0.5_gate_ebpf+app_c2_r2_20261004T085332/decisions.json
azure-vm-2026-10-04,raw/vm/compute-0.5_gate_ebpf+app_c2_r2_20261004T085332/faults.csv,docs/data/azure-vm-2026-10-04/raw/vm/compute-0.5_gate_ebpf+app_c2_r2_20261004T085332/faults.csv
azure-vm-2026-10-04,raw/vm/compute-0.5_gate_ebpf+app_c2_r2_20261004T085332/meta.json,docs/data/azure-vm-2026-10-04/raw/vm/compute-0.5_gate_ebpf+app_c2_r2_20261004T085332/meta.json
azure-vm-2026-10-04,raw/vm/compute-0.5_gate_ebpf+app_c2_r2_20261004T085332/requests.csv,docs/data/azure-vm-2026-10-04/raw/vm/compute-0.5_gate_ebpf+app_c2_r2_20261004T085332/requests.csv
azure-vm-2026-10-04,raw/vm/compute-0.5_gate_ebpf+app_c2_r2_20261004T085332/series.csv,docs/data/azure-vm-2026-10-04/raw/vm/compute-0.5_gate_ebpf+app_c2_r2_20261004T085332/series.csv
azure-vm-2026-10-04,raw/vm/compute-0.5_gate_ebpf+app_c2_r3_20261004T085741/README.md,docs/data/azure-vm-2026-10-04/raw/vm/compute-0.5_gate_ebpf+app_c2_r3_20261004T085741/README.md
azure-vm-2026-10-04,raw/vm/compute-0.5_gate_ebpf+app_c2_r3_20261004T085741/decisions.json,docs/data/azure-vm-2026-10-04/raw/vm/compute-0.5_gate_ebpf+app_c2_r3_20261004T085741/decisions.json
azure-vm-2026-10-04,raw/vm/compute-0.5_gate_ebpf+app_c2_r3_20261004T085741/faults.csv,docs/data/azure-vm-2026-10-04/raw/vm/compute-0.5_gate_ebpf+app_c2_r3_20261004T085741/faults.csv
azure-vm-2026-10-04,raw/vm/compute-0.5_gate_ebpf+app_c2_r3_20261004T085741/meta.json,docs/data/azure-vm-2026-10-04/raw/vm/compute-0.5_gate_ebpf+app_c2_r3_20261004T085741/meta.json
azure-vm-2026-10-04,raw/vm/compute-0.5_gate_ebpf+app_c2_r3_20261004T085741/requests.csv,docs/data/azure-vm-2026-10-04/raw/vm/compute-0.5_gate_ebpf+app_c2_r3_20261004T085741/requests.csv
azure-vm-2026-10-04,raw/vm/compute-0.5_gate_ebpf+app_c2_r3_20261004T085741/series.csv,docs/data/azure-vm-2026-10-04/raw/vm/compute-0.5_gate_ebpf+app_c2_r3_20261004T085741/series.csv
azure-vm-2026-10-04,raw/vm/compute-0.5_hysteresis_ebpf+app_c2_r1_20261004T093133/README.md,docs/data/azure-vm-2026-10-04/raw/vm/compute-0.5_hysteresis_ebpf+app_c2_r1_20261004T093133/README.md
azure-vm-2026-10-04,raw/vm/compute-0.5_hysteresis_ebpf+app_c2_r1_20261004T093133/decisions.json,docs/data/azure-vm-2026-10-04/raw/vm/compute-0.5_hysteresis_ebpf+app_c2_r1_20261004T093133/decisions.json
azure-vm-2026-10-04,raw/vm/compute-0.5_hysteresis_ebpf+app_c2_r1_20261004T093133/faults.csv,docs/data/azure-vm-2026-10-04/raw/vm/compute-0.5_hysteresis_ebpf+app_c2_r1_20261004T093133/faults.csv
azure-vm-2026-10-04,raw/vm/compute-0.5_hysteresis_ebpf+app_c2_r1_20261004T093133/meta.json,docs/data/azure-vm-2026-10-04/raw/vm/compute-0.5_hysteresis_ebpf+app_c2_r1_20261004T093133/meta.json
azure-vm-2026-10-04,raw/vm/compute-0.5_hysteresis_ebpf+app_c2_r1_20261004T093133/requests.csv,docs/data/azure-vm-2026-10-04/raw/vm/compute-0.5_hysteresis_ebpf+app_c2_r1_20261004T093133/requests.csv
azure-vm-2026-10-04,raw/vm/compute-0.5_hysteresis_ebpf+app_c2_r1_20261004T093133/series.csv,docs/data/azure-vm-2026-10-04/raw/vm/compute-0.5_hysteresis_ebpf+app_c2_r1_20261004T093133/series.csv
azure-vm-2026-10-04,raw/vm/compute-0.5_hysteresis_ebpf+app_c2_r2_20261004T094409/README.md,docs/data/azure-vm-2026-10-04/raw/vm/compute-0.5_hysteresis_ebpf+app_c2_r2_20261004T094409/README.md
azure-vm-2026-10-04,raw/vm/compute-0.5_hysteresis_ebpf+app_c2_r2_20261004T094409/decisions.json,docs/data/azure-vm-2026-10-04/raw/vm/compute-0.5_hysteresis_ebpf+app_c2_r2_20261004T094409/decisions.json
azure-vm-2026-10-04,raw/vm/compute-0.5_hysteresis_ebpf+app_c2_r2_20261004T094409/faults.csv,docs/data/azure-vm-2026-10-04/raw/vm/compute-0.5_hysteresis_ebpf+app_c2_r2_20261004T094409/faults.csv
azure-vm-2026-10-04,raw/vm/compute-0.5_hysteresis_ebpf+app_c2_r2_20261004T094409/meta.json,docs/data/azure-vm-2026-10-04/raw/vm/compute-0.5_hysteresis_ebpf+app_c2_r2_20261004T094409/meta.json
azure-vm-2026-10-04,raw/vm/compute-0.5_hysteresis_ebpf+app_c2_r2_20261004T094409/requests.csv,docs/data/azure-vm-2026-10-04/raw/vm/compute-0.5_hysteresis_ebpf+app_c2_r2_20261004T094409/requests.csv
azure-vm-2026-10-04,raw/vm/compute-0.5_hysteresis_ebpf+app_c2_r2_20261004T094409/series.csv,docs/data/azure-vm-2026-10-04/raw/vm/compute-0.5_hysteresis_ebpf+app_c2_r2_20261004T094409/series.csv
azure-vm-2026-10-04,raw/vm/compute-0.5_hysteresis_ebpf+app_c2_r3_20261004T092304/README.md,docs/data/azure-vm-2026-10-04/raw/vm/compute-0.5_hysteresis_ebpf+app_c2_r3_20261004T092304/README.md
azure-vm-2026-10-04,raw/vm/compute-0.5_hysteresis_ebpf+app_c2_r3_20261004T092304/decisions.json,docs/data/azure-vm-2026-10-04/raw/vm/compute-0.5_hysteresis_ebpf+app_c2_r3_20261004T092304/decisions.json
azure-vm-2026-10-04,raw/vm/compute-0.5_hysteresis_ebpf+app_c2_r3_20261004T092304/faults.csv,docs/data/azure-vm-2026-10-04/raw/vm/compute-0.5_hysteresis_ebpf+app_c2_r3_20261004T092304/faults.csv
azure-vm-2026-10-04,raw/vm/compute-0.5_hysteresis_ebpf+app_c2_r3_20261004T092304/meta.json,docs/data/azure-vm-2026-10-04/raw/vm/compute-0.5_hysteresis_ebpf+app_c2_r3_20261004T092304/meta.json
azure-vm-2026-10-04,raw/vm/compute-0.5_hysteresis_ebpf+app_c2_r3_20261004T092304/requests.csv,docs/data/azure-vm-2026-10-04/raw/vm/compute-0.5_hysteresis_ebpf+app_c2_r3_20261004T092304/requests.csv
azure-vm-2026-10-04,raw/vm/compute-0.5_hysteresis_ebpf+app_c2_r3_20261004T092304/series.csv,docs/data/azure-vm-2026-10-04/raw/vm/compute-0.5_hysteresis_ebpf+app_c2_r3_20261004T092304/series.csv
azure-vm-2026-10-04,raw/vm/compute-0.5_static_ebpf+app_c2_r1_20261004T095233/README.md,docs/data/azure-vm-2026-10-04/raw/vm/compute-0.5_static_ebpf+app_c2_r1_20261004T095233/README.md
azure-vm-2026-10-04,raw/vm/compute-0.5_static_ebpf+app_c2_r1_20261004T095233/decisions.json,docs/data/azure-vm-2026-10-04/raw/vm/compute-0.5_static_ebpf+app_c2_r1_20261004T095233/decisions.json
azure-vm-2026-10-04,raw/vm/compute-0.5_static_ebpf+app_c2_r1_20261004T095233/faults.csv,docs/data/azure-vm-2026-10-04/raw/vm/compute-0.5_static_ebpf+app_c2_r1_20261004T095233/faults.csv
azure-vm-2026-10-04,raw/vm/compute-0.5_static_ebpf+app_c2_r1_20261004T095233/meta.json,docs/data/azure-vm-2026-10-04/raw/vm/compute-0.5_static_ebpf+app_c2_r1_20261004T095233/meta.json
azure-vm-2026-10-04,raw/vm/compute-0.5_static_ebpf+app_c2_r1_20261004T095233/requests.csv,docs/data/azure-vm-2026-10-04/raw/vm/compute-0.5_static_ebpf+app_c2_r1_20261004T095233/requests.csv
azure-vm-2026-10-04,raw/vm/compute-0.5_static_ebpf+app_c2_r1_20261004T095233/series.csv,docs/data/azure-vm-2026-10-04/raw/vm/compute-0.5_static_ebpf+app_c2_r1_20261004T095233/series.csv
azure-vm-2026-10-04,raw/vm/compute-0.5_static_ebpf+app_c2_r2_20261004T082826/README.md,docs/data/azure-vm-2026-10-04/raw/vm/compute-0.5_static_ebpf+app_c2_r2_20261004T082826/README.md
azure-vm-2026-10-04,raw/vm/compute-0.5_static_ebpf+app_c2_r2_20261004T082826/decisions.json,docs/data/azure-vm-2026-10-04/raw/vm/compute-0.5_static_ebpf+app_c2_r2_20261004T082826/decisions.json
azure-vm-2026-10-04,raw/vm/compute-0.5_static_ebpf+app_c2_r2_20261004T082826/faults.csv,docs/data/azure-vm-2026-10-04/raw/vm/compute-0.5_static_ebpf+app_c2_r2_20261004T082826/faults.csv
azure-vm-2026-10-04,raw/vm/compute-0.5_static_ebpf+app_c2_r2_20261004T082826/meta.json,docs/data/azure-vm-2026-10-04/raw/vm/compute-0.5_static_ebpf+app_c2_r2_20261004T082826/meta.json
azure-vm-2026-10-04,raw/vm/compute-0.5_static_ebpf+app_c2_r2_20261004T082826/requests.csv,docs/data/azure-vm-2026-10-04/raw/vm/compute-0.5_static_ebpf+app_c2_r2_20261004T082826/requests.csv
azure-vm-2026-10-04,raw/vm/compute-0.5_static_ebpf+app_c2_r2_20261004T082826/series.csv,docs/data/azure-vm-2026-10-04/raw/vm/compute-0.5_static_ebpf+app_c2_r2_20261004T082826/series.csv
azure-vm-2026-10-04,raw/vm/compute-0.5_static_ebpf+app_c2_r3_20261004T084928/README.md,docs/data/azure-vm-2026-10-04/raw/vm/compute-0.5_static_ebpf+app_c2_r3_20261004T084928/README.md
azure-vm-2026-10-04,raw/vm/compute-0.5_static_ebpf+app_c2_r3_20261004T084928/decisions.json,docs/data/azure-vm-2026-10-04/raw/vm/compute-0.5_static_ebpf+app_c2_r3_20261004T084928/decisions.json
azure-vm-2026-10-04,raw/vm/compute-0.5_static_ebpf+app_c2_r3_20261004T084928/faults.csv,docs/data/azure-vm-2026-10-04/raw/vm/compute-0.5_static_ebpf+app_c2_r3_20261004T084928/faults.csv
azure-vm-2026-10-04,raw/vm/compute-0.5_static_ebpf+app_c2_r3_20261004T084928/meta.json,docs/data/azure-vm-2026-10-04/raw/vm/compute-0.5_static_ebpf+app_c2_r3_20261004T084928/meta.json
azure-vm-2026-10-04,raw/vm/compute-0.5_static_ebpf+app_c2_r3_20261004T084928/requests.csv,docs/data/azure-vm-2026-10-04/raw/vm/compute-0.5_static_ebpf+app_c2_r3_20261004T084928/requests.csv
azure-vm-2026-10-04,raw/vm/compute-0.5_static_ebpf+app_c2_r3_20261004T084928/series.csv,docs/data/azure-vm-2026-10-04/raw/vm/compute-0.5_static_ebpf+app_c2_r3_20261004T084928/series.csv
azure-vm-2026-10-04,raw/vm/loss-0_gate_ebpf+app_c2_r1_20261004T102621/README.md,docs/data/azure-vm-2026-10-04/raw/vm/loss-0_gate_ebpf+app_c2_r1_20261004T102621/README.md
azure-vm-2026-10-04,raw/vm/loss-0_gate_ebpf+app_c2_r1_20261004T102621/decisions.json,docs/data/azure-vm-2026-10-04/raw/vm/loss-0_gate_ebpf+app_c2_r1_20261004T102621/decisions.json
azure-vm-2026-10-04,raw/vm/loss-0_gate_ebpf+app_c2_r1_20261004T102621/faults.csv,docs/data/azure-vm-2026-10-04/raw/vm/loss-0_gate_ebpf+app_c2_r1_20261004T102621/faults.csv
azure-vm-2026-10-04,raw/vm/loss-0_gate_ebpf+app_c2_r1_20261004T102621/meta.json,docs/data/azure-vm-2026-10-04/raw/vm/loss-0_gate_ebpf+app_c2_r1_20261004T102621/meta.json
azure-vm-2026-10-04,raw/vm/loss-0_gate_ebpf+app_c2_r1_20261004T102621/requests.csv,docs/data/azure-vm-2026-10-04/raw/vm/loss-0_gate_ebpf+app_c2_r1_20261004T102621/requests.csv
azure-vm-2026-10-04,raw/vm/loss-0_gate_ebpf+app_c2_r1_20261004T102621/series.csv,docs/data/azure-vm-2026-10-04/raw/vm/loss-0_gate_ebpf+app_c2_r1_20261004T102621/series.csv
azure-vm-2026-10-04,raw/vm/loss-0_gate_ebpf+app_c2_r2_20261004T102202/README.md,docs/data/azure-vm-2026-10-04/raw/vm/loss-0_gate_ebpf+app_c2_r2_20261004T102202/README.md
azure-vm-2026-10-04,raw/vm/loss-0_gate_ebpf+app_c2_r2_20261004T102202/decisions.json,docs/data/azure-vm-2026-10-04/raw/vm/loss-0_gate_ebpf+app_c2_r2_20261004T102202/decisions.json
azure-vm-2026-10-04,raw/vm/loss-0_gate_ebpf+app_c2_r2_20261004T102202/faults.csv,docs/data/azure-vm-2026-10-04/raw/vm/loss-0_gate_ebpf+app_c2_r2_20261004T102202/faults.csv
azure-vm-2026-10-04,raw/vm/loss-0_gate_ebpf+app_c2_r2_20261004T102202/meta.json,docs/data/azure-vm-2026-10-04/raw/vm/loss-0_gate_ebpf+app_c2_r2_20261004T102202/meta.json
azure-vm-2026-10-04,raw/vm/loss-0_gate_ebpf+app_c2_r2_20261004T102202/requests.csv,docs/data/azure-vm-2026-10-04/raw/vm/loss-0_gate_ebpf+app_c2_r2_20261004T102202/requests.csv
azure-vm-2026-10-04,raw/vm/loss-0_gate_ebpf+app_c2_r2_20261004T102202/series.csv,docs/data/azure-vm-2026-10-04/raw/vm/loss-0_gate_ebpf+app_c2_r2_20261004T102202/series.csv
azure-vm-2026-10-04,raw/vm/loss-0_hysteresis_ebpf+app_c2_r1_20261004T103039/README.md,docs/data/azure-vm-2026-10-04/raw/vm/loss-0_hysteresis_ebpf+app_c2_r1_20261004T103039/README.md
azure-vm-2026-10-04,raw/vm/loss-0_hysteresis_ebpf+app_c2_r1_20261004T103039/decisions.json,docs/data/azure-vm-2026-10-04/raw/vm/loss-0_hysteresis_ebpf+app_c2_r1_20261004T103039/decisions.json
azure-vm-2026-10-04,raw/vm/loss-0_hysteresis_ebpf+app_c2_r1_20261004T103039/faults.csv,docs/data/azure-vm-2026-10-04/raw/vm/loss-0_hysteresis_ebpf+app_c2_r1_20261004T103039/faults.csv
azure-vm-2026-10-04,raw/vm/loss-0_hysteresis_ebpf+app_c2_r1_20261004T103039/meta.json,docs/data/azure-vm-2026-10-04/raw/vm/loss-0_hysteresis_ebpf+app_c2_r1_20261004T103039/meta.json
azure-vm-2026-10-04,raw/vm/loss-0_hysteresis_ebpf+app_c2_r1_20261004T103039/requests.csv,docs/data/azure-vm-2026-10-04/raw/vm/loss-0_hysteresis_ebpf+app_c2_r1_20261004T103039/requests.csv
azure-vm-2026-10-04,raw/vm/loss-0_hysteresis_ebpf+app_c2_r1_20261004T103039/series.csv,docs/data/azure-vm-2026-10-04/raw/vm/loss-0_hysteresis_ebpf+app_c2_r1_20261004T103039/series.csv
azure-vm-2026-10-04,raw/vm/loss-0_hysteresis_ebpf+app_c2_r2_20261004T100918/README.md,docs/data/azure-vm-2026-10-04/raw/vm/loss-0_hysteresis_ebpf+app_c2_r2_20261004T100918/README.md
azure-vm-2026-10-04,raw/vm/loss-0_hysteresis_ebpf+app_c2_r2_20261004T100918/decisions.json,docs/data/azure-vm-2026-10-04/raw/vm/loss-0_hysteresis_ebpf+app_c2_r2_20261004T100918/decisions.json
azure-vm-2026-10-04,raw/vm/loss-0_hysteresis_ebpf+app_c2_r2_20261004T100918/faults.csv,docs/data/azure-vm-2026-10-04/raw/vm/loss-0_hysteresis_ebpf+app_c2_r2_20261004T100918/faults.csv
azure-vm-2026-10-04,raw/vm/loss-0_hysteresis_ebpf+app_c2_r2_20261004T100918/meta.json,docs/data/azure-vm-2026-10-04/raw/vm/loss-0_hysteresis_ebpf+app_c2_r2_20261004T100918/meta.json
azure-vm-2026-10-04,raw/vm/loss-0_hysteresis_ebpf+app_c2_r2_20261004T100918/requests.csv,docs/data/azure-vm-2026-10-04/raw/vm/loss-0_hysteresis_ebpf+app_c2_r2_20261004T100918/requests.csv
azure-vm-2026-10-04,raw/vm/loss-0_hysteresis_ebpf+app_c2_r2_20261004T100918/series.csv,docs/data/azure-vm-2026-10-04/raw/vm/loss-0_hysteresis_ebpf+app_c2_r2_20261004T100918/series.csv
azure-vm-2026-10-04,raw/vm/loss-0_static_ebpf+app_c2_r1_20261004T101333/README.md,docs/data/azure-vm-2026-10-04/raw/vm/loss-0_static_ebpf+app_c2_r1_20261004T101333/README.md
azure-vm-2026-10-04,raw/vm/loss-0_static_ebpf+app_c2_r1_20261004T101333/decisions.json,docs/data/azure-vm-2026-10-04/raw/vm/loss-0_static_ebpf+app_c2_r1_20261004T101333/decisions.json
azure-vm-2026-10-04,raw/vm/loss-0_static_ebpf+app_c2_r1_20261004T101333/faults.csv,docs/data/azure-vm-2026-10-04/raw/vm/loss-0_static_ebpf+app_c2_r1_20261004T101333/faults.csv
azure-vm-2026-10-04,raw/vm/loss-0_static_ebpf+app_c2_r1_20261004T101333/meta.json,docs/data/azure-vm-2026-10-04/raw/vm/loss-0_static_ebpf+app_c2_r1_20261004T101333/meta.json
azure-vm-2026-10-04,raw/vm/loss-0_static_ebpf+app_c2_r1_20261004T101333/requests.csv,docs/data/azure-vm-2026-10-04/raw/vm/loss-0_static_ebpf+app_c2_r1_20261004T101333/requests.csv
azure-vm-2026-10-04,raw/vm/loss-0_static_ebpf+app_c2_r1_20261004T101333/series.csv,docs/data/azure-vm-2026-10-04/raw/vm/loss-0_static_ebpf+app_c2_r1_20261004T101333/series.csv
azure-vm-2026-10-04,raw/vm/loss-0_static_ebpf+app_c2_r2_20261004T101748/README.md,docs/data/azure-vm-2026-10-04/raw/vm/loss-0_static_ebpf+app_c2_r2_20261004T101748/README.md
azure-vm-2026-10-04,raw/vm/loss-0_static_ebpf+app_c2_r2_20261004T101748/decisions.json,docs/data/azure-vm-2026-10-04/raw/vm/loss-0_static_ebpf+app_c2_r2_20261004T101748/decisions.json
azure-vm-2026-10-04,raw/vm/loss-0_static_ebpf+app_c2_r2_20261004T101748/faults.csv,docs/data/azure-vm-2026-10-04/raw/vm/loss-0_static_ebpf+app_c2_r2_20261004T101748/faults.csv
azure-vm-2026-10-04,raw/vm/loss-0_static_ebpf+app_c2_r2_20261004T101748/meta.json,docs/data/azure-vm-2026-10-04/raw/vm/loss-0_static_ebpf+app_c2_r2_20261004T101748/meta.json
azure-vm-2026-10-04,raw/vm/loss-0_static_ebpf+app_c2_r2_20261004T101748/requests.csv,docs/data/azure-vm-2026-10-04/raw/vm/loss-0_static_ebpf+app_c2_r2_20261004T101748/requests.csv
azure-vm-2026-10-04,raw/vm/loss-0_static_ebpf+app_c2_r2_20261004T101748/series.csv,docs/data/azure-vm-2026-10-04/raw/vm/loss-0_static_ebpf+app_c2_r2_20261004T101748/series.csv
azure-vm-2026-10-04,raw/vm/network-120_gate-force_ebpf+app_c2_r1_20261004T095637/README.md,docs/data/azure-vm-2026-10-04/raw/vm/network-120_gate-force_ebpf+app_c2_r1_20261004T095637/README.md
azure-vm-2026-10-04,raw/vm/network-120_gate-force_ebpf+app_c2_r1_20261004T095637/decisions.json,docs/data/azure-vm-2026-10-04/raw/vm/network-120_gate-force_ebpf+app_c2_r1_20261004T095637/decisions.json
azure-vm-2026-10-04,raw/vm/network-120_gate-force_ebpf+app_c2_r1_20261004T095637/faults.csv,docs/data/azure-vm-2026-10-04/raw/vm/network-120_gate-force_ebpf+app_c2_r1_20261004T095637/faults.csv
azure-vm-2026-10-04,raw/vm/network-120_gate-force_ebpf+app_c2_r1_20261004T095637/meta.json,docs/data/azure-vm-2026-10-04/raw/vm/network-120_gate-force_ebpf+app_c2_r1_20261004T095637/meta.json
azure-vm-2026-10-04,raw/vm/network-120_gate-force_ebpf+app_c2_r1_20261004T095637/requests.csv,docs/data/azure-vm-2026-10-04/raw/vm/network-120_gate-force_ebpf+app_c2_r1_20261004T095637/requests.csv
azure-vm-2026-10-04,raw/vm/network-120_gate-force_ebpf+app_c2_r1_20261004T095637/series.csv,docs/data/azure-vm-2026-10-04/raw/vm/network-120_gate-force_ebpf+app_c2_r1_20261004T095637/series.csv
azure-vm-2026-10-04,raw/vm/network-120_gate-force_ebpf+app_c2_r2_20261004T090610/README.md,docs/data/azure-vm-2026-10-04/raw/vm/network-120_gate-force_ebpf+app_c2_r2_20261004T090610/README.md
azure-vm-2026-10-04,raw/vm/network-120_gate-force_ebpf+app_c2_r2_20261004T090610/decisions.json,docs/data/azure-vm-2026-10-04/raw/vm/network-120_gate-force_ebpf+app_c2_r2_20261004T090610/decisions.json
azure-vm-2026-10-04,raw/vm/network-120_gate-force_ebpf+app_c2_r2_20261004T090610/faults.csv,docs/data/azure-vm-2026-10-04/raw/vm/network-120_gate-force_ebpf+app_c2_r2_20261004T090610/faults.csv
azure-vm-2026-10-04,raw/vm/network-120_gate-force_ebpf+app_c2_r2_20261004T090610/meta.json,docs/data/azure-vm-2026-10-04/raw/vm/network-120_gate-force_ebpf+app_c2_r2_20261004T090610/meta.json
azure-vm-2026-10-04,raw/vm/network-120_gate-force_ebpf+app_c2_r2_20261004T090610/requests.csv,docs/data/azure-vm-2026-10-04/raw/vm/network-120_gate-force_ebpf+app_c2_r2_20261004T090610/requests.csv
azure-vm-2026-10-04,raw/vm/network-120_gate-force_ebpf+app_c2_r2_20261004T090610/series.csv,docs/data/azure-vm-2026-10-04/raw/vm/network-120_gate-force_ebpf+app_c2_r2_20261004T090610/series.csv
azure-vm-2026-10-04,raw/vm/network-120_gate-force_ebpf+app_c2_r3_20261004T084055/README.md,docs/data/azure-vm-2026-10-04/raw/vm/network-120_gate-force_ebpf+app_c2_r3_20261004T084055/README.md
azure-vm-2026-10-04,raw/vm/network-120_gate-force_ebpf+app_c2_r3_20261004T084055/decisions.json,docs/data/azure-vm-2026-10-04/raw/vm/network-120_gate-force_ebpf+app_c2_r3_20261004T084055/decisions.json
azure-vm-2026-10-04,raw/vm/network-120_gate-force_ebpf+app_c2_r3_20261004T084055/faults.csv,docs/data/azure-vm-2026-10-04/raw/vm/network-120_gate-force_ebpf+app_c2_r3_20261004T084055/faults.csv
azure-vm-2026-10-04,raw/vm/network-120_gate-force_ebpf+app_c2_r3_20261004T084055/meta.json,docs/data/azure-vm-2026-10-04/raw/vm/network-120_gate-force_ebpf+app_c2_r3_20261004T084055/meta.json
azure-vm-2026-10-04,raw/vm/network-120_gate-force_ebpf+app_c2_r3_20261004T084055/requests.csv,docs/data/azure-vm-2026-10-04/raw/vm/network-120_gate-force_ebpf+app_c2_r3_20261004T084055/requests.csv
azure-vm-2026-10-04,raw/vm/network-120_gate-force_ebpf+app_c2_r3_20261004T084055/series.csv,docs/data/azure-vm-2026-10-04/raw/vm/network-120_gate-force_ebpf+app_c2_r3_20261004T084055/series.csv
azure-vm-2026-10-04,raw/vm/network-120_gate_ebpf+app_c2_r1_20261004T093955/README.md,docs/data/azure-vm-2026-10-04/raw/vm/network-120_gate_ebpf+app_c2_r1_20261004T093955/README.md
azure-vm-2026-10-04,raw/vm/network-120_gate_ebpf+app_c2_r1_20261004T093955/decisions.json,docs/data/azure-vm-2026-10-04/raw/vm/network-120_gate_ebpf+app_c2_r1_20261004T093955/decisions.json
azure-vm-2026-10-04,raw/vm/network-120_gate_ebpf+app_c2_r1_20261004T093955/faults.csv,docs/data/azure-vm-2026-10-04/raw/vm/network-120_gate_ebpf+app_c2_r1_20261004T093955/faults.csv
azure-vm-2026-10-04,raw/vm/network-120_gate_ebpf+app_c2_r1_20261004T093955/meta.json,docs/data/azure-vm-2026-10-04/raw/vm/network-120_gate_ebpf+app_c2_r1_20261004T093955/meta.json
azure-vm-2026-10-04,raw/vm/network-120_gate_ebpf+app_c2_r1_20261004T093955/requests.csv,docs/data/azure-vm-2026-10-04/raw/vm/network-120_gate_ebpf+app_c2_r1_20261004T093955/requests.csv
azure-vm-2026-10-04,raw/vm/network-120_gate_ebpf+app_c2_r1_20261004T093955/series.csv,docs/data/azure-vm-2026-10-04/raw/vm/network-120_gate_ebpf+app_c2_r1_20261004T093955/series.csv
azure-vm-2026-10-04,raw/vm/network-120_gate_ebpf+app_c2_r2_20261004T084509/README.md,docs/data/azure-vm-2026-10-04/raw/vm/network-120_gate_ebpf+app_c2_r2_20261004T084509/README.md
azure-vm-2026-10-04,raw/vm/network-120_gate_ebpf+app_c2_r2_20261004T084509/decisions.json,docs/data/azure-vm-2026-10-04/raw/vm/network-120_gate_ebpf+app_c2_r2_20261004T084509/decisions.json
azure-vm-2026-10-04,raw/vm/network-120_gate_ebpf+app_c2_r2_20261004T084509/faults.csv,docs/data/azure-vm-2026-10-04/raw/vm/network-120_gate_ebpf+app_c2_r2_20261004T084509/faults.csv
azure-vm-2026-10-04,raw/vm/network-120_gate_ebpf+app_c2_r2_20261004T084509/meta.json,docs/data/azure-vm-2026-10-04/raw/vm/network-120_gate_ebpf+app_c2_r2_20261004T084509/meta.json
azure-vm-2026-10-04,raw/vm/network-120_gate_ebpf+app_c2_r2_20261004T084509/requests.csv,docs/data/azure-vm-2026-10-04/raw/vm/network-120_gate_ebpf+app_c2_r2_20261004T084509/requests.csv
azure-vm-2026-10-04,raw/vm/network-120_gate_ebpf+app_c2_r2_20261004T084509/series.csv,docs/data/azure-vm-2026-10-04/raw/vm/network-120_gate_ebpf+app_c2_r2_20261004T084509/series.csv
azure-vm-2026-10-04,raw/vm/network-120_gate_ebpf+app_c2_r3_20261004T094821/README.md,docs/data/azure-vm-2026-10-04/raw/vm/network-120_gate_ebpf+app_c2_r3_20261004T094821/README.md
azure-vm-2026-10-04,raw/vm/network-120_gate_ebpf+app_c2_r3_20261004T094821/decisions.json,docs/data/azure-vm-2026-10-04/raw/vm/network-120_gate_ebpf+app_c2_r3_20261004T094821/decisions.json
azure-vm-2026-10-04,raw/vm/network-120_gate_ebpf+app_c2_r3_20261004T094821/faults.csv,docs/data/azure-vm-2026-10-04/raw/vm/network-120_gate_ebpf+app_c2_r3_20261004T094821/faults.csv
azure-vm-2026-10-04,raw/vm/network-120_gate_ebpf+app_c2_r3_20261004T094821/meta.json,docs/data/azure-vm-2026-10-04/raw/vm/network-120_gate_ebpf+app_c2_r3_20261004T094821/meta.json
azure-vm-2026-10-04,raw/vm/network-120_gate_ebpf+app_c2_r3_20261004T094821/requests.csv,docs/data/azure-vm-2026-10-04/raw/vm/network-120_gate_ebpf+app_c2_r3_20261004T094821/requests.csv
azure-vm-2026-10-04,raw/vm/network-120_gate_ebpf+app_c2_r3_20261004T094821/series.csv,docs/data/azure-vm-2026-10-04/raw/vm/network-120_gate_ebpf+app_c2_r3_20261004T094821/series.csv
azure-vm-2026-10-04,raw/vm/network-120_hysteresis_ebpf+app_c2_r1_20261004T091022/README.md,docs/data/azure-vm-2026-10-04/raw/vm/network-120_hysteresis_ebpf+app_c2_r1_20261004T091022/README.md
azure-vm-2026-10-04,raw/vm/network-120_hysteresis_ebpf+app_c2_r1_20261004T091022/decisions.json,docs/data/azure-vm-2026-10-04/raw/vm/network-120_hysteresis_ebpf+app_c2_r1_20261004T091022/decisions.json
azure-vm-2026-10-04,raw/vm/network-120_hysteresis_ebpf+app_c2_r1_20261004T091022/faults.csv,docs/data/azure-vm-2026-10-04/raw/vm/network-120_hysteresis_ebpf+app_c2_r1_20261004T091022/faults.csv
azure-vm-2026-10-04,raw/vm/network-120_hysteresis_ebpf+app_c2_r1_20261004T091022/meta.json,docs/data/azure-vm-2026-10-04/raw/vm/network-120_hysteresis_ebpf+app_c2_r1_20261004T091022/meta.json
azure-vm-2026-10-04,raw/vm/network-120_hysteresis_ebpf+app_c2_r1_20261004T091022/requests.csv,docs/data/azure-vm-2026-10-04/raw/vm/network-120_hysteresis_ebpf+app_c2_r1_20261004T091022/requests.csv
azure-vm-2026-10-04,raw/vm/network-120_hysteresis_ebpf+app_c2_r1_20261004T091022/series.csv,docs/data/azure-vm-2026-10-04/raw/vm/network-120_hysteresis_ebpf+app_c2_r1_20261004T091022/series.csv
azure-vm-2026-10-04,raw/vm/network-120_hysteresis_ebpf+app_c2_r2_20261004T093544/README.md,docs/data/azure-vm-2026-10-04/raw/vm/network-120_hysteresis_ebpf+app_c2_r2_20261004T093544/README.md
azure-vm-2026-10-04,raw/vm/network-120_hysteresis_ebpf+app_c2_r2_20261004T093544/decisions.json,docs/data/azure-vm-2026-10-04/raw/vm/network-120_hysteresis_ebpf+app_c2_r2_20261004T093544/decisions.json
azure-vm-2026-10-04,raw/vm/network-120_hysteresis_ebpf+app_c2_r2_20261004T093544/faults.csv,docs/data/azure-vm-2026-10-04/raw/vm/network-120_hysteresis_ebpf+app_c2_r2_20261004T093544/faults.csv
azure-vm-2026-10-04,raw/vm/network-120_hysteresis_ebpf+app_c2_r2_20261004T093544/meta.json,docs/data/azure-vm-2026-10-04/raw/vm/network-120_hysteresis_ebpf+app_c2_r2_20261004T093544/meta.json
azure-vm-2026-10-04,raw/vm/network-120_hysteresis_ebpf+app_c2_r2_20261004T093544/requests.csv,docs/data/azure-vm-2026-10-04/raw/vm/network-120_hysteresis_ebpf+app_c2_r2_20261004T093544/requests.csv
azure-vm-2026-10-04,raw/vm/network-120_hysteresis_ebpf+app_c2_r2_20261004T093544/series.csv,docs/data/azure-vm-2026-10-04/raw/vm/network-120_hysteresis_ebpf+app_c2_r2_20261004T093544/series.csv
azure-vm-2026-10-04,raw/vm/network-120_hysteresis_ebpf+app_c2_r3_20261004T100502/README.md,docs/data/azure-vm-2026-10-04/raw/vm/network-120_hysteresis_ebpf+app_c2_r3_20261004T100502/README.md
azure-vm-2026-10-04,raw/vm/network-120_hysteresis_ebpf+app_c2_r3_20261004T100502/decisions.json,docs/data/azure-vm-2026-10-04/raw/vm/network-120_hysteresis_ebpf+app_c2_r3_20261004T100502/decisions.json
azure-vm-2026-10-04,raw/vm/network-120_hysteresis_ebpf+app_c2_r3_20261004T100502/faults.csv,docs/data/azure-vm-2026-10-04/raw/vm/network-120_hysteresis_ebpf+app_c2_r3_20261004T100502/faults.csv
azure-vm-2026-10-04,raw/vm/network-120_hysteresis_ebpf+app_c2_r3_20261004T100502/meta.json,docs/data/azure-vm-2026-10-04/raw/vm/network-120_hysteresis_ebpf+app_c2_r3_20261004T100502/meta.json
azure-vm-2026-10-04,raw/vm/network-120_hysteresis_ebpf+app_c2_r3_20261004T100502/requests.csv,docs/data/azure-vm-2026-10-04/raw/vm/network-120_hysteresis_ebpf+app_c2_r3_20261004T100502/requests.csv
azure-vm-2026-10-04,raw/vm/network-120_hysteresis_ebpf+app_c2_r3_20261004T100502/series.csv,docs/data/azure-vm-2026-10-04/raw/vm/network-120_hysteresis_ebpf+app_c2_r3_20261004T100502/series.csv
azure-vm-2026-10-04,raw/vm/network-120_static_ebpf+app_c2_r1_20261004T083641/README.md,docs/data/azure-vm-2026-10-04/raw/vm/network-120_static_ebpf+app_c2_r1_20261004T083641/README.md
azure-vm-2026-10-04,raw/vm/network-120_static_ebpf+app_c2_r1_20261004T083641/decisions.json,docs/data/azure-vm-2026-10-04/raw/vm/network-120_static_ebpf+app_c2_r1_20261004T083641/decisions.json
azure-vm-2026-10-04,raw/vm/network-120_static_ebpf+app_c2_r1_20261004T083641/faults.csv,docs/data/azure-vm-2026-10-04/raw/vm/network-120_static_ebpf+app_c2_r1_20261004T083641/faults.csv
azure-vm-2026-10-04,raw/vm/network-120_static_ebpf+app_c2_r1_20261004T083641/meta.json,docs/data/azure-vm-2026-10-04/raw/vm/network-120_static_ebpf+app_c2_r1_20261004T083641/meta.json
azure-vm-2026-10-04,raw/vm/network-120_static_ebpf+app_c2_r1_20261004T083641/requests.csv,docs/data/azure-vm-2026-10-04/raw/vm/network-120_static_ebpf+app_c2_r1_20261004T083641/requests.csv
azure-vm-2026-10-04,raw/vm/network-120_static_ebpf+app_c2_r1_20261004T083641/series.csv,docs/data/azure-vm-2026-10-04/raw/vm/network-120_static_ebpf+app_c2_r1_20261004T083641/series.csv
azure-vm-2026-10-04,raw/vm/network-120_static_ebpf+app_c2_r2_20261004T100045/README.md,docs/data/azure-vm-2026-10-04/raw/vm/network-120_static_ebpf+app_c2_r2_20261004T100045/README.md
azure-vm-2026-10-04,raw/vm/network-120_static_ebpf+app_c2_r2_20261004T100045/decisions.json,docs/data/azure-vm-2026-10-04/raw/vm/network-120_static_ebpf+app_c2_r2_20261004T100045/decisions.json
azure-vm-2026-10-04,raw/vm/network-120_static_ebpf+app_c2_r2_20261004T100045/faults.csv,docs/data/azure-vm-2026-10-04/raw/vm/network-120_static_ebpf+app_c2_r2_20261004T100045/faults.csv
azure-vm-2026-10-04,raw/vm/network-120_static_ebpf+app_c2_r2_20261004T100045/meta.json,docs/data/azure-vm-2026-10-04/raw/vm/network-120_static_ebpf+app_c2_r2_20261004T100045/meta.json
azure-vm-2026-10-04,raw/vm/network-120_static_ebpf+app_c2_r2_20261004T100045/requests.csv,docs/data/azure-vm-2026-10-04/raw/vm/network-120_static_ebpf+app_c2_r2_20261004T100045/requests.csv
azure-vm-2026-10-04,raw/vm/network-120_static_ebpf+app_c2_r2_20261004T100045/series.csv,docs/data/azure-vm-2026-10-04/raw/vm/network-120_static_ebpf+app_c2_r2_20261004T100045/series.csv
azure-vm-2026-10-04,raw/vm/network-120_static_ebpf+app_c2_r3_20261004T092716/README.md,docs/data/azure-vm-2026-10-04/raw/vm/network-120_static_ebpf+app_c2_r3_20261004T092716/README.md
azure-vm-2026-10-04,raw/vm/network-120_static_ebpf+app_c2_r3_20261004T092716/decisions.json,docs/data/azure-vm-2026-10-04/raw/vm/network-120_static_ebpf+app_c2_r3_20261004T092716/decisions.json
azure-vm-2026-10-04,raw/vm/network-120_static_ebpf+app_c2_r3_20261004T092716/faults.csv,docs/data/azure-vm-2026-10-04/raw/vm/network-120_static_ebpf+app_c2_r3_20261004T092716/faults.csv
azure-vm-2026-10-04,raw/vm/network-120_static_ebpf+app_c2_r3_20261004T092716/meta.json,docs/data/azure-vm-2026-10-04/raw/vm/network-120_static_ebpf+app_c2_r3_20261004T092716/meta.json
azure-vm-2026-10-04,raw/vm/network-120_static_ebpf+app_c2_r3_20261004T092716/requests.csv,docs/data/azure-vm-2026-10-04/raw/vm/network-120_static_ebpf+app_c2_r3_20261004T092716/requests.csv
azure-vm-2026-10-04,raw/vm/network-120_static_ebpf+app_c2_r3_20261004T092716/series.csv,docs/data/azure-vm-2026-10-04/raw/vm/network-120_static_ebpf+app_c2_r3_20261004T092716/series.csv
azure-vm-2026-10-04,raw/vm/runs_summary.csv,docs/data/azure-vm-2026-10-04/raw/vm/runs_summary.csv
azure-vm-2026-10-04,raw/vm-single/README.md,docs/data/azure-vm-2026-10-04/raw/vm-single/README.md
azure-vm-2026-10-04,raw/vm-single/runs_summary.csv,docs/data/azure-vm-2026-10-04/raw/vm-single/runs_summary.csv
azure-vm-2026-10-04,raw/vm-single/stable_static_ebpf+app_c2_r1_20261004T103931/README.md,docs/data/azure-vm-2026-10-04/raw/vm-single/stable_static_ebpf+app_c2_r1_20261004T103931/README.md
azure-vm-2026-10-04,raw/vm-single/stable_static_ebpf+app_c2_r1_20261004T103931/decisions.json,docs/data/azure-vm-2026-10-04/raw/vm-single/stable_static_ebpf+app_c2_r1_20261004T103931/decisions.json
azure-vm-2026-10-04,raw/vm-single/stable_static_ebpf+app_c2_r1_20261004T103931/faults.csv,docs/data/azure-vm-2026-10-04/raw/vm-single/stable_static_ebpf+app_c2_r1_20261004T103931/faults.csv
azure-vm-2026-10-04,raw/vm-single/stable_static_ebpf+app_c2_r1_20261004T103931/meta.json,docs/data/azure-vm-2026-10-04/raw/vm-single/stable_static_ebpf+app_c2_r1_20261004T103931/meta.json
azure-vm-2026-10-04,raw/vm-single/stable_static_ebpf+app_c2_r1_20261004T103931/requests.csv,docs/data/azure-vm-2026-10-04/raw/vm-single/stable_static_ebpf+app_c2_r1_20261004T103931/requests.csv
azure-vm-2026-10-04,raw/vm-single/stable_static_ebpf+app_c2_r1_20261004T103931/series.csv,docs/data/azure-vm-2026-10-04/raw/vm-single/stable_static_ebpf+app_c2_r1_20261004T103931/series.csv
azure-vm-2026-10-04,raw/vm-single/stable_static_ebpf+app_c2_r2_20261004T104350/README.md,docs/data/azure-vm-2026-10-04/raw/vm-single/stable_static_ebpf+app_c2_r2_20261004T104350/README.md
azure-vm-2026-10-04,raw/vm-single/stable_static_ebpf+app_c2_r2_20261004T104350/decisions.json,docs/data/azure-vm-2026-10-04/raw/vm-single/stable_static_ebpf+app_c2_r2_20261004T104350/decisions.json
azure-vm-2026-10-04,raw/vm-single/stable_static_ebpf+app_c2_r2_20261004T104350/faults.csv,docs/data/azure-vm-2026-10-04/raw/vm-single/stable_static_ebpf+app_c2_r2_20261004T104350/faults.csv
azure-vm-2026-10-04,raw/vm-single/stable_static_ebpf+app_c2_r2_20261004T104350/meta.json,docs/data/azure-vm-2026-10-04/raw/vm-single/stable_static_ebpf+app_c2_r2_20261004T104350/meta.json
azure-vm-2026-10-04,raw/vm-single/stable_static_ebpf+app_c2_r2_20261004T104350/requests.csv,docs/data/azure-vm-2026-10-04/raw/vm-single/stable_static_ebpf+app_c2_r2_20261004T104350/requests.csv
azure-vm-2026-10-04,raw/vm-single/stable_static_ebpf+app_c2_r2_20261004T104350/series.csv,docs/data/azure-vm-2026-10-04/raw/vm-single/stable_static_ebpf+app_c2_r2_20261004T104350/series.csv
azure-vm-2026-10-04,raw/vm-single/stable_static_ebpf+app_c2_r3_20261004T103509/README.md,docs/data/azure-vm-2026-10-04/raw/vm-single/stable_static_ebpf+app_c2_r3_20261004T103509/README.md
azure-vm-2026-10-04,raw/vm-single/stable_static_ebpf+app_c2_r3_20261004T103509/decisions.json,docs/data/azure-vm-2026-10-04/raw/vm-single/stable_static_ebpf+app_c2_r3_20261004T103509/decisions.json
azure-vm-2026-10-04,raw/vm-single/stable_static_ebpf+app_c2_r3_20261004T103509/faults.csv,docs/data/azure-vm-2026-10-04/raw/vm-single/stable_static_ebpf+app_c2_r3_20261004T103509/faults.csv
azure-vm-2026-10-04,raw/vm-single/stable_static_ebpf+app_c2_r3_20261004T103509/meta.json,docs/data/azure-vm-2026-10-04/raw/vm-single/stable_static_ebpf+app_c2_r3_20261004T103509/meta.json
azure-vm-2026-10-04,raw/vm-single/stable_static_ebpf+app_c2_r3_20261004T103509/requests.csv,docs/data/azure-vm-2026-10-04/raw/vm-single/stable_static_ebpf+app_c2_r3_20261004T103509/requests.csv
azure-vm-2026-10-04,raw/vm-single/stable_static_ebpf+app_c2_r3_20261004T103509/series.csv,docs/data/azure-vm-2026-10-04/raw/vm-single/stable_static_ebpf+app_c2_r3_20261004T103509/series.csv
azure-vm-2026-10-04,replay/README.md,docs/data/azure-vm-2026-10-04/replay/README.md
azure-vm-2026-10-04,replay/input.json,docs/data/azure-vm-2026-10-04/replay/input.json
azure-vm-2026-10-04,replay/local-check.jsonl,docs/data/azure-vm-2026-10-04/replay/local-check.jsonl
azure-vm-2026-10-04,replay/preparation.json,docs/data/azure-vm-2026-10-04/replay/preparation.json
azure-vm-2026-10-04,replay/replay-results.jsonl,docs/data/azure-vm-2026-10-04/replay/replay-results.jsonl
azure-vm-2026-10-04,replay/replay.log,docs/data/azure-vm-2026-10-04/replay/replay.log
azure-vm-2026-10-04,replay/summary.csv,docs/data/azure-vm-2026-10-04/replay/summary.csv
azure-vm-2026-10-04,replay/unit-tests.log,docs/data/azure-vm-2026-10-04/replay/unit-tests.log
azure-vm-2026-10-04,replay/validation.json,docs/data/azure-vm-2026-10-04/replay/validation.json
azure-vm-2026-10-04,replay/vm3-execution.txt,docs/data/azure-vm-2026-10-04/replay/vm3-execution.txt
azure-vm-2026-10-04,run-inventory.json,docs/data/azure-vm-2026-10-04/run-inventory.json
azure-vm-2026-10-04,transfer-validation.json,docs/data/azure-vm-2026-10-04/transfer-validation.json
journal-benchmark-2026-09-13,README.md,results/journal-benchmark-2026-09-13/README.md
journal-benchmark-2026-09-13,analysis/README.md,results/journal-benchmark-2026-09-13/analysis/README.md
journal-benchmark-2026-09-13,analysis/fidelity.png,results/journal-benchmark-2026-09-13/analysis/fidelity.png
journal-benchmark-2026-09-13,analysis/journal_4cpu_idle_timeseries.png,results/journal-benchmark-2026-09-13/analysis/journal_4cpu_idle_timeseries.png
journal-benchmark-2026-09-13,analysis/journal_4cpu_per_run.csv,results/journal-benchmark-2026-09-13/analysis/journal_4cpu_per_run.csv
journal-benchmark-2026-09-13,analysis/journal_4cpu_real_ebpf_srtt.png,results/journal-benchmark-2026-09-13/analysis/journal_4cpu_real_ebpf_srtt.png
journal-benchmark-2026-09-13,analysis/journal_4cpu_summary.json,results/journal-benchmark-2026-09-13/analysis/journal_4cpu_summary.json
journal-benchmark-2026-09-13,analysis/summary.json,results/journal-benchmark-2026-09-13/analysis/summary.json
journal-benchmark-2026-09-13,analysis/summary.png,results/journal-benchmark-2026-09-13/analysis/summary.png
journal-benchmark-2026-09-13,network/README.md,results/journal-benchmark-2026-09-13/network/README.md
journal-benchmark-2026-09-13,network/netem_4cpu_20260913_dynamic_r1_evidence.json,results/journal-benchmark-2026-09-13/network/netem_4cpu_20260913_dynamic_r1_evidence.json
journal-benchmark-2026-09-13,network/netem_4cpu_20260913_dynamic_r1_phases.csv,results/journal-benchmark-2026-09-13/network/netem_4cpu_20260913_dynamic_r1_phases.csv
journal-benchmark-2026-09-13,network/netem_4cpu_20260913_dynamic_r1_requests.csv,results/journal-benchmark-2026-09-13/network/netem_4cpu_20260913_dynamic_r1_requests.csv
journal-benchmark-2026-09-13,network/netem_4cpu_20260913_dynamic_r1_series.csv,results/journal-benchmark-2026-09-13/network/netem_4cpu_20260913_dynamic_r1_series.csv
journal-benchmark-2026-09-13,network/netem_4cpu_20260913_dynamic_r2_evidence.json,results/journal-benchmark-2026-09-13/network/netem_4cpu_20260913_dynamic_r2_evidence.json
journal-benchmark-2026-09-13,network/netem_4cpu_20260913_dynamic_r2_phases.csv,results/journal-benchmark-2026-09-13/network/netem_4cpu_20260913_dynamic_r2_phases.csv
journal-benchmark-2026-09-13,network/netem_4cpu_20260913_dynamic_r2_requests.csv,results/journal-benchmark-2026-09-13/network/netem_4cpu_20260913_dynamic_r2_requests.csv
journal-benchmark-2026-09-13,network/netem_4cpu_20260913_dynamic_r2_series.csv,results/journal-benchmark-2026-09-13/network/netem_4cpu_20260913_dynamic_r2_series.csv
journal-benchmark-2026-09-13,network/netem_4cpu_20260913_dynamic_r3_evidence.json,results/journal-benchmark-2026-09-13/network/netem_4cpu_20260913_dynamic_r3_evidence.json
journal-benchmark-2026-09-13,network/netem_4cpu_20260913_dynamic_r3_phases.csv,results/journal-benchmark-2026-09-13/network/netem_4cpu_20260913_dynamic_r3_phases.csv
journal-benchmark-2026-09-13,network/netem_4cpu_20260913_dynamic_r3_requests.csv,results/journal-benchmark-2026-09-13/network/netem_4cpu_20260913_dynamic_r3_requests.csv
journal-benchmark-2026-09-13,network/netem_4cpu_20260913_dynamic_r3_series.csv,results/journal-benchmark-2026-09-13/network/netem_4cpu_20260913_dynamic_r3_series.csv
journal-benchmark-2026-09-13,network/netem_4cpu_20260913_profileonly_r1_evidence.json,results/journal-benchmark-2026-09-13/network/netem_4cpu_20260913_profileonly_r1_evidence.json
journal-benchmark-2026-09-13,network/netem_4cpu_20260913_profileonly_r1_phases.csv,results/journal-benchmark-2026-09-13/network/netem_4cpu_20260913_profileonly_r1_phases.csv
journal-benchmark-2026-09-13,network/netem_4cpu_20260913_profileonly_r1_requests.csv,results/journal-benchmark-2026-09-13/network/netem_4cpu_20260913_profileonly_r1_requests.csv
journal-benchmark-2026-09-13,network/netem_4cpu_20260913_profileonly_r1_series.csv,results/journal-benchmark-2026-09-13/network/netem_4cpu_20260913_profileonly_r1_series.csv
journal-benchmark-2026-09-13,network/netem_4cpu_20260913_profileonly_r2_evidence.json,results/journal-benchmark-2026-09-13/network/netem_4cpu_20260913_profileonly_r2_evidence.json
journal-benchmark-2026-09-13,network/netem_4cpu_20260913_profileonly_r2_phases.csv,results/journal-benchmark-2026-09-13/network/netem_4cpu_20260913_profileonly_r2_phases.csv
journal-benchmark-2026-09-13,network/netem_4cpu_20260913_profileonly_r2_requests.csv,results/journal-benchmark-2026-09-13/network/netem_4cpu_20260913_profileonly_r2_requests.csv
journal-benchmark-2026-09-13,network/netem_4cpu_20260913_profileonly_r2_series.csv,results/journal-benchmark-2026-09-13/network/netem_4cpu_20260913_profileonly_r2_series.csv
journal-benchmark-2026-09-13,network/netem_4cpu_20260913_profileonly_r3_evidence.json,results/journal-benchmark-2026-09-13/network/netem_4cpu_20260913_profileonly_r3_evidence.json
journal-benchmark-2026-09-13,network/netem_4cpu_20260913_profileonly_r3_phases.csv,results/journal-benchmark-2026-09-13/network/netem_4cpu_20260913_profileonly_r3_phases.csv
journal-benchmark-2026-09-13,network/netem_4cpu_20260913_profileonly_r3_requests.csv,results/journal-benchmark-2026-09-13/network/netem_4cpu_20260913_profileonly_r3_requests.csv
journal-benchmark-2026-09-13,network/netem_4cpu_20260913_profileonly_r3_series.csv,results/journal-benchmark-2026-09-13/network/netem_4cpu_20260913_profileonly_r3_series.csv
journal-benchmark-2026-09-13,network/netem_4cpu_20260913_static_r1_evidence.json,results/journal-benchmark-2026-09-13/network/netem_4cpu_20260913_static_r1_evidence.json
journal-benchmark-2026-09-13,network/netem_4cpu_20260913_static_r1_phases.csv,results/journal-benchmark-2026-09-13/network/netem_4cpu_20260913_static_r1_phases.csv
journal-benchmark-2026-09-13,network/netem_4cpu_20260913_static_r1_requests.csv,results/journal-benchmark-2026-09-13/network/netem_4cpu_20260913_static_r1_requests.csv
journal-benchmark-2026-09-13,network/netem_4cpu_20260913_static_r1_series.csv,results/journal-benchmark-2026-09-13/network/netem_4cpu_20260913_static_r1_series.csv
journal-benchmark-2026-09-13,network/netem_4cpu_20260913_static_r2_evidence.json,results/journal-benchmark-2026-09-13/network/netem_4cpu_20260913_static_r2_evidence.json
journal-benchmark-2026-09-13,network/netem_4cpu_20260913_static_r2_phases.csv,results/journal-benchmark-2026-09-13/network/netem_4cpu_20260913_static_r2_phases.csv
journal-benchmark-2026-09-13,network/netem_4cpu_20260913_static_r2_requests.csv,results/journal-benchmark-2026-09-13/network/netem_4cpu_20260913_static_r2_requests.csv
journal-benchmark-2026-09-13,network/netem_4cpu_20260913_static_r2_series.csv,results/journal-benchmark-2026-09-13/network/netem_4cpu_20260913_static_r2_series.csv
journal-benchmark-2026-09-13,network/netem_4cpu_20260913_static_r3_evidence.json,results/journal-benchmark-2026-09-13/network/netem_4cpu_20260913_static_r3_evidence.json
journal-benchmark-2026-09-13,network/netem_4cpu_20260913_static_r3_phases.csv,results/journal-benchmark-2026-09-13/network/netem_4cpu_20260913_static_r3_phases.csv
journal-benchmark-2026-09-13,network/netem_4cpu_20260913_static_r3_requests.csv,results/journal-benchmark-2026-09-13/network/netem_4cpu_20260913_static_r3_requests.csv
journal-benchmark-2026-09-13,network/netem_4cpu_20260913_static_r3_series.csv,results/journal-benchmark-2026-09-13/network/netem_4cpu_20260913_static_r3_series.csv
journal-benchmark-2026-09-13,reports/README.md,results/journal-benchmark-2026-09-13/reports/README.md
journal-benchmark-2026-09-13,reports/journal-benchmark-4cpu-2026-09-13.csv,docs/journal-benchmark-4cpu-2026-09-13.csv
journal-benchmark-2026-09-13,reports/journal-benchmark-4cpu-2026-09-13.json,docs/journal-benchmark-4cpu-2026-09-13.json
journal-benchmark-2026-09-13,reports/journal-benchmark-4cpu-2026-09-13.md,docs/journal-benchmark-4cpu-2026-09-13.md
journal-benchmark-2026-09-13,reports/journal-benchmark-status-2026-09-13.md,docs/journal-benchmark-status-2026-09-13.md
journal-benchmark-2026-09-13,worker-loss/README.md,results/journal-benchmark-2026-09-13/worker-loss/README.md
journal-benchmark-2026-09-13,worker-loss/failure_4cpu_20260913_dynamic_r1_evidence.json,results/journal-benchmark-2026-09-13/worker-loss/failure_4cpu_20260913_dynamic_r1_evidence.json
journal-benchmark-2026-09-13,worker-loss/failure_4cpu_20260913_dynamic_r1_phases.csv,results/journal-benchmark-2026-09-13/worker-loss/failure_4cpu_20260913_dynamic_r1_phases.csv
journal-benchmark-2026-09-13,worker-loss/failure_4cpu_20260913_dynamic_r1_requests.csv,results/journal-benchmark-2026-09-13/worker-loss/failure_4cpu_20260913_dynamic_r1_requests.csv
journal-benchmark-2026-09-13,worker-loss/failure_4cpu_20260913_dynamic_r1_series.csv,results/journal-benchmark-2026-09-13/worker-loss/failure_4cpu_20260913_dynamic_r1_series.csv
journal-benchmark-2026-09-13,worker-loss/failure_4cpu_20260913_static_r1_evidence.json,results/journal-benchmark-2026-09-13/worker-loss/failure_4cpu_20260913_static_r1_evidence.json
journal-benchmark-2026-09-13,worker-loss/failure_4cpu_20260913_static_r1_phases.csv,results/journal-benchmark-2026-09-13/worker-loss/failure_4cpu_20260913_static_r1_phases.csv
journal-benchmark-2026-09-13,worker-loss/failure_4cpu_20260913_static_r1_requests.csv,results/journal-benchmark-2026-09-13/worker-loss/failure_4cpu_20260913_static_r1_requests.csv
journal-benchmark-2026-09-13,worker-loss/failure_4cpu_20260913_static_r1_series.csv,results/journal-benchmark-2026-09-13/worker-loss/failure_4cpu_20260913_static_r1_series.csv
objective-aware-2026-10-04,EXPERIMENT.md,results/objective-aware-2026-10-04/EXPERIMENT.md
objective-aware-2026-10-04,README.md,results/objective-aware-2026-10-04/README.md
objective-aware-2026-10-04,SHA256SUMS,results/objective-aware-2026-10-04/SHA256SUMS
objective-aware-2026-10-04,analysis/README.md,results/objective-aware-2026-10-04/analysis/README.md
objective-aware-2026-10-04,analysis/REPORT.md,results/objective-aware-2026-10-04/analysis/REPORT.md
objective-aware-2026-10-04,analysis/excluded.json,results/objective-aware-2026-10-04/analysis/excluded.json
objective-aware-2026-10-04,analysis/paired-comparisons.json,results/objective-aware-2026-10-04/analysis/paired-comparisons.json
objective-aware-2026-10-04,analysis/per-run.csv,results/objective-aware-2026-10-04/analysis/per-run.csv
objective-aware-2026-10-04,analysis/status.json,results/objective-aware-2026-10-04/analysis/status.json
objective-aware-2026-10-04,analysis/summary.csv,results/objective-aware-2026-10-04/analysis/summary.csv
objective-aware-2026-10-04,analysis/throughput.pdf,results/objective-aware-2026-10-04/analysis/throughput.pdf
objective-aware-2026-10-04,analysis/throughput.png,results/objective-aware-2026-10-04/analysis/throughput.png
objective-aware-2026-10-04,analysis/throughput.svg,results/objective-aware-2026-10-04/analysis/throughput.svg
objective-aware-2026-10-04,provenance/README.md,results/objective-aware-2026-10-04/provenance/README.md
objective-aware-2026-10-04,provenance/SOURCE_ARCHIVES_SHA256SUMS,results/objective-aware-2026-10-04/provenance/SOURCE_ARCHIVES_SHA256SUMS
objective-aware-2026-10-04,provenance/config-before.json,results/objective-aware-2026-10-04/provenance/config-before.json
objective-aware-2026-10-04,provenance/demand-matrix.log,results/objective-aware-2026-10-04/provenance/demand-matrix.log
objective-aware-2026-10-04,provenance/demand-tested-source.tgz,results/objective-aware-2026-10-04/provenance/demand-tested-source.tgz
objective-aware-2026-10-04,provenance/go-all-tests.log,results/objective-aware-2026-10-04/provenance/go-all-tests.log
objective-aware-2026-10-04,provenance/go-tests.log,results/objective-aware-2026-10-04/provenance/go-tests.log
objective-aware-2026-10-04,provenance/matrix.log,results/objective-aware-2026-10-04/provenance/matrix.log
objective-aware-2026-10-04,provenance/objective-tested-source.tgz,results/objective-aware-2026-10-04/provenance/objective-tested-source.tgz
objective-aware-2026-10-04,provenance/restore-layout.log,results/objective-aware-2026-10-04/provenance/restore-layout.log
objective-aware-2026-10-04,provenance/state-after.json,results/objective-aware-2026-10-04/provenance/state-after.json
objective-aware-2026-10-04,provenance/state-before.json,results/objective-aware-2026-10-04/provenance/state-before.json
objective-aware-2026-10-04,provenance/vm3-qdisc-after.txt,results/objective-aware-2026-10-04/provenance/vm3-qdisc-after.txt
objective-aware-2026-10-04,provenance/workload-tests.log,results/objective-aware-2026-10-04/provenance/workload-tests.log
objective-aware-2026-10-04,raw/README.md,results/objective-aware-2026-10-04/raw/README.md
objective-aware-2026-10-04,raw/demand/README.md,results/objective-aware-2026-10-04/raw/demand/README.md
objective-aware-2026-10-04,raw/demand/SOURCE_SHA256SUMS,results/objective-aware-2026-10-04/raw/demand/SOURCE_SHA256SUMS
objective-aware-2026-10-04,raw/demand/correctness-reference.json,results/objective-aware-2026-10-04/raw/demand/correctness-reference.json
objective-aware-2026-10-04,raw/demand/events.json,results/objective-aware-2026-10-04/raw/demand/events.json
objective-aware-2026-10-04,raw/demand/provenance.json,results/objective-aware-2026-10-04/raw/demand/provenance.json
objective-aware-2026-10-04,raw/demand/runs/README.md,results/objective-aware-2026-10-04/raw/demand/runs/README.md
objective-aware-2026-10-04,raw/demand/runs/stable_gate_ebpf+app_auto_c1_r1_20261004T114157/README.md,results/objective-aware-2026-10-04/raw/demand/runs/stable_gate_ebpf+app_auto_c1_r1_20261004T114157/README.md
objective-aware-2026-10-04,raw/demand/runs/stable_gate_ebpf+app_auto_c1_r1_20261004T114157/correctness.json,results/objective-aware-2026-10-04/raw/demand/runs/stable_gate_ebpf+app_auto_c1_r1_20261004T114157/correctness.json
objective-aware-2026-10-04,raw/demand/runs/stable_gate_ebpf+app_auto_c1_r1_20261004T114157/decisions.json,results/objective-aware-2026-10-04/raw/demand/runs/stable_gate_ebpf+app_auto_c1_r1_20261004T114157/decisions.json
objective-aware-2026-10-04,raw/demand/runs/stable_gate_ebpf+app_auto_c1_r1_20261004T114157/faults.csv,results/objective-aware-2026-10-04/raw/demand/runs/stable_gate_ebpf+app_auto_c1_r1_20261004T114157/faults.csv
objective-aware-2026-10-04,raw/demand/runs/stable_gate_ebpf+app_auto_c1_r1_20261004T114157/meta.json,results/objective-aware-2026-10-04/raw/demand/runs/stable_gate_ebpf+app_auto_c1_r1_20261004T114157/meta.json
objective-aware-2026-10-04,raw/demand/runs/stable_gate_ebpf+app_auto_c1_r1_20261004T114157/requests.csv,results/objective-aware-2026-10-04/raw/demand/runs/stable_gate_ebpf+app_auto_c1_r1_20261004T114157/requests.csv
objective-aware-2026-10-04,raw/demand/runs/stable_gate_ebpf+app_auto_c1_r1_20261004T114157/series.csv,results/objective-aware-2026-10-04/raw/demand/runs/stable_gate_ebpf+app_auto_c1_r1_20261004T114157/series.csv
objective-aware-2026-10-04,raw/demand/runs/stable_gate_ebpf+app_auto_c1_r1_20261004T114704/README.md,results/objective-aware-2026-10-04/raw/demand/runs/stable_gate_ebpf+app_auto_c1_r1_20261004T114704/README.md
objective-aware-2026-10-04,raw/demand/runs/stable_gate_ebpf+app_auto_c1_r1_20261004T114704/correctness.json,results/objective-aware-2026-10-04/raw/demand/runs/stable_gate_ebpf+app_auto_c1_r1_20261004T114704/correctness.json
objective-aware-2026-10-04,raw/demand/runs/stable_gate_ebpf+app_auto_c1_r1_20261004T114704/decisions.json,results/objective-aware-2026-10-04/raw/demand/runs/stable_gate_ebpf+app_auto_c1_r1_20261004T114704/decisions.json
objective-aware-2026-10-04,raw/demand/runs/stable_gate_ebpf+app_auto_c1_r1_20261004T114704/faults.csv,results/objective-aware-2026-10-04/raw/demand/runs/stable_gate_ebpf+app_auto_c1_r1_20261004T114704/faults.csv
objective-aware-2026-10-04,raw/demand/runs/stable_gate_ebpf+app_auto_c1_r1_20261004T114704/meta.json,results/objective-aware-2026-10-04/raw/demand/runs/stable_gate_ebpf+app_auto_c1_r1_20261004T114704/meta.json
objective-aware-2026-10-04,raw/demand/runs/stable_gate_ebpf+app_auto_c1_r1_20261004T114704/requests.csv,results/objective-aware-2026-10-04/raw/demand/runs/stable_gate_ebpf+app_auto_c1_r1_20261004T114704/requests.csv
objective-aware-2026-10-04,raw/demand/runs/stable_gate_ebpf+app_auto_c1_r1_20261004T114704/series.csv,results/objective-aware-2026-10-04/raw/demand/runs/stable_gate_ebpf+app_auto_c1_r1_20261004T114704/series.csv
objective-aware-2026-10-04,raw/demand/runs/stable_gate_ebpf+app_auto_c1_r2_20261004T113803/README.md,results/objective-aware-2026-10-04/raw/demand/runs/stable_gate_ebpf+app_auto_c1_r2_20261004T113803/README.md
objective-aware-2026-10-04,raw/demand/runs/stable_gate_ebpf+app_auto_c1_r2_20261004T113803/correctness.json,results/objective-aware-2026-10-04/raw/demand/runs/stable_gate_ebpf+app_auto_c1_r2_20261004T113803/correctness.json
objective-aware-2026-10-04,raw/demand/runs/stable_gate_ebpf+app_auto_c1_r2_20261004T113803/decisions.json,results/objective-aware-2026-10-04/raw/demand/runs/stable_gate_ebpf+app_auto_c1_r2_20261004T113803/decisions.json
objective-aware-2026-10-04,raw/demand/runs/stable_gate_ebpf+app_auto_c1_r2_20261004T113803/faults.csv,results/objective-aware-2026-10-04/raw/demand/runs/stable_gate_ebpf+app_auto_c1_r2_20261004T113803/faults.csv
objective-aware-2026-10-04,raw/demand/runs/stable_gate_ebpf+app_auto_c1_r2_20261004T113803/meta.json,results/objective-aware-2026-10-04/raw/demand/runs/stable_gate_ebpf+app_auto_c1_r2_20261004T113803/meta.json
objective-aware-2026-10-04,raw/demand/runs/stable_gate_ebpf+app_auto_c1_r2_20261004T113803/requests.csv,results/objective-aware-2026-10-04/raw/demand/runs/stable_gate_ebpf+app_auto_c1_r2_20261004T113803/requests.csv
objective-aware-2026-10-04,raw/demand/runs/stable_gate_ebpf+app_auto_c1_r2_20261004T113803/series.csv,results/objective-aware-2026-10-04/raw/demand/runs/stable_gate_ebpf+app_auto_c1_r2_20261004T113803/series.csv
objective-aware-2026-10-04,raw/demand/runs/stable_gate_ebpf+app_auto_c1_r2_20261004T114429/README.md,results/objective-aware-2026-10-04/raw/demand/runs/stable_gate_ebpf+app_auto_c1_r2_20261004T114429/README.md
objective-aware-2026-10-04,raw/demand/runs/stable_gate_ebpf+app_auto_c1_r2_20261004T114429/correctness.json,results/objective-aware-2026-10-04/raw/demand/runs/stable_gate_ebpf+app_auto_c1_r2_20261004T114429/correctness.json
objective-aware-2026-10-04,raw/demand/runs/stable_gate_ebpf+app_auto_c1_r2_20261004T114429/decisions.json,results/objective-aware-2026-10-04/raw/demand/runs/stable_gate_ebpf+app_auto_c1_r2_20261004T114429/decisions.json
objective-aware-2026-10-04,raw/demand/runs/stable_gate_ebpf+app_auto_c1_r2_20261004T114429/faults.csv,results/objective-aware-2026-10-04/raw/demand/runs/stable_gate_ebpf+app_auto_c1_r2_20261004T114429/faults.csv
objective-aware-2026-10-04,raw/demand/runs/stable_gate_ebpf+app_auto_c1_r2_20261004T114429/meta.json,results/objective-aware-2026-10-04/raw/demand/runs/stable_gate_ebpf+app_auto_c1_r2_20261004T114429/meta.json
objective-aware-2026-10-04,raw/demand/runs/stable_gate_ebpf+app_auto_c1_r2_20261004T114429/requests.csv,results/objective-aware-2026-10-04/raw/demand/runs/stable_gate_ebpf+app_auto_c1_r2_20261004T114429/requests.csv
objective-aware-2026-10-04,raw/demand/runs/stable_gate_ebpf+app_auto_c1_r2_20261004T114429/series.csv,results/objective-aware-2026-10-04/raw/demand/runs/stable_gate_ebpf+app_auto_c1_r2_20261004T114429/series.csv
objective-aware-2026-10-04,raw/demand/runs/stable_gate_ebpf+app_auto_c2_r1_20261004T113919/README.md,results/objective-aware-2026-10-04/raw/demand/runs/stable_gate_ebpf+app_auto_c2_r1_20261004T113919/README.md
objective-aware-2026-10-04,raw/demand/runs/stable_gate_ebpf+app_auto_c2_r1_20261004T113919/correctness.json,results/objective-aware-2026-10-04/raw/demand/runs/stable_gate_ebpf+app_auto_c2_r1_20261004T113919/correctness.json
objective-aware-2026-10-04,raw/demand/runs/stable_gate_ebpf+app_auto_c2_r1_20261004T113919/decisions.json,results/objective-aware-2026-10-04/raw/demand/runs/stable_gate_ebpf+app_auto_c2_r1_20261004T113919/decisions.json
objective-aware-2026-10-04,raw/demand/runs/stable_gate_ebpf+app_auto_c2_r1_20261004T113919/faults.csv,results/objective-aware-2026-10-04/raw/demand/runs/stable_gate_ebpf+app_auto_c2_r1_20261004T113919/faults.csv
objective-aware-2026-10-04,raw/demand/runs/stable_gate_ebpf+app_auto_c2_r1_20261004T113919/meta.json,results/objective-aware-2026-10-04/raw/demand/runs/stable_gate_ebpf+app_auto_c2_r1_20261004T113919/meta.json
objective-aware-2026-10-04,raw/demand/runs/stable_gate_ebpf+app_auto_c2_r1_20261004T113919/requests.csv,results/objective-aware-2026-10-04/raw/demand/runs/stable_gate_ebpf+app_auto_c2_r1_20261004T113919/requests.csv
objective-aware-2026-10-04,raw/demand/runs/stable_gate_ebpf+app_auto_c2_r1_20261004T113919/series.csv,results/objective-aware-2026-10-04/raw/demand/runs/stable_gate_ebpf+app_auto_c2_r1_20261004T113919/series.csv
objective-aware-2026-10-04,raw/demand/runs/stable_gate_ebpf+app_auto_c2_r1_20261004T114038/README.md,results/objective-aware-2026-10-04/raw/demand/runs/stable_gate_ebpf+app_auto_c2_r1_20261004T114038/README.md
objective-aware-2026-10-04,raw/demand/runs/stable_gate_ebpf+app_auto_c2_r1_20261004T114038/correctness.json,results/objective-aware-2026-10-04/raw/demand/runs/stable_gate_ebpf+app_auto_c2_r1_20261004T114038/correctness.json
objective-aware-2026-10-04,raw/demand/runs/stable_gate_ebpf+app_auto_c2_r1_20261004T114038/decisions.json,results/objective-aware-2026-10-04/raw/demand/runs/stable_gate_ebpf+app_auto_c2_r1_20261004T114038/decisions.json
objective-aware-2026-10-04,raw/demand/runs/stable_gate_ebpf+app_auto_c2_r1_20261004T114038/faults.csv,results/objective-aware-2026-10-04/raw/demand/runs/stable_gate_ebpf+app_auto_c2_r1_20261004T114038/faults.csv
objective-aware-2026-10-04,raw/demand/runs/stable_gate_ebpf+app_auto_c2_r1_20261004T114038/meta.json,results/objective-aware-2026-10-04/raw/demand/runs/stable_gate_ebpf+app_auto_c2_r1_20261004T114038/meta.json
objective-aware-2026-10-04,raw/demand/runs/stable_gate_ebpf+app_auto_c2_r1_20261004T114038/requests.csv,results/objective-aware-2026-10-04/raw/demand/runs/stable_gate_ebpf+app_auto_c2_r1_20261004T114038/requests.csv
objective-aware-2026-10-04,raw/demand/runs/stable_gate_ebpf+app_auto_c2_r1_20261004T114038/series.csv,results/objective-aware-2026-10-04/raw/demand/runs/stable_gate_ebpf+app_auto_c2_r1_20261004T114038/series.csv
objective-aware-2026-10-04,raw/demand/runs/stable_gate_ebpf+app_auto_c2_r2_20261004T114313/README.md,results/objective-aware-2026-10-04/raw/demand/runs/stable_gate_ebpf+app_auto_c2_r2_20261004T114313/README.md
objective-aware-2026-10-04,raw/demand/runs/stable_gate_ebpf+app_auto_c2_r2_20261004T114313/correctness.json,results/objective-aware-2026-10-04/raw/demand/runs/stable_gate_ebpf+app_auto_c2_r2_20261004T114313/correctness.json
objective-aware-2026-10-04,raw/demand/runs/stable_gate_ebpf+app_auto_c2_r2_20261004T114313/decisions.json,results/objective-aware-2026-10-04/raw/demand/runs/stable_gate_ebpf+app_auto_c2_r2_20261004T114313/decisions.json
objective-aware-2026-10-04,raw/demand/runs/stable_gate_ebpf+app_auto_c2_r2_20261004T114313/faults.csv,results/objective-aware-2026-10-04/raw/demand/runs/stable_gate_ebpf+app_auto_c2_r2_20261004T114313/faults.csv
objective-aware-2026-10-04,raw/demand/runs/stable_gate_ebpf+app_auto_c2_r2_20261004T114313/meta.json,results/objective-aware-2026-10-04/raw/demand/runs/stable_gate_ebpf+app_auto_c2_r2_20261004T114313/meta.json
objective-aware-2026-10-04,raw/demand/runs/stable_gate_ebpf+app_auto_c2_r2_20261004T114313/requests.csv,results/objective-aware-2026-10-04/raw/demand/runs/stable_gate_ebpf+app_auto_c2_r2_20261004T114313/requests.csv
objective-aware-2026-10-04,raw/demand/runs/stable_gate_ebpf+app_auto_c2_r2_20261004T114313/series.csv,results/objective-aware-2026-10-04/raw/demand/runs/stable_gate_ebpf+app_auto_c2_r2_20261004T114313/series.csv
objective-aware-2026-10-04,raw/demand/runs/stable_gate_ebpf+app_auto_c2_r2_20261004T114823/README.md,results/objective-aware-2026-10-04/raw/demand/runs/stable_gate_ebpf+app_auto_c2_r2_20261004T114823/README.md
objective-aware-2026-10-04,raw/demand/runs/stable_gate_ebpf+app_auto_c2_r2_20261004T114823/correctness.json,results/objective-aware-2026-10-04/raw/demand/runs/stable_gate_ebpf+app_auto_c2_r2_20261004T114823/correctness.json
objective-aware-2026-10-04,raw/demand/runs/stable_gate_ebpf+app_auto_c2_r2_20261004T114823/decisions.json,results/objective-aware-2026-10-04/raw/demand/runs/stable_gate_ebpf+app_auto_c2_r2_20261004T114823/decisions.json
objective-aware-2026-10-04,raw/demand/runs/stable_gate_ebpf+app_auto_c2_r2_20261004T114823/faults.csv,results/objective-aware-2026-10-04/raw/demand/runs/stable_gate_ebpf+app_auto_c2_r2_20261004T114823/faults.csv
objective-aware-2026-10-04,raw/demand/runs/stable_gate_ebpf+app_auto_c2_r2_20261004T114823/meta.json,results/objective-aware-2026-10-04/raw/demand/runs/stable_gate_ebpf+app_auto_c2_r2_20261004T114823/meta.json
objective-aware-2026-10-04,raw/demand/runs/stable_gate_ebpf+app_auto_c2_r2_20261004T114823/requests.csv,results/objective-aware-2026-10-04/raw/demand/runs/stable_gate_ebpf+app_auto_c2_r2_20261004T114823/requests.csv
objective-aware-2026-10-04,raw/demand/runs/stable_gate_ebpf+app_auto_c2_r2_20261004T114823/series.csv,results/objective-aware-2026-10-04/raw/demand/runs/stable_gate_ebpf+app_auto_c2_r2_20261004T114823/series.csv
objective-aware-2026-10-04,raw/demand/runs/stable_gate_ebpf+app_throughput_c1_r1_20261004T113410/README.md,results/objective-aware-2026-10-04/raw/demand/runs/stable_gate_ebpf+app_throughput_c1_r1_20261004T113410/README.md
objective-aware-2026-10-04,raw/demand/runs/stable_gate_ebpf+app_throughput_c1_r1_20261004T113410/correctness.json,results/objective-aware-2026-10-04/raw/demand/runs/stable_gate_ebpf+app_throughput_c1_r1_20261004T113410/correctness.json
objective-aware-2026-10-04,raw/demand/runs/stable_gate_ebpf+app_throughput_c1_r1_20261004T113410/decisions.json,results/objective-aware-2026-10-04/raw/demand/runs/stable_gate_ebpf+app_throughput_c1_r1_20261004T113410/decisions.json
objective-aware-2026-10-04,raw/demand/runs/stable_gate_ebpf+app_throughput_c1_r1_20261004T113410/faults.csv,results/objective-aware-2026-10-04/raw/demand/runs/stable_gate_ebpf+app_throughput_c1_r1_20261004T113410/faults.csv
objective-aware-2026-10-04,raw/demand/runs/stable_gate_ebpf+app_throughput_c1_r1_20261004T113410/meta.json,results/objective-aware-2026-10-04/raw/demand/runs/stable_gate_ebpf+app_throughput_c1_r1_20261004T113410/meta.json
objective-aware-2026-10-04,raw/demand/runs/stable_gate_ebpf+app_throughput_c1_r1_20261004T113410/requests.csv,results/objective-aware-2026-10-04/raw/demand/runs/stable_gate_ebpf+app_throughput_c1_r1_20261004T113410/requests.csv
objective-aware-2026-10-04,raw/demand/runs/stable_gate_ebpf+app_throughput_c1_r1_20261004T113410/series.csv,results/objective-aware-2026-10-04/raw/demand/runs/stable_gate_ebpf+app_throughput_c1_r1_20261004T113410/series.csv
objective-aware-2026-10-04,raw/demand/runs/stable_gate_ebpf+app_throughput_c1_r2_20261004T113645/README.md,results/objective-aware-2026-10-04/raw/demand/runs/stable_gate_ebpf+app_throughput_c1_r2_20261004T113645/README.md
objective-aware-2026-10-04,raw/demand/runs/stable_gate_ebpf+app_throughput_c1_r2_20261004T113645/correctness.json,results/objective-aware-2026-10-04/raw/demand/runs/stable_gate_ebpf+app_throughput_c1_r2_20261004T113645/correctness.json
objective-aware-2026-10-04,raw/demand/runs/stable_gate_ebpf+app_throughput_c1_r2_20261004T113645/decisions.json,results/objective-aware-2026-10-04/raw/demand/runs/stable_gate_ebpf+app_throughput_c1_r2_20261004T113645/decisions.json
objective-aware-2026-10-04,raw/demand/runs/stable_gate_ebpf+app_throughput_c1_r2_20261004T113645/faults.csv,results/objective-aware-2026-10-04/raw/demand/runs/stable_gate_ebpf+app_throughput_c1_r2_20261004T113645/faults.csv
objective-aware-2026-10-04,raw/demand/runs/stable_gate_ebpf+app_throughput_c1_r2_20261004T113645/meta.json,results/objective-aware-2026-10-04/raw/demand/runs/stable_gate_ebpf+app_throughput_c1_r2_20261004T113645/meta.json
objective-aware-2026-10-04,raw/demand/runs/stable_gate_ebpf+app_throughput_c1_r2_20261004T113645/requests.csv,results/objective-aware-2026-10-04/raw/demand/runs/stable_gate_ebpf+app_throughput_c1_r2_20261004T113645/requests.csv
objective-aware-2026-10-04,raw/demand/runs/stable_gate_ebpf+app_throughput_c1_r2_20261004T113645/series.csv,results/objective-aware-2026-10-04/raw/demand/runs/stable_gate_ebpf+app_throughput_c1_r2_20261004T113645/series.csv
objective-aware-2026-10-04,raw/demand/runs/stable_gate_ebpf+app_throughput_c2_r1_20261004T114544/README.md,results/objective-aware-2026-10-04/raw/demand/runs/stable_gate_ebpf+app_throughput_c2_r1_20261004T114544/README.md
objective-aware-2026-10-04,raw/demand/runs/stable_gate_ebpf+app_throughput_c2_r1_20261004T114544/correctness.json,results/objective-aware-2026-10-04/raw/demand/runs/stable_gate_ebpf+app_throughput_c2_r1_20261004T114544/correctness.json
objective-aware-2026-10-04,raw/demand/runs/stable_gate_ebpf+app_throughput_c2_r1_20261004T114544/decisions.json,results/objective-aware-2026-10-04/raw/demand/runs/stable_gate_ebpf+app_throughput_c2_r1_20261004T114544/decisions.json
objective-aware-2026-10-04,raw/demand/runs/stable_gate_ebpf+app_throughput_c2_r1_20261004T114544/faults.csv,results/objective-aware-2026-10-04/raw/demand/runs/stable_gate_ebpf+app_throughput_c2_r1_20261004T114544/faults.csv
objective-aware-2026-10-04,raw/demand/runs/stable_gate_ebpf+app_throughput_c2_r1_20261004T114544/meta.json,results/objective-aware-2026-10-04/raw/demand/runs/stable_gate_ebpf+app_throughput_c2_r1_20261004T114544/meta.json
objective-aware-2026-10-04,raw/demand/runs/stable_gate_ebpf+app_throughput_c2_r1_20261004T114544/requests.csv,results/objective-aware-2026-10-04/raw/demand/runs/stable_gate_ebpf+app_throughput_c2_r1_20261004T114544/requests.csv
objective-aware-2026-10-04,raw/demand/runs/stable_gate_ebpf+app_throughput_c2_r1_20261004T114544/series.csv,results/objective-aware-2026-10-04/raw/demand/runs/stable_gate_ebpf+app_throughput_c2_r1_20261004T114544/series.csv
objective-aware-2026-10-04,raw/demand/runs/stable_gate_ebpf+app_throughput_c2_r2_20261004T113528/README.md,results/objective-aware-2026-10-04/raw/demand/runs/stable_gate_ebpf+app_throughput_c2_r2_20261004T113528/README.md
objective-aware-2026-10-04,raw/demand/runs/stable_gate_ebpf+app_throughput_c2_r2_20261004T113528/correctness.json,results/objective-aware-2026-10-04/raw/demand/runs/stable_gate_ebpf+app_throughput_c2_r2_20261004T113528/correctness.json
objective-aware-2026-10-04,raw/demand/runs/stable_gate_ebpf+app_throughput_c2_r2_20261004T113528/decisions.json,results/objective-aware-2026-10-04/raw/demand/runs/stable_gate_ebpf+app_throughput_c2_r2_20261004T113528/decisions.json
objective-aware-2026-10-04,raw/demand/runs/stable_gate_ebpf+app_throughput_c2_r2_20261004T113528/faults.csv,results/objective-aware-2026-10-04/raw/demand/runs/stable_gate_ebpf+app_throughput_c2_r2_20261004T113528/faults.csv
objective-aware-2026-10-04,raw/demand/runs/stable_gate_ebpf+app_throughput_c2_r2_20261004T113528/meta.json,results/objective-aware-2026-10-04/raw/demand/runs/stable_gate_ebpf+app_throughput_c2_r2_20261004T113528/meta.json
objective-aware-2026-10-04,raw/demand/runs/stable_gate_ebpf+app_throughput_c2_r2_20261004T113528/requests.csv,results/objective-aware-2026-10-04/raw/demand/runs/stable_gate_ebpf+app_throughput_c2_r2_20261004T113528/requests.csv
objective-aware-2026-10-04,raw/demand/runs/stable_gate_ebpf+app_throughput_c2_r2_20261004T113528/series.csv,results/objective-aware-2026-10-04/raw/demand/runs/stable_gate_ebpf+app_throughput_c2_r2_20261004T113528/series.csv
objective-aware-2026-10-04,raw/demand/schedule.json,results/objective-aware-2026-10-04/raw/demand/schedule.json
objective-aware-2026-10-04,raw/objective/README.md,results/objective-aware-2026-10-04/raw/objective/README.md
objective-aware-2026-10-04,raw/objective/SOURCE_SHA256SUMS,results/objective-aware-2026-10-04/raw/objective/SOURCE_SHA256SUMS
objective-aware-2026-10-04,raw/objective/events.json,results/objective-aware-2026-10-04/raw/objective/events.json
objective-aware-2026-10-04,raw/objective/provenance.json,results/objective-aware-2026-10-04/raw/objective/provenance.json
objective-aware-2026-10-04,raw/objective/runs/README.md,results/objective-aware-2026-10-04/raw/objective/runs/README.md
objective-aware-2026-10-04,raw/objective/runs/network-120_gate_ebpf+app_latency_c1_r1_20261004T112909/README.md,results/objective-aware-2026-10-04/raw/objective/runs/network-120_gate_ebpf+app_latency_c1_r1_20261004T112909/README.md
objective-aware-2026-10-04,raw/objective/runs/network-120_gate_ebpf+app_latency_c1_r1_20261004T112909/decisions.json,results/objective-aware-2026-10-04/raw/objective/runs/network-120_gate_ebpf+app_latency_c1_r1_20261004T112909/decisions.json
objective-aware-2026-10-04,raw/objective/runs/network-120_gate_ebpf+app_latency_c1_r1_20261004T112909/faults.csv,results/objective-aware-2026-10-04/raw/objective/runs/network-120_gate_ebpf+app_latency_c1_r1_20261004T112909/faults.csv
objective-aware-2026-10-04,raw/objective/runs/network-120_gate_ebpf+app_latency_c1_r1_20261004T112909/meta.json,results/objective-aware-2026-10-04/raw/objective/runs/network-120_gate_ebpf+app_latency_c1_r1_20261004T112909/meta.json
objective-aware-2026-10-04,raw/objective/runs/network-120_gate_ebpf+app_latency_c1_r1_20261004T112909/requests.csv,results/objective-aware-2026-10-04/raw/objective/runs/network-120_gate_ebpf+app_latency_c1_r1_20261004T112909/requests.csv
objective-aware-2026-10-04,raw/objective/runs/network-120_gate_ebpf+app_latency_c1_r1_20261004T112909/series.csv,results/objective-aware-2026-10-04/raw/objective/runs/network-120_gate_ebpf+app_latency_c1_r1_20261004T112909/series.csv
objective-aware-2026-10-04,raw/objective/runs/network-120_gate_ebpf+app_latency_c1_r2_20261004T111628/README.md,results/objective-aware-2026-10-04/raw/objective/runs/network-120_gate_ebpf+app_latency_c1_r2_20261004T111628/README.md
objective-aware-2026-10-04,raw/objective/runs/network-120_gate_ebpf+app_latency_c1_r2_20261004T111628/decisions.json,results/objective-aware-2026-10-04/raw/objective/runs/network-120_gate_ebpf+app_latency_c1_r2_20261004T111628/decisions.json
objective-aware-2026-10-04,raw/objective/runs/network-120_gate_ebpf+app_latency_c1_r2_20261004T111628/faults.csv,results/objective-aware-2026-10-04/raw/objective/runs/network-120_gate_ebpf+app_latency_c1_r2_20261004T111628/faults.csv
objective-aware-2026-10-04,raw/objective/runs/network-120_gate_ebpf+app_latency_c1_r2_20261004T111628/meta.json,results/objective-aware-2026-10-04/raw/objective/runs/network-120_gate_ebpf+app_latency_c1_r2_20261004T111628/meta.json
objective-aware-2026-10-04,raw/objective/runs/network-120_gate_ebpf+app_latency_c1_r2_20261004T111628/requests.csv,results/objective-aware-2026-10-04/raw/objective/runs/network-120_gate_ebpf+app_latency_c1_r2_20261004T111628/requests.csv
objective-aware-2026-10-04,raw/objective/runs/network-120_gate_ebpf+app_latency_c1_r2_20261004T111628/series.csv,results/objective-aware-2026-10-04/raw/objective/runs/network-120_gate_ebpf+app_latency_c1_r2_20261004T111628/series.csv
objective-aware-2026-10-04,raw/objective/runs/network-120_gate_ebpf+app_latency_c2_r1_20261004T111400/README.md,results/objective-aware-2026-10-04/raw/objective/runs/network-120_gate_ebpf+app_latency_c2_r1_20261004T111400/README.md
objective-aware-2026-10-04,raw/objective/runs/network-120_gate_ebpf+app_latency_c2_r1_20261004T111400/decisions.json,results/objective-aware-2026-10-04/raw/objective/runs/network-120_gate_ebpf+app_latency_c2_r1_20261004T111400/decisions.json
objective-aware-2026-10-04,raw/objective/runs/network-120_gate_ebpf+app_latency_c2_r1_20261004T111400/faults.csv,results/objective-aware-2026-10-04/raw/objective/runs/network-120_gate_ebpf+app_latency_c2_r1_20261004T111400/faults.csv
objective-aware-2026-10-04,raw/objective/runs/network-120_gate_ebpf+app_latency_c2_r1_20261004T111400/meta.json,results/objective-aware-2026-10-04/raw/objective/runs/network-120_gate_ebpf+app_latency_c2_r1_20261004T111400/meta.json
objective-aware-2026-10-04,raw/objective/runs/network-120_gate_ebpf+app_latency_c2_r1_20261004T111400/requests.csv,results/objective-aware-2026-10-04/raw/objective/runs/network-120_gate_ebpf+app_latency_c2_r1_20261004T111400/requests.csv
objective-aware-2026-10-04,raw/objective/runs/network-120_gate_ebpf+app_latency_c2_r1_20261004T111400/series.csv,results/objective-aware-2026-10-04/raw/objective/runs/network-120_gate_ebpf+app_latency_c2_r1_20261004T111400/series.csv
objective-aware-2026-10-04,raw/objective/runs/network-120_gate_ebpf+app_latency_c2_r2_20261004T112635/README.md,results/objective-aware-2026-10-04/raw/objective/runs/network-120_gate_ebpf+app_latency_c2_r2_20261004T112635/README.md
objective-aware-2026-10-04,raw/objective/runs/network-120_gate_ebpf+app_latency_c2_r2_20261004T112635/decisions.json,results/objective-aware-2026-10-04/raw/objective/runs/network-120_gate_ebpf+app_latency_c2_r2_20261004T112635/decisions.json
objective-aware-2026-10-04,raw/objective/runs/network-120_gate_ebpf+app_latency_c2_r2_20261004T112635/faults.csv,results/objective-aware-2026-10-04/raw/objective/runs/network-120_gate_ebpf+app_latency_c2_r2_20261004T112635/faults.csv
objective-aware-2026-10-04,raw/objective/runs/network-120_gate_ebpf+app_latency_c2_r2_20261004T112635/meta.json,results/objective-aware-2026-10-04/raw/objective/runs/network-120_gate_ebpf+app_latency_c2_r2_20261004T112635/meta.json
objective-aware-2026-10-04,raw/objective/runs/network-120_gate_ebpf+app_latency_c2_r2_20261004T112635/requests.csv,results/objective-aware-2026-10-04/raw/objective/runs/network-120_gate_ebpf+app_latency_c2_r2_20261004T112635/requests.csv
objective-aware-2026-10-04,raw/objective/runs/network-120_gate_ebpf+app_latency_c2_r2_20261004T112635/series.csv,results/objective-aware-2026-10-04/raw/objective/runs/network-120_gate_ebpf+app_latency_c2_r2_20261004T112635/series.csv
objective-aware-2026-10-04,raw/objective/runs/network-120_gate_ebpf+app_throughput_c1_r1_20261004T112249/README.md,results/objective-aware-2026-10-04/raw/objective/runs/network-120_gate_ebpf+app_throughput_c1_r1_20261004T112249/README.md
objective-aware-2026-10-04,raw/objective/runs/network-120_gate_ebpf+app_throughput_c1_r1_20261004T112249/decisions.json,results/objective-aware-2026-10-04/raw/objective/runs/network-120_gate_ebpf+app_throughput_c1_r1_20261004T112249/decisions.json
objective-aware-2026-10-04,raw/objective/runs/network-120_gate_ebpf+app_throughput_c1_r1_20261004T112249/faults.csv,results/objective-aware-2026-10-04/raw/objective/runs/network-120_gate_ebpf+app_throughput_c1_r1_20261004T112249/faults.csv
objective-aware-2026-10-04,raw/objective/runs/network-120_gate_ebpf+app_throughput_c1_r1_20261004T112249/meta.json,results/objective-aware-2026-10-04/raw/objective/runs/network-120_gate_ebpf+app_throughput_c1_r1_20261004T112249/meta.json
objective-aware-2026-10-04,raw/objective/runs/network-120_gate_ebpf+app_throughput_c1_r1_20261004T112249/requests.csv,results/objective-aware-2026-10-04/raw/objective/runs/network-120_gate_ebpf+app_throughput_c1_r1_20261004T112249/requests.csv
objective-aware-2026-10-04,raw/objective/runs/network-120_gate_ebpf+app_throughput_c1_r1_20261004T112249/series.csv,results/objective-aware-2026-10-04/raw/objective/runs/network-120_gate_ebpf+app_throughput_c1_r1_20261004T112249/series.csv
objective-aware-2026-10-04,raw/objective/runs/network-120_gate_ebpf+app_throughput_c1_r2_20261004T111742/README.md,results/objective-aware-2026-10-04/raw/objective/runs/network-120_gate_ebpf+app_throughput_c1_r2_20261004T111742/README.md
objective-aware-2026-10-04,raw/objective/runs/network-120_gate_ebpf+app_throughput_c1_r2_20261004T111742/decisions.json,results/objective-aware-2026-10-04/raw/objective/runs/network-120_gate_ebpf+app_throughput_c1_r2_20261004T111742/decisions.json
objective-aware-2026-10-04,raw/objective/runs/network-120_gate_ebpf+app_throughput_c1_r2_20261004T111742/faults.csv,results/objective-aware-2026-10-04/raw/objective/runs/network-120_gate_ebpf+app_throughput_c1_r2_20261004T111742/faults.csv
objective-aware-2026-10-04,raw/objective/runs/network-120_gate_ebpf+app_throughput_c1_r2_20261004T111742/meta.json,results/objective-aware-2026-10-04/raw/objective/runs/network-120_gate_ebpf+app_throughput_c1_r2_20261004T111742/meta.json
objective-aware-2026-10-04,raw/objective/runs/network-120_gate_ebpf+app_throughput_c1_r2_20261004T111742/requests.csv,results/objective-aware-2026-10-04/raw/objective/runs/network-120_gate_ebpf+app_throughput_c1_r2_20261004T111742/requests.csv
objective-aware-2026-10-04,raw/objective/runs/network-120_gate_ebpf+app_throughput_c1_r2_20261004T111742/series.csv,results/objective-aware-2026-10-04/raw/objective/runs/network-120_gate_ebpf+app_throughput_c1_r2_20261004T111742/series.csv
objective-aware-2026-10-04,raw/objective/runs/network-120_gate_ebpf+app_throughput_c2_r1_20261004T111240/README.md,results/objective-aware-2026-10-04/raw/objective/runs/network-120_gate_ebpf+app_throughput_c2_r1_20261004T111240/README.md
objective-aware-2026-10-04,raw/objective/runs/network-120_gate_ebpf+app_throughput_c2_r1_20261004T111240/decisions.json,results/objective-aware-2026-10-04/raw/objective/runs/network-120_gate_ebpf+app_throughput_c2_r1_20261004T111240/decisions.json
objective-aware-2026-10-04,raw/objective/runs/network-120_gate_ebpf+app_throughput_c2_r1_20261004T111240/faults.csv,results/objective-aware-2026-10-04/raw/objective/runs/network-120_gate_ebpf+app_throughput_c2_r1_20261004T111240/faults.csv
objective-aware-2026-10-04,raw/objective/runs/network-120_gate_ebpf+app_throughput_c2_r1_20261004T111240/meta.json,results/objective-aware-2026-10-04/raw/objective/runs/network-120_gate_ebpf+app_throughput_c2_r1_20261004T111240/meta.json
objective-aware-2026-10-04,raw/objective/runs/network-120_gate_ebpf+app_throughput_c2_r1_20261004T111240/requests.csv,results/objective-aware-2026-10-04/raw/objective/runs/network-120_gate_ebpf+app_throughput_c2_r1_20261004T111240/requests.csv
objective-aware-2026-10-04,raw/objective/runs/network-120_gate_ebpf+app_throughput_c2_r1_20261004T111240/series.csv,results/objective-aware-2026-10-04/raw/objective/runs/network-120_gate_ebpf+app_throughput_c2_r1_20261004T111240/series.csv
objective-aware-2026-10-04,raw/objective/runs/network-120_gate_ebpf+app_throughput_c2_r2_20261004T111004/README.md,results/objective-aware-2026-10-04/raw/objective/runs/network-120_gate_ebpf+app_throughput_c2_r2_20261004T111004/README.md
objective-aware-2026-10-04,raw/objective/runs/network-120_gate_ebpf+app_throughput_c2_r2_20261004T111004/decisions.json,results/objective-aware-2026-10-04/raw/objective/runs/network-120_gate_ebpf+app_throughput_c2_r2_20261004T111004/decisions.json
objective-aware-2026-10-04,raw/objective/runs/network-120_gate_ebpf+app_throughput_c2_r2_20261004T111004/faults.csv,results/objective-aware-2026-10-04/raw/objective/runs/network-120_gate_ebpf+app_throughput_c2_r2_20261004T111004/faults.csv
objective-aware-2026-10-04,raw/objective/runs/network-120_gate_ebpf+app_throughput_c2_r2_20261004T111004/meta.json,results/objective-aware-2026-10-04/raw/objective/runs/network-120_gate_ebpf+app_throughput_c2_r2_20261004T111004/meta.json
objective-aware-2026-10-04,raw/objective/runs/network-120_gate_ebpf+app_throughput_c2_r2_20261004T111004/requests.csv,results/objective-aware-2026-10-04/raw/objective/runs/network-120_gate_ebpf+app_throughput_c2_r2_20261004T111004/requests.csv
objective-aware-2026-10-04,raw/objective/runs/network-120_gate_ebpf+app_throughput_c2_r2_20261004T111004/series.csv,results/objective-aware-2026-10-04/raw/objective/runs/network-120_gate_ebpf+app_throughput_c2_r2_20261004T111004/series.csv
objective-aware-2026-10-04,raw/objective/runs/stable_gate_ebpf+app_latency_c1_r1_20261004T111124/README.md,results/objective-aware-2026-10-04/raw/objective/runs/stable_gate_ebpf+app_latency_c1_r1_20261004T111124/README.md
objective-aware-2026-10-04,raw/objective/runs/stable_gate_ebpf+app_latency_c1_r1_20261004T111124/decisions.json,results/objective-aware-2026-10-04/raw/objective/runs/stable_gate_ebpf+app_latency_c1_r1_20261004T111124/decisions.json
objective-aware-2026-10-04,raw/objective/runs/stable_gate_ebpf+app_latency_c1_r1_20261004T111124/faults.csv,results/objective-aware-2026-10-04/raw/objective/runs/stable_gate_ebpf+app_latency_c1_r1_20261004T111124/faults.csv
objective-aware-2026-10-04,raw/objective/runs/stable_gate_ebpf+app_latency_c1_r1_20261004T111124/meta.json,results/objective-aware-2026-10-04/raw/objective/runs/stable_gate_ebpf+app_latency_c1_r1_20261004T111124/meta.json
objective-aware-2026-10-04,raw/objective/runs/stable_gate_ebpf+app_latency_c1_r1_20261004T111124/requests.csv,results/objective-aware-2026-10-04/raw/objective/runs/stable_gate_ebpf+app_latency_c1_r1_20261004T111124/requests.csv
objective-aware-2026-10-04,raw/objective/runs/stable_gate_ebpf+app_latency_c1_r1_20261004T111124/series.csv,results/objective-aware-2026-10-04/raw/objective/runs/stable_gate_ebpf+app_latency_c1_r1_20261004T111124/series.csv
objective-aware-2026-10-04,raw/objective/runs/stable_gate_ebpf+app_latency_c1_r2_20261004T113138/README.md,results/objective-aware-2026-10-04/raw/objective/runs/stable_gate_ebpf+app_latency_c1_r2_20261004T113138/README.md
objective-aware-2026-10-04,raw/objective/runs/stable_gate_ebpf+app_latency_c1_r2_20261004T113138/decisions.json,results/objective-aware-2026-10-04/raw/objective/runs/stable_gate_ebpf+app_latency_c1_r2_20261004T113138/decisions.json
objective-aware-2026-10-04,raw/objective/runs/stable_gate_ebpf+app_latency_c1_r2_20261004T113138/faults.csv,results/objective-aware-2026-10-04/raw/objective/runs/stable_gate_ebpf+app_latency_c1_r2_20261004T113138/faults.csv
objective-aware-2026-10-04,raw/objective/runs/stable_gate_ebpf+app_latency_c1_r2_20261004T113138/meta.json,results/objective-aware-2026-10-04/raw/objective/runs/stable_gate_ebpf+app_latency_c1_r2_20261004T113138/meta.json
objective-aware-2026-10-04,raw/objective/runs/stable_gate_ebpf+app_latency_c1_r2_20261004T113138/requests.csv,results/objective-aware-2026-10-04/raw/objective/runs/stable_gate_ebpf+app_latency_c1_r2_20261004T113138/requests.csv
objective-aware-2026-10-04,raw/objective/runs/stable_gate_ebpf+app_latency_c1_r2_20261004T113138/series.csv,results/objective-aware-2026-10-04/raw/objective/runs/stable_gate_ebpf+app_latency_c1_r2_20261004T113138/series.csv
objective-aware-2026-10-04,raw/objective/runs/stable_gate_ebpf+app_latency_c1_r3_20261004T112019/README.md,results/objective-aware-2026-10-04/raw/objective/runs/stable_gate_ebpf+app_latency_c1_r3_20261004T112019/README.md
objective-aware-2026-10-04,raw/objective/runs/stable_gate_ebpf+app_latency_c1_r3_20261004T112019/decisions.json,results/objective-aware-2026-10-04/raw/objective/runs/stable_gate_ebpf+app_latency_c1_r3_20261004T112019/decisions.json
objective-aware-2026-10-04,raw/objective/runs/stable_gate_ebpf+app_latency_c1_r3_20261004T112019/faults.csv,results/objective-aware-2026-10-04/raw/objective/runs/stable_gate_ebpf+app_latency_c1_r3_20261004T112019/faults.csv
objective-aware-2026-10-04,raw/objective/runs/stable_gate_ebpf+app_latency_c1_r3_20261004T112019/meta.json,results/objective-aware-2026-10-04/raw/objective/runs/stable_gate_ebpf+app_latency_c1_r3_20261004T112019/meta.json
objective-aware-2026-10-04,raw/objective/runs/stable_gate_ebpf+app_latency_c1_r3_20261004T112019/requests.csv,results/objective-aware-2026-10-04/raw/objective/runs/stable_gate_ebpf+app_latency_c1_r3_20261004T112019/requests.csv
objective-aware-2026-10-04,raw/objective/runs/stable_gate_ebpf+app_latency_c1_r3_20261004T112019/series.csv,results/objective-aware-2026-10-04/raw/objective/runs/stable_gate_ebpf+app_latency_c1_r3_20261004T112019/series.csv
objective-aware-2026-10-04,raw/objective/runs/stable_gate_ebpf+app_latency_c2_r1_20261004T112519/README.md,results/objective-aware-2026-10-04/raw/objective/runs/stable_gate_ebpf+app_latency_c2_r1_20261004T112519/README.md
objective-aware-2026-10-04,raw/objective/runs/stable_gate_ebpf+app_latency_c2_r1_20261004T112519/decisions.json,results/objective-aware-2026-10-04/raw/objective/runs/stable_gate_ebpf+app_latency_c2_r1_20261004T112519/decisions.json
objective-aware-2026-10-04,raw/objective/runs/stable_gate_ebpf+app_latency_c2_r1_20261004T112519/faults.csv,results/objective-aware-2026-10-04/raw/objective/runs/stable_gate_ebpf+app_latency_c2_r1_20261004T112519/faults.csv
objective-aware-2026-10-04,raw/objective/runs/stable_gate_ebpf+app_latency_c2_r1_20261004T112519/meta.json,results/objective-aware-2026-10-04/raw/objective/runs/stable_gate_ebpf+app_latency_c2_r1_20261004T112519/meta.json
objective-aware-2026-10-04,raw/objective/runs/stable_gate_ebpf+app_latency_c2_r1_20261004T112519/requests.csv,results/objective-aware-2026-10-04/raw/objective/runs/stable_gate_ebpf+app_latency_c2_r1_20261004T112519/requests.csv
objective-aware-2026-10-04,raw/objective/runs/stable_gate_ebpf+app_latency_c2_r1_20261004T112519/series.csv,results/objective-aware-2026-10-04/raw/objective/runs/stable_gate_ebpf+app_latency_c2_r1_20261004T112519/series.csv
objective-aware-2026-10-04,raw/objective/runs/stable_gate_ebpf+app_latency_c2_r2_20261004T111516/README.md,results/objective-aware-2026-10-04/raw/objective/runs/stable_gate_ebpf+app_latency_c2_r2_20261004T111516/README.md
objective-aware-2026-10-04,raw/objective/runs/stable_gate_ebpf+app_latency_c2_r2_20261004T111516/decisions.json,results/objective-aware-2026-10-04/raw/objective/runs/stable_gate_ebpf+app_latency_c2_r2_20261004T111516/decisions.json
objective-aware-2026-10-04,raw/objective/runs/stable_gate_ebpf+app_latency_c2_r2_20261004T111516/faults.csv,results/objective-aware-2026-10-04/raw/objective/runs/stable_gate_ebpf+app_latency_c2_r2_20261004T111516/faults.csv
objective-aware-2026-10-04,raw/objective/runs/stable_gate_ebpf+app_latency_c2_r2_20261004T111516/meta.json,results/objective-aware-2026-10-04/raw/objective/runs/stable_gate_ebpf+app_latency_c2_r2_20261004T111516/meta.json
objective-aware-2026-10-04,raw/objective/runs/stable_gate_ebpf+app_latency_c2_r2_20261004T111516/requests.csv,results/objective-aware-2026-10-04/raw/objective/runs/stable_gate_ebpf+app_latency_c2_r2_20261004T111516/requests.csv
objective-aware-2026-10-04,raw/objective/runs/stable_gate_ebpf+app_latency_c2_r2_20261004T111516/series.csv,results/objective-aware-2026-10-04/raw/objective/runs/stable_gate_ebpf+app_latency_c2_r2_20261004T111516/series.csv
objective-aware-2026-10-04,raw/objective/runs/stable_gate_ebpf+app_latency_c2_r3_20261004T113254/README.md,results/objective-aware-2026-10-04/raw/objective/runs/stable_gate_ebpf+app_latency_c2_r3_20261004T113254/README.md
objective-aware-2026-10-04,raw/objective/runs/stable_gate_ebpf+app_latency_c2_r3_20261004T113254/decisions.json,results/objective-aware-2026-10-04/raw/objective/runs/stable_gate_ebpf+app_latency_c2_r3_20261004T113254/decisions.json
objective-aware-2026-10-04,raw/objective/runs/stable_gate_ebpf+app_latency_c2_r3_20261004T113254/faults.csv,results/objective-aware-2026-10-04/raw/objective/runs/stable_gate_ebpf+app_latency_c2_r3_20261004T113254/faults.csv
objective-aware-2026-10-04,raw/objective/runs/stable_gate_ebpf+app_latency_c2_r3_20261004T113254/meta.json,results/objective-aware-2026-10-04/raw/objective/runs/stable_gate_ebpf+app_latency_c2_r3_20261004T113254/meta.json
objective-aware-2026-10-04,raw/objective/runs/stable_gate_ebpf+app_latency_c2_r3_20261004T113254/requests.csv,results/objective-aware-2026-10-04/raw/objective/runs/stable_gate_ebpf+app_latency_c2_r3_20261004T113254/requests.csv
objective-aware-2026-10-04,raw/objective/runs/stable_gate_ebpf+app_latency_c2_r3_20261004T113254/series.csv,results/objective-aware-2026-10-04/raw/objective/runs/stable_gate_ebpf+app_latency_c2_r3_20261004T113254/series.csv
objective-aware-2026-10-04,raw/objective/runs/stable_gate_ebpf+app_throughput_c1_r1_20261004T110838/README.md,results/objective-aware-2026-10-04/raw/objective/runs/stable_gate_ebpf+app_throughput_c1_r1_20261004T110838/README.md
objective-aware-2026-10-04,raw/objective/runs/stable_gate_ebpf+app_throughput_c1_r1_20261004T110838/decisions.json,results/objective-aware-2026-10-04/raw/objective/runs/stable_gate_ebpf+app_throughput_c1_r1_20261004T110838/decisions.json
objective-aware-2026-10-04,raw/objective/runs/stable_gate_ebpf+app_throughput_c1_r1_20261004T110838/faults.csv,results/objective-aware-2026-10-04/raw/objective/runs/stable_gate_ebpf+app_throughput_c1_r1_20261004T110838/faults.csv
objective-aware-2026-10-04,raw/objective/runs/stable_gate_ebpf+app_throughput_c1_r1_20261004T110838/meta.json,results/objective-aware-2026-10-04/raw/objective/runs/stable_gate_ebpf+app_throughput_c1_r1_20261004T110838/meta.json
objective-aware-2026-10-04,raw/objective/runs/stable_gate_ebpf+app_throughput_c1_r1_20261004T110838/requests.csv,results/objective-aware-2026-10-04/raw/objective/runs/stable_gate_ebpf+app_throughput_c1_r1_20261004T110838/requests.csv
objective-aware-2026-10-04,raw/objective/runs/stable_gate_ebpf+app_throughput_c1_r1_20261004T110838/series.csv,results/objective-aware-2026-10-04/raw/objective/runs/stable_gate_ebpf+app_throughput_c1_r1_20261004T110838/series.csv
objective-aware-2026-10-04,raw/objective/runs/stable_gate_ebpf+app_throughput_c1_r2_20261004T111904/README.md,results/objective-aware-2026-10-04/raw/objective/runs/stable_gate_ebpf+app_throughput_c1_r2_20261004T111904/README.md
objective-aware-2026-10-04,raw/objective/runs/stable_gate_ebpf+app_throughput_c1_r2_20261004T111904/decisions.json,results/objective-aware-2026-10-04/raw/objective/runs/stable_gate_ebpf+app_throughput_c1_r2_20261004T111904/decisions.json
objective-aware-2026-10-04,raw/objective/runs/stable_gate_ebpf+app_throughput_c1_r2_20261004T111904/faults.csv,results/objective-aware-2026-10-04/raw/objective/runs/stable_gate_ebpf+app_throughput_c1_r2_20261004T111904/faults.csv
objective-aware-2026-10-04,raw/objective/runs/stable_gate_ebpf+app_throughput_c1_r2_20261004T111904/meta.json,results/objective-aware-2026-10-04/raw/objective/runs/stable_gate_ebpf+app_throughput_c1_r2_20261004T111904/meta.json
objective-aware-2026-10-04,raw/objective/runs/stable_gate_ebpf+app_throughput_c1_r2_20261004T111904/requests.csv,results/objective-aware-2026-10-04/raw/objective/runs/stable_gate_ebpf+app_throughput_c1_r2_20261004T111904/requests.csv
objective-aware-2026-10-04,raw/objective/runs/stable_gate_ebpf+app_throughput_c1_r2_20261004T111904/series.csv,results/objective-aware-2026-10-04/raw/objective/runs/stable_gate_ebpf+app_throughput_c1_r2_20261004T111904/series.csv
objective-aware-2026-10-04,raw/objective/runs/stable_gate_ebpf+app_throughput_c1_r3_20261004T112750/README.md,results/objective-aware-2026-10-04/raw/objective/runs/stable_gate_ebpf+app_throughput_c1_r3_20261004T112750/README.md
objective-aware-2026-10-04,raw/objective/runs/stable_gate_ebpf+app_throughput_c1_r3_20261004T112750/decisions.json,results/objective-aware-2026-10-04/raw/objective/runs/stable_gate_ebpf+app_throughput_c1_r3_20261004T112750/decisions.json
objective-aware-2026-10-04,raw/objective/runs/stable_gate_ebpf+app_throughput_c1_r3_20261004T112750/faults.csv,results/objective-aware-2026-10-04/raw/objective/runs/stable_gate_ebpf+app_throughput_c1_r3_20261004T112750/faults.csv
objective-aware-2026-10-04,raw/objective/runs/stable_gate_ebpf+app_throughput_c1_r3_20261004T112750/meta.json,results/objective-aware-2026-10-04/raw/objective/runs/stable_gate_ebpf+app_throughput_c1_r3_20261004T112750/meta.json
objective-aware-2026-10-04,raw/objective/runs/stable_gate_ebpf+app_throughput_c1_r3_20261004T112750/requests.csv,results/objective-aware-2026-10-04/raw/objective/runs/stable_gate_ebpf+app_throughput_c1_r3_20261004T112750/requests.csv
objective-aware-2026-10-04,raw/objective/runs/stable_gate_ebpf+app_throughput_c1_r3_20261004T112750/series.csv,results/objective-aware-2026-10-04/raw/objective/runs/stable_gate_ebpf+app_throughput_c1_r3_20261004T112750/series.csv
objective-aware-2026-10-04,raw/objective/runs/stable_gate_ebpf+app_throughput_c2_r1_20261004T113024/README.md,results/objective-aware-2026-10-04/raw/objective/runs/stable_gate_ebpf+app_throughput_c2_r1_20261004T113024/README.md
objective-aware-2026-10-04,raw/objective/runs/stable_gate_ebpf+app_throughput_c2_r1_20261004T113024/decisions.json,results/objective-aware-2026-10-04/raw/objective/runs/stable_gate_ebpf+app_throughput_c2_r1_20261004T113024/decisions.json
objective-aware-2026-10-04,raw/objective/runs/stable_gate_ebpf+app_throughput_c2_r1_20261004T113024/faults.csv,results/objective-aware-2026-10-04/raw/objective/runs/stable_gate_ebpf+app_throughput_c2_r1_20261004T113024/faults.csv
objective-aware-2026-10-04,raw/objective/runs/stable_gate_ebpf+app_throughput_c2_r1_20261004T113024/meta.json,results/objective-aware-2026-10-04/raw/objective/runs/stable_gate_ebpf+app_throughput_c2_r1_20261004T113024/meta.json
objective-aware-2026-10-04,raw/objective/runs/stable_gate_ebpf+app_throughput_c2_r1_20261004T113024/requests.csv,results/objective-aware-2026-10-04/raw/objective/runs/stable_gate_ebpf+app_throughput_c2_r1_20261004T113024/requests.csv
objective-aware-2026-10-04,raw/objective/runs/stable_gate_ebpf+app_throughput_c2_r1_20261004T113024/series.csv,results/objective-aware-2026-10-04/raw/objective/runs/stable_gate_ebpf+app_throughput_c2_r1_20261004T113024/series.csv
objective-aware-2026-10-04,raw/objective/runs/stable_gate_ebpf+app_throughput_c2_r2_20261004T112135/README.md,results/objective-aware-2026-10-04/raw/objective/runs/stable_gate_ebpf+app_throughput_c2_r2_20261004T112135/README.md
objective-aware-2026-10-04,raw/objective/runs/stable_gate_ebpf+app_throughput_c2_r2_20261004T112135/decisions.json,results/objective-aware-2026-10-04/raw/objective/runs/stable_gate_ebpf+app_throughput_c2_r2_20261004T112135/decisions.json
objective-aware-2026-10-04,raw/objective/runs/stable_gate_ebpf+app_throughput_c2_r2_20261004T112135/faults.csv,results/objective-aware-2026-10-04/raw/objective/runs/stable_gate_ebpf+app_throughput_c2_r2_20261004T112135/faults.csv
objective-aware-2026-10-04,raw/objective/runs/stable_gate_ebpf+app_throughput_c2_r2_20261004T112135/meta.json,results/objective-aware-2026-10-04/raw/objective/runs/stable_gate_ebpf+app_throughput_c2_r2_20261004T112135/meta.json
objective-aware-2026-10-04,raw/objective/runs/stable_gate_ebpf+app_throughput_c2_r2_20261004T112135/requests.csv,results/objective-aware-2026-10-04/raw/objective/runs/stable_gate_ebpf+app_throughput_c2_r2_20261004T112135/requests.csv
objective-aware-2026-10-04,raw/objective/runs/stable_gate_ebpf+app_throughput_c2_r2_20261004T112135/series.csv,results/objective-aware-2026-10-04/raw/objective/runs/stable_gate_ebpf+app_throughput_c2_r2_20261004T112135/series.csv
objective-aware-2026-10-04,raw/objective/runs/stable_gate_ebpf+app_throughput_c2_r3_20261004T112404/README.md,results/objective-aware-2026-10-04/raw/objective/runs/stable_gate_ebpf+app_throughput_c2_r3_20261004T112404/README.md
objective-aware-2026-10-04,raw/objective/runs/stable_gate_ebpf+app_throughput_c2_r3_20261004T112404/decisions.json,results/objective-aware-2026-10-04/raw/objective/runs/stable_gate_ebpf+app_throughput_c2_r3_20261004T112404/decisions.json
objective-aware-2026-10-04,raw/objective/runs/stable_gate_ebpf+app_throughput_c2_r3_20261004T112404/faults.csv,results/objective-aware-2026-10-04/raw/objective/runs/stable_gate_ebpf+app_throughput_c2_r3_20261004T112404/faults.csv
objective-aware-2026-10-04,raw/objective/runs/stable_gate_ebpf+app_throughput_c2_r3_20261004T112404/meta.json,results/objective-aware-2026-10-04/raw/objective/runs/stable_gate_ebpf+app_throughput_c2_r3_20261004T112404/meta.json
objective-aware-2026-10-04,raw/objective/runs/stable_gate_ebpf+app_throughput_c2_r3_20261004T112404/requests.csv,results/objective-aware-2026-10-04/raw/objective/runs/stable_gate_ebpf+app_throughput_c2_r3_20261004T112404/requests.csv
objective-aware-2026-10-04,raw/objective/runs/stable_gate_ebpf+app_throughput_c2_r3_20261004T112404/series.csv,results/objective-aware-2026-10-04/raw/objective/runs/stable_gate_ebpf+app_throughput_c2_r3_20261004T112404/series.csv
objective-aware-2026-10-04,raw/objective/schedule.json,results/objective-aware-2026-10-04/raw/objective/schedule.json
objective-aware-2026-10-04,transfer-validation.json,results/objective-aware-2026-10-04/transfer-validation.json
paper-ablations-2026-10-04,EXPERIMENT.md,results/paper-ablations-2026-10-04/EXPERIMENT.md
paper-ablations-2026-10-04,INDEX.md,results/paper-ablations-2026-10-04/INDEX.md
paper-ablations-2026-10-04,README.md,docs/data/paper-ablations-2026-10-04/README.md
paper-ablations-2026-10-04,analyze.py,docs/data/paper-ablations-2026-10-04/analyze.py
paper-ablations-2026-10-04,calibration-results/README.md,docs/data/paper-ablations-2026-10-04/calibration-results/README.md
paper-ablations-2026-10-04,calibration-results/metadata.json,docs/data/paper-ablations-2026-10-04/calibration-results/metadata.json
paper-ablations-2026-10-04,calibration-results/paired-overhead.csv,docs/data/paper-ablations-2026-10-04/calibration-results/paired-overhead.csv
paper-ablations-2026-10-04,calibration-results/paired-overhead.json,docs/data/paper-ablations-2026-10-04/calibration-results/paired-overhead.json
paper-ablations-2026-10-04,calibration-results/requests.jsonl.gz,docs/data/paper-ablations-2026-10-04/calibration-results/requests.jsonl.gz
paper-ablations-2026-10-04,calibration-results/windows.json,docs/data/paper-ablations-2026-10-04/calibration-results/windows.json
paper-ablations-2026-10-04,calibration-results/worker-5-False.log,docs/data/paper-ablations-2026-10-04/calibration-results/worker-5-False.log
paper-ablations-2026-10-04,calibration-results/worker-5-True.log,docs/data/paper-ablations-2026-10-04/calibration-results/worker-5-True.log
paper-ablations-2026-10-04,calibration-results/worker-50-False.log,docs/data/paper-ablations-2026-10-04/calibration-results/worker-50-False.log
paper-ablations-2026-10-04,calibration-results/worker-50-True.log,docs/data/paper-ablations-2026-10-04/calibration-results/worker-50-True.log
paper-ablations-2026-10-04,calibration.py,docs/data/paper-ablations-2026-10-04/calibration.py
paper-ablations-2026-10-04,cost-model-ablation.pdf,docs/data/paper-ablations-2026-10-04/cost-model-ablation.pdf
paper-ablations-2026-10-04,cost-model-ablation.png,docs/data/paper-ablations-2026-10-04/cost-model-ablation.png
paper-ablations-2026-10-04,cost-model-ablation.svg,docs/data/paper-ablations-2026-10-04/cost-model-ablation.svg
paper-ablations-2026-10-04,decision-results/README.md,docs/data/paper-ablations-2026-10-04/decision-results/README.md
paper-ablations-2026-10-04,decision-results/cost-model-aggregate.csv,docs/data/paper-ablations-2026-10-04/decision-results/cost-model-aggregate.csv
paper-ablations-2026-10-04,decision-results/cost-model.csv,docs/data/paper-ablations-2026-10-04/decision-results/cost-model.csv
paper-ablations-2026-10-04,decision-results/metadata.json,docs/data/paper-ablations-2026-10-04/decision-results/metadata.json
paper-ablations-2026-10-04,decision-results/policy.csv,docs/data/paper-ablations-2026-10-04/decision-results/policy.csv
paper-ablations-2026-10-04,decision_sweep.go,docs/data/paper-ablations-2026-10-04/decision_sweep.go
paper-ablations-2026-10-04,gate-horizon-sensitivity.pdf,docs/data/paper-ablations-2026-10-04/gate-horizon-sensitivity.pdf
paper-ablations-2026-10-04,gate-horizon-sensitivity.png,docs/data/paper-ablations-2026-10-04/gate-horizon-sensitivity.png
paper-ablations-2026-10-04,gate-horizon-sensitivity.svg,docs/data/paper-ablations-2026-10-04/gate-horizon-sensitivity.svg
paper-ablations-2026-10-04,instrumentation-calibration.pdf,docs/data/paper-ablations-2026-10-04/instrumentation-calibration.pdf
paper-ablations-2026-10-04,instrumentation-calibration.png,docs/data/paper-ablations-2026-10-04/instrumentation-calibration.png
paper-ablations-2026-10-04,instrumentation-calibration.svg,docs/data/paper-ablations-2026-10-04/instrumentation-calibration.svg
paper-ablations-2026-10-04,queue-contamination.pdf,docs/data/paper-ablations-2026-10-04/queue-contamination.pdf
paper-ablations-2026-10-04,queue-contamination.png,docs/data/paper-ablations-2026-10-04/queue-contamination.png
paper-ablations-2026-10-04,queue-contamination.svg,docs/data/paper-ablations-2026-10-04/queue-contamination.svg
paper-ablations-2026-10-04,queue-results/README.md,docs/data/paper-ablations-2026-10-04/queue-results/README.md
paper-ablations-2026-10-04,queue-results/aggregate.csv,docs/data/paper-ablations-2026-10-04/queue-results/aggregate.csv
paper-ablations-2026-10-04,queue-results/aggregate.json,docs/data/paper-ablations-2026-10-04/queue-results/aggregate.json
paper-ablations-2026-10-04,queue-results/metadata.json,docs/data/paper-ablations-2026-10-04/queue-results/metadata.json
paper-ablations-2026-10-04,queue-results/paired-descriptive.csv,docs/data/paper-ablations-2026-10-04/queue-results/paired-descriptive.csv
paper-ablations-2026-10-04,queue-results/requests.jsonl.gz,docs/data/paper-ablations-2026-10-04/queue-results/requests.jsonl.gz
paper-ablations-2026-10-04,queue-results/windows.csv,docs/data/paper-ablations-2026-10-04/queue-results/windows.csv
paper-ablations-2026-10-04,queue-results/windows.json,docs/data/paper-ablations-2026-10-04/queue-results/windows.json
paper-ablations-2026-10-04,queue-results/worker-20ms.log,docs/data/paper-ablations-2026-10-04/queue-results/worker-20ms.log
paper-ablations-2026-10-04,queue-results/worker-50ms.log,docs/data/paper-ablations-2026-10-04/queue-results/worker-50ms.log
paper-ablations-2026-10-04,queue-results/worker-5ms.log,docs/data/paper-ablations-2026-10-04/queue-results/worker-5ms.log
paper-ablations-2026-10-04,queue_ablation.py,docs/data/paper-ablations-2026-10-04/queue_ablation.py
paper-ablations-2026-10-04,raw-data-manifest.json,docs/data/paper-ablations-2026-10-04/raw-data-manifest.json
partition-sweeps-2026-09,README.md,results/partition-sweeps-2026-09/README.md
partition-sweeps-2026-09,phase1/README.md,results/partition-sweeps-2026-09/phase1/README.md
partition-sweeps-2026-09,phase1/phase1-dpsweep-qwen28-2w-plm10.csv,docs/phase1-dpsweep-qwen28-2w-plm10.csv
partition-sweeps-2026-09,phase1/phase1-dpsweep-qwen28-2w-plm3.csv,docs/phase1-dpsweep-qwen28-2w-plm3.csv
partition-sweeps-2026-09,phase1/phase1-dpsweep-qwen28-2w-plm30.csv,docs/phase1-dpsweep-qwen28-2w-plm30.csv
partition-sweeps-2026-09,phase4/README.md,results/partition-sweeps-2026-09/phase4/README.md
partition-sweeps-2026-09,phase4/phase4-dpsweep-measured-ctx1024.csv,docs/phase4-dpsweep-measured-ctx1024.csv
partition-sweeps-2026-09,phase4/phase4-dpsweep-measured-ctx128.csv,docs/phase4-dpsweep-measured-ctx128.csv
partition-sweeps-2026-09,phase4/phase4-dpsweep-measured-ctx2048.csv,docs/phase4-dpsweep-measured-ctx2048.csv
partition-sweeps-2026-09,phase4/phase4-dpsweep-measured-ctx512.csv,docs/phase4-dpsweep-measured-ctx512.csv
partition-sweeps-2026-09,reports/README.md,results/partition-sweeps-2026-09/reports/README.md
partition-sweeps-2026-09,reports/phase0-findings.md,docs/phase0-findings.md
partition-sweeps-2026-09,reports/phase1-findings.md,docs/phase1-findings.md
partition-sweeps-2026-09,reports/phase4-partb-findings.md,docs/phase4-partb-findings.md
partition-sweeps-2026-09,reports/phase4-prelim-findings.md,docs/phase4-prelim-findings.md
product-direction-2026-10-04,EXPERIMENT.md,results/product-direction-2026-10-04/EXPERIMENT.md
product-direction-2026-10-04,INDEX.md,results/product-direction-2026-10-04/INDEX.md
product-direction-2026-10-04,README.md,docs/data/product-direction-2026-10-04/README.md
product-direction-2026-10-04,aggregate.csv,docs/data/product-direction-2026-10-04/aggregate.csv
product-direction-2026-10-04,aggregate.json,docs/data/product-direction-2026-10-04/aggregate.json
product-direction-2026-10-04,analyze_probe.py,docs/data/product-direction-2026-10-04/analyze_probe.py
product-direction-2026-10-04,fifo-baseline/README.md,docs/data/product-direction-2026-10-04/fifo-baseline/README.md
product-direction-2026-10-04,fifo-baseline/aggregate.csv,docs/data/product-direction-2026-10-04/fifo-baseline/aggregate.csv
product-direction-2026-10-04,fifo-baseline/aggregate.json,docs/data/product-direction-2026-10-04/fifo-baseline/aggregate.json
product-direction-2026-10-04,fifo-baseline/router-38803.log,docs/data/product-direction-2026-10-04/fifo-baseline/router-38803.log
product-direction-2026-10-04,fifo-baseline/router-44615.log,docs/data/product-direction-2026-10-04/fifo-baseline/router-44615.log
product-direction-2026-10-04,fifo-baseline/router-56421.log,docs/data/product-direction-2026-10-04/fifo-baseline/router-56421.log
product-direction-2026-10-04,fifo-baseline/runtime-probe-meta.json,docs/data/product-direction-2026-10-04/fifo-baseline/runtime-probe-meta.json
product-direction-2026-10-04,fifo-baseline/runtime-probe-requests.jsonl,docs/data/product-direction-2026-10-04/fifo-baseline/runtime-probe-requests.jsonl
product-direction-2026-10-04,fifo-baseline/runtime-probe-summary.csv,docs/data/product-direction-2026-10-04/fifo-baseline/runtime-probe-summary.csv
product-direction-2026-10-04,fifo-baseline/runtime-probe-summary.json,docs/data/product-direction-2026-10-04/fifo-baseline/runtime-probe-summary.json
product-direction-2026-10-04,fifo-baseline/server-38791.log,docs/data/product-direction-2026-10-04/fifo-baseline/server-38791.log
product-direction-2026-10-04,fifo-baseline/server-48539.log,docs/data/product-direction-2026-10-04/fifo-baseline/server-48539.log
product-direction-2026-10-04,fifo-baseline/server-51999.log,docs/data/product-direction-2026-10-04/fifo-baseline/server-51999.log
product-direction-2026-10-04,fifo-baseline/throughput.png,docs/data/product-direction-2026-10-04/fifo-baseline/throughput.png
product-direction-2026-10-04,fifo-baseline/throughput.svg,docs/data/product-direction-2026-10-04/fifo-baseline/throughput.svg
product-direction-2026-10-04,gate-margin-prediction.json,docs/data/product-direction-2026-10-04/gate-margin-prediction.json
product-direction-2026-10-04,router-33797.log,docs/data/product-direction-2026-10-04/router-33797.log
product-direction-2026-10-04,router-57587.log,docs/data/product-direction-2026-10-04/router-57587.log
product-direction-2026-10-04,router-57595.log,docs/data/product-direction-2026-10-04/router-57595.log
product-direction-2026-10-04,routing-baseline/README.md,docs/data/product-direction-2026-10-04/routing-baseline/README.md
product-direction-2026-10-04,routing-baseline/aggregate.csv,docs/data/product-direction-2026-10-04/routing-baseline/aggregate.csv
product-direction-2026-10-04,routing-baseline/aggregate.json,docs/data/product-direction-2026-10-04/routing-baseline/aggregate.json
product-direction-2026-10-04,routing-baseline/router-39757.log,docs/data/product-direction-2026-10-04/routing-baseline/router-39757.log
product-direction-2026-10-04,routing-baseline/router-48749.log,docs/data/product-direction-2026-10-04/routing-baseline/router-48749.log
product-direction-2026-10-04,routing-baseline/router-55663.log,docs/data/product-direction-2026-10-04/routing-baseline/router-55663.log
product-direction-2026-10-04,routing-baseline/runtime-probe-meta.json,docs/data/product-direction-2026-10-04/routing-baseline/runtime-probe-meta.json
product-direction-2026-10-04,routing-baseline/runtime-probe-requests.jsonl,docs/data/product-direction-2026-10-04/routing-baseline/runtime-probe-requests.jsonl
product-direction-2026-10-04,routing-baseline/runtime-probe-summary.csv,docs/data/product-direction-2026-10-04/routing-baseline/runtime-probe-summary.csv
product-direction-2026-10-04,routing-baseline/runtime-probe-summary.json,docs/data/product-direction-2026-10-04/routing-baseline/runtime-probe-summary.json
product-direction-2026-10-04,routing-baseline/server-48013.log,docs/data/product-direction-2026-10-04/routing-baseline/server-48013.log
product-direction-2026-10-04,routing-baseline/server-51731.log,docs/data/product-direction-2026-10-04/routing-baseline/server-51731.log
product-direction-2026-10-04,routing-baseline/server-54997.log,docs/data/product-direction-2026-10-04/routing-baseline/server-54997.log
product-direction-2026-10-04,routing-baseline/throughput.png,docs/data/product-direction-2026-10-04/routing-baseline/throughput.png
product-direction-2026-10-04,routing-baseline/throughput.svg,docs/data/product-direction-2026-10-04/routing-baseline/throughput.svg
product-direction-2026-10-04,routing-comparison.png,docs/data/product-direction-2026-10-04/routing-comparison.png
product-direction-2026-10-04,routing-comparison.svg,docs/data/product-direction-2026-10-04/routing-comparison.svg
product-direction-2026-10-04,runtime-probe-meta.json,docs/data/product-direction-2026-10-04/runtime-probe-meta.json
product-direction-2026-10-04,runtime-probe-requests.jsonl,docs/data/product-direction-2026-10-04/runtime-probe-requests.jsonl
product-direction-2026-10-04,runtime-probe-summary.csv,docs/data/product-direction-2026-10-04/runtime-probe-summary.csv
product-direction-2026-10-04,runtime-probe-summary.json,docs/data/product-direction-2026-10-04/runtime-probe-summary.json
product-direction-2026-10-04,runtime_probe.py,docs/data/product-direction-2026-10-04/runtime_probe.py
product-direction-2026-10-04,server-40035.log,docs/data/product-direction-2026-10-04/server-40035.log
product-direction-2026-10-04,server-55669.log,docs/data/product-direction-2026-10-04/server-55669.log
product-direction-2026-10-04,server-58541.log,docs/data/product-direction-2026-10-04/server-58541.log
product-direction-2026-10-04,source-provenance.json,docs/data/product-direction-2026-10-04/source-provenance.json
product-direction-2026-10-04,throughput.png,docs/data/product-direction-2026-10-04/throughput.png
product-direction-2026-10-04,throughput.svg,docs/data/product-direction-2026-10-04/throughput.svg
qwen3-validation,EXPERIMENT.md,results/qwen3-validation/EXPERIMENT.md
qwen3-validation,INDEX.md,results/qwen3-validation/INDEX.md
qwen3-validation,README.md,docs/data/qwen3-validation/README.md
qwen3-validation,end-to-end.txt,docs/data/qwen3-validation/end-to-end.txt
qwen3-validation,inprocess.txt,docs/data/qwen3-validation/inprocess.txt
qwen3-validation,qwen3-shard-validation.json,docs/data/qwen3-validation/qwen3-shard-validation.json
qwen3-validation,relayout.txt,docs/data/qwen3-validation/relayout.txt
standalone-e2e,EXPERIMENT.md,results/standalone-e2e/EXPERIMENT.md
standalone-e2e,INDEX.md,results/standalone-e2e/INDEX.md
standalone-e2e,README.md,docs/data/standalone-e2e/README.md
standalone-e2e,agents.log,docs/data/standalone-e2e/agents.log
standalone-e2e,controller.log,docs/data/standalone-e2e/controller.log
standalone-e2e,keinfer.json,docs/data/standalone-e2e/keinfer.json
thermal-2026-09-12,README.md,results/thermal-2026-09-12/README.md
thermal-2026-09-12,report.md,docs/thermal-benchmark-codespace-2026-09-12.md
